filename,relative_path,class,split
colonca1.jpeg,colon_aca/colonca1.jpeg,colon_aca,train
colonca10.jpeg,colon_aca/colonca10.jpeg,colon_aca,train
colonca100.jpeg,colon_aca/colonca100.jpeg,colon_aca,train
colonca1002.jpeg,colon_aca/colonca1002.jpeg,colon_aca,train
colonca1003.jpeg,colon_aca/colonca1003.jpeg,colon_aca,train
colonca1004.jpeg,colon_aca/colonca1004.jpeg,colon_aca,train
colonca1005.jpeg,colon_aca/colonca1005.jpeg,colon_aca,train
colonca1007.jpeg,colon_aca/colonca1007.jpeg,colon_aca,train
colonca1008.jpeg,colon_aca/colonca1008.jpeg,colon_aca,train
colonca1009.jpeg,colon_aca/colonca1009.jpeg,colon_aca,train
colonca1010.jpeg,colon_aca/colonca1010.jpeg,colon_aca,train
colonca1011.jpeg,colon_aca/colonca1011.jpeg,colon_aca,train
colonca1012.jpeg,colon_aca/colonca1012.jpeg,colon_aca,train
colonca1014.jpeg,colon_aca/colonca1014.jpeg,colon_aca,train
colonca1015.jpeg,colon_aca/colonca1015.jpeg,colon_aca,train
colonca1016.jpeg,colon_aca/colonca1016.jpeg,colon_aca,train
colonca1018.jpeg,colon_aca/colonca1018.jpeg,colon_aca,train
colonca1019.jpeg,colon_aca/colonca1019.jpeg,colon_aca,train
colonca102.jpeg,colon_aca/colonca102.jpeg,colon_aca,train
colonca1020.jpeg,colon_aca/colonca1020.jpeg,colon_aca,train
colonca1022.jpeg,colon_aca/colonca1022.jpeg,colon_aca,train
colonca1023.jpeg,colon_aca/colonca1023.jpeg,colon_aca,train
colonca1025.jpeg,colon_aca/colonca1025.jpeg,colon_aca,train
colonca1026.jpeg,colon_aca/colonca1026.jpeg,colon_aca,train
colonca1027.jpeg,colon_aca/colonca1027.jpeg,colon_aca,train
colonca1028.jpeg,colon_aca/colonca1028.jpeg,colon_aca,train
colonca1029.jpeg,colon_aca/colonca1029.jpeg,colon_aca,train
colonca103.jpeg,colon_aca/colonca103.jpeg,colon_aca,train
colonca1030.jpeg,colon_aca/colonca1030.jpeg,colon_aca,train
colonca1031.jpeg,colon_aca/colonca1031.jpeg,colon_aca,train
colonca1032.jpeg,colon_aca/colonca1032.jpeg,colon_aca,train
colonca1033.jpeg,colon_aca/colonca1033.jpeg,colon_aca,train
colonca1034.jpeg,colon_aca/colonca1034.jpeg,colon_aca,train
colonca1035.jpeg,colon_aca/colonca1035.jpeg,colon_aca,train
colonca1036.jpeg,colon_aca/colonca1036.jpeg,colon_aca,train
colonca1037.jpeg,colon_aca/colonca1037.jpeg,colon_aca,train
colonca1038.jpeg,colon_aca/colonca1038.jpeg,colon_aca,train
colonca104.jpeg,colon_aca/colonca104.jpeg,colon_aca,train
colonca1040.jpeg,colon_aca/colonca1040.jpeg,colon_aca,train
colonca1042.jpeg,colon_aca/colonca1042.jpeg,colon_aca,train
colonca1043.jpeg,colon_aca/colonca1043.jpeg,colon_aca,train
colonca1044.jpeg,colon_aca/colonca1044.jpeg,colon_aca,train
colonca1045.jpeg,colon_aca/colonca1045.jpeg,colon_aca,train
colonca1047.jpeg,colon_aca/colonca1047.jpeg,colon_aca,train
colonca1048.jpeg,colon_aca/colonca1048.jpeg,colon_aca,train
colonca1049.jpeg,colon_aca/colonca1049.jpeg,colon_aca,train
colonca105.jpeg,colon_aca/colonca105.jpeg,colon_aca,train
colonca1051.jpeg,colon_aca/colonca1051.jpeg,colon_aca,train
colonca1052.jpeg,colon_aca/colonca1052.jpeg,colon_aca,train
colonca1053.jpeg,colon_aca/colonca1053.jpeg,colon_aca,train
colonca1055.jpeg,colon_aca/colonca1055.jpeg,colon_aca,train
colonca1057.jpeg,colon_aca/colonca1057.jpeg,colon_aca,train
colonca1058.jpeg,colon_aca/colonca1058.jpeg,colon_aca,train
colonca1059.jpeg,colon_aca/colonca1059.jpeg,colon_aca,train
colonca106.jpeg,colon_aca/colonca106.jpeg,colon_aca,train
colonca1060.jpeg,colon_aca/colonca1060.jpeg,colon_aca,train
colonca1061.jpeg,colon_aca/colonca1061.jpeg,colon_aca,train
colonca1062.jpeg,colon_aca/colonca1062.jpeg,colon_aca,train
colonca1063.jpeg,colon_aca/colonca1063.jpeg,colon_aca,train
colonca1064.jpeg,colon_aca/colonca1064.jpeg,colon_aca,train
colonca1065.jpeg,colon_aca/colonca1065.jpeg,colon_aca,train
colonca1066.jpeg,colon_aca/colonca1066.jpeg,colon_aca,train
colonca1068.jpeg,colon_aca/colonca1068.jpeg,colon_aca,train
colonca1069.jpeg,colon_aca/colonca1069.jpeg,colon_aca,train
colonca1070.jpeg,colon_aca/colonca1070.jpeg,colon_aca,train
colonca1071.jpeg,colon_aca/colonca1071.jpeg,colon_aca,train
colonca1072.jpeg,colon_aca/colonca1072.jpeg,colon_aca,train
colonca1074.jpeg,colon_aca/colonca1074.jpeg,colon_aca,train
colonca1075.jpeg,colon_aca/colonca1075.jpeg,colon_aca,train
colonca1076.jpeg,colon_aca/colonca1076.jpeg,colon_aca,train
colonca1077.jpeg,colon_aca/colonca1077.jpeg,colon_aca,train
colonca1078.jpeg,colon_aca/colonca1078.jpeg,colon_aca,train
colonca1079.jpeg,colon_aca/colonca1079.jpeg,colon_aca,train
colonca108.jpeg,colon_aca/colonca108.jpeg,colon_aca,train
colonca1080.jpeg,colon_aca/colonca1080.jpeg,colon_aca,train
colonca1081.jpeg,colon_aca/colonca1081.jpeg,colon_aca,train
colonca1082.jpeg,colon_aca/colonca1082.jpeg,colon_aca,train
colonca1084.jpeg,colon_aca/colonca1084.jpeg,colon_aca,train
colonca1085.jpeg,colon_aca/colonca1085.jpeg,colon_aca,train
colonca1086.jpeg,colon_aca/colonca1086.jpeg,colon_aca,train
colonca1087.jpeg,colon_aca/colonca1087.jpeg,colon_aca,train
colonca1088.jpeg,colon_aca/colonca1088.jpeg,colon_aca,train
colonca109.jpeg,colon_aca/colonca109.jpeg,colon_aca,train
colonca1090.jpeg,colon_aca/colonca1090.jpeg,colon_aca,train
colonca1092.jpeg,colon_aca/colonca1092.jpeg,colon_aca,train
colonca1093.jpeg,colon_aca/colonca1093.jpeg,colon_aca,train
colonca1094.jpeg,colon_aca/colonca1094.jpeg,colon_aca,train
colonca1095.jpeg,colon_aca/colonca1095.jpeg,colon_aca,train
colonca1096.jpeg,colon_aca/colonca1096.jpeg,colon_aca,train
colonca1097.jpeg,colon_aca/colonca1097.jpeg,colon_aca,train
colonca1098.jpeg,colon_aca/colonca1098.jpeg,colon_aca,train
colonca1099.jpeg,colon_aca/colonca1099.jpeg,colon_aca,train
colonca110.jpeg,colon_aca/colonca110.jpeg,colon_aca,train
colonca1100.jpeg,colon_aca/colonca1100.jpeg,colon_aca,train
colonca1102.jpeg,colon_aca/colonca1102.jpeg,colon_aca,train
colonca1103.jpeg,colon_aca/colonca1103.jpeg,colon_aca,train
colonca1105.jpeg,colon_aca/colonca1105.jpeg,colon_aca,train
colonca1107.jpeg,colon_aca/colonca1107.jpeg,colon_aca,train
colonca1108.jpeg,colon_aca/colonca1108.jpeg,colon_aca,train
colonca1109.jpeg,colon_aca/colonca1109.jpeg,colon_aca,train
colonca111.jpeg,colon_aca/colonca111.jpeg,colon_aca,train
colonca1110.jpeg,colon_aca/colonca1110.jpeg,colon_aca,train
colonca1111.jpeg,colon_aca/colonca1111.jpeg,colon_aca,train
colonca1112.jpeg,colon_aca/colonca1112.jpeg,colon_aca,train
colonca1113.jpeg,colon_aca/colonca1113.jpeg,colon_aca,train
colonca1114.jpeg,colon_aca/colonca1114.jpeg,colon_aca,train
colonca1115.jpeg,colon_aca/colonca1115.jpeg,colon_aca,train
colonca1116.jpeg,colon_aca/colonca1116.jpeg,colon_aca,train
colonca1117.jpeg,colon_aca/colonca1117.jpeg,colon_aca,train
colonca1118.jpeg,colon_aca/colonca1118.jpeg,colon_aca,train
colonca1119.jpeg,colon_aca/colonca1119.jpeg,colon_aca,train
colonca112.jpeg,colon_aca/colonca112.jpeg,colon_aca,train
colonca1120.jpeg,colon_aca/colonca1120.jpeg,colon_aca,train
colonca1121.jpeg,colon_aca/colonca1121.jpeg,colon_aca,train
colonca1122.jpeg,colon_aca/colonca1122.jpeg,colon_aca,train
colonca1123.jpeg,colon_aca/colonca1123.jpeg,colon_aca,train
colonca1124.jpeg,colon_aca/colonca1124.jpeg,colon_aca,train
colonca1126.jpeg,colon_aca/colonca1126.jpeg,colon_aca,train
colonca1127.jpeg,colon_aca/colonca1127.jpeg,colon_aca,train
colonca1128.jpeg,colon_aca/colonca1128.jpeg,colon_aca,train
colonca1129.jpeg,colon_aca/colonca1129.jpeg,colon_aca,train
colonca113.jpeg,colon_aca/colonca113.jpeg,colon_aca,train
colonca1131.jpeg,colon_aca/colonca1131.jpeg,colon_aca,train
colonca1132.jpeg,colon_aca/colonca1132.jpeg,colon_aca,train
colonca1133.jpeg,colon_aca/colonca1133.jpeg,colon_aca,train
colonca1135.jpeg,colon_aca/colonca1135.jpeg,colon_aca,train
colonca1136.jpeg,colon_aca/colonca1136.jpeg,colon_aca,train
colonca1137.jpeg,colon_aca/colonca1137.jpeg,colon_aca,train
colonca1138.jpeg,colon_aca/colonca1138.jpeg,colon_aca,train
colonca1139.jpeg,colon_aca/colonca1139.jpeg,colon_aca,train
colonca114.jpeg,colon_aca/colonca114.jpeg,colon_aca,train
colonca1143.jpeg,colon_aca/colonca1143.jpeg,colon_aca,train
colonca1144.jpeg,colon_aca/colonca1144.jpeg,colon_aca,train
colonca1145.jpeg,colon_aca/colonca1145.jpeg,colon_aca,train
colonca1146.jpeg,colon_aca/colonca1146.jpeg,colon_aca,train
colonca1147.jpeg,colon_aca/colonca1147.jpeg,colon_aca,train
colonca1149.jpeg,colon_aca/colonca1149.jpeg,colon_aca,train
colonca115.jpeg,colon_aca/colonca115.jpeg,colon_aca,train
colonca1151.jpeg,colon_aca/colonca1151.jpeg,colon_aca,train
colonca1152.jpeg,colon_aca/colonca1152.jpeg,colon_aca,train
colonca1154.jpeg,colon_aca/colonca1154.jpeg,colon_aca,train
colonca1155.jpeg,colon_aca/colonca1155.jpeg,colon_aca,train
colonca1156.jpeg,colon_aca/colonca1156.jpeg,colon_aca,train
colonca1157.jpeg,colon_aca/colonca1157.jpeg,colon_aca,train
colonca1158.jpeg,colon_aca/colonca1158.jpeg,colon_aca,train
colonca1159.jpeg,colon_aca/colonca1159.jpeg,colon_aca,train
colonca116.jpeg,colon_aca/colonca116.jpeg,colon_aca,train
colonca1160.jpeg,colon_aca/colonca1160.jpeg,colon_aca,train
colonca1161.jpeg,colon_aca/colonca1161.jpeg,colon_aca,train
colonca1162.jpeg,colon_aca/colonca1162.jpeg,colon_aca,train
colonca1163.jpeg,colon_aca/colonca1163.jpeg,colon_aca,train
colonca1164.jpeg,colon_aca/colonca1164.jpeg,colon_aca,train
colonca1165.jpeg,colon_aca/colonca1165.jpeg,colon_aca,train
colonca1166.jpeg,colon_aca/colonca1166.jpeg,colon_aca,train
colonca1167.jpeg,colon_aca/colonca1167.jpeg,colon_aca,train
colonca1169.jpeg,colon_aca/colonca1169.jpeg,colon_aca,train
colonca117.jpeg,colon_aca/colonca117.jpeg,colon_aca,train
colonca1170.jpeg,colon_aca/colonca1170.jpeg,colon_aca,train
colonca1171.jpeg,colon_aca/colonca1171.jpeg,colon_aca,train
colonca1173.jpeg,colon_aca/colonca1173.jpeg,colon_aca,train
colonca1174.jpeg,colon_aca/colonca1174.jpeg,colon_aca,train
colonca1175.jpeg,colon_aca/colonca1175.jpeg,colon_aca,train
colonca1176.jpeg,colon_aca/colonca1176.jpeg,colon_aca,train
colonca1177.jpeg,colon_aca/colonca1177.jpeg,colon_aca,train
colonca1178.jpeg,colon_aca/colonca1178.jpeg,colon_aca,train
colonca118.jpeg,colon_aca/colonca118.jpeg,colon_aca,train
colonca1180.jpeg,colon_aca/colonca1180.jpeg,colon_aca,train
colonca1183.jpeg,colon_aca/colonca1183.jpeg,colon_aca,train
colonca1184.jpeg,colon_aca/colonca1184.jpeg,colon_aca,train
colonca1185.jpeg,colon_aca/colonca1185.jpeg,colon_aca,train
colonca1186.jpeg,colon_aca/colonca1186.jpeg,colon_aca,train
colonca1187.jpeg,colon_aca/colonca1187.jpeg,colon_aca,train
colonca119.jpeg,colon_aca/colonca119.jpeg,colon_aca,train
colonca1190.jpeg,colon_aca/colonca1190.jpeg,colon_aca,train
colonca1191.jpeg,colon_aca/colonca1191.jpeg,colon_aca,train
colonca1192.jpeg,colon_aca/colonca1192.jpeg,colon_aca,train
colonca1193.jpeg,colon_aca/colonca1193.jpeg,colon_aca,train
colonca1195.jpeg,colon_aca/colonca1195.jpeg,colon_aca,train
colonca1196.jpeg,colon_aca/colonca1196.jpeg,colon_aca,train
colonca1198.jpeg,colon_aca/colonca1198.jpeg,colon_aca,train
colonca12.jpeg,colon_aca/colonca12.jpeg,colon_aca,train
colonca120.jpeg,colon_aca/colonca120.jpeg,colon_aca,train
colonca1200.jpeg,colon_aca/colonca1200.jpeg,colon_aca,train
colonca1202.jpeg,colon_aca/colonca1202.jpeg,colon_aca,train
colonca1203.jpeg,colon_aca/colonca1203.jpeg,colon_aca,train
colonca1205.jpeg,colon_aca/colonca1205.jpeg,colon_aca,train
colonca1206.jpeg,colon_aca/colonca1206.jpeg,colon_aca,train
colonca1207.jpeg,colon_aca/colonca1207.jpeg,colon_aca,train
colonca1208.jpeg,colon_aca/colonca1208.jpeg,colon_aca,train
colonca1209.jpeg,colon_aca/colonca1209.jpeg,colon_aca,train
colonca1212.jpeg,colon_aca/colonca1212.jpeg,colon_aca,train
colonca1213.jpeg,colon_aca/colonca1213.jpeg,colon_aca,train
colonca1214.jpeg,colon_aca/colonca1214.jpeg,colon_aca,train
colonca1215.jpeg,colon_aca/colonca1215.jpeg,colon_aca,train
colonca1216.jpeg,colon_aca/colonca1216.jpeg,colon_aca,train
colonca1217.jpeg,colon_aca/colonca1217.jpeg,colon_aca,train
colonca1219.jpeg,colon_aca/colonca1219.jpeg,colon_aca,train
colonca122.jpeg,colon_aca/colonca122.jpeg,colon_aca,train
colonca1220.jpeg,colon_aca/colonca1220.jpeg,colon_aca,train
colonca1221.jpeg,colon_aca/colonca1221.jpeg,colon_aca,train
colonca1222.jpeg,colon_aca/colonca1222.jpeg,colon_aca,train
colonca1223.jpeg,colon_aca/colonca1223.jpeg,colon_aca,train
colonca1224.jpeg,colon_aca/colonca1224.jpeg,colon_aca,train
colonca1225.jpeg,colon_aca/colonca1225.jpeg,colon_aca,train
colonca1226.jpeg,colon_aca/colonca1226.jpeg,colon_aca,train
colonca1228.jpeg,colon_aca/colonca1228.jpeg,colon_aca,train
colonca1229.jpeg,colon_aca/colonca1229.jpeg,colon_aca,train
colonca1230.jpeg,colon_aca/colonca1230.jpeg,colon_aca,train
colonca1231.jpeg,colon_aca/colonca1231.jpeg,colon_aca,train
colonca1233.jpeg,colon_aca/colonca1233.jpeg,colon_aca,train
colonca1235.jpeg,colon_aca/colonca1235.jpeg,colon_aca,train
colonca1236.jpeg,colon_aca/colonca1236.jpeg,colon_aca,train
colonca1237.jpeg,colon_aca/colonca1237.jpeg,colon_aca,train
colonca1238.jpeg,colon_aca/colonca1238.jpeg,colon_aca,train
colonca124.jpeg,colon_aca/colonca124.jpeg,colon_aca,train
colonca1240.jpeg,colon_aca/colonca1240.jpeg,colon_aca,train
colonca1241.jpeg,colon_aca/colonca1241.jpeg,colon_aca,train
colonca1242.jpeg,colon_aca/colonca1242.jpeg,colon_aca,train
colonca1243.jpeg,colon_aca/colonca1243.jpeg,colon_aca,train
colonca1244.jpeg,colon_aca/colonca1244.jpeg,colon_aca,train
colonca1245.jpeg,colon_aca/colonca1245.jpeg,colon_aca,train
colonca1246.jpeg,colon_aca/colonca1246.jpeg,colon_aca,train
colonca1247.jpeg,colon_aca/colonca1247.jpeg,colon_aca,train
colonca1248.jpeg,colon_aca/colonca1248.jpeg,colon_aca,train
colonca1249.jpeg,colon_aca/colonca1249.jpeg,colon_aca,train
colonca125.jpeg,colon_aca/colonca125.jpeg,colon_aca,train
colonca1251.jpeg,colon_aca/colonca1251.jpeg,colon_aca,train
colonca1252.jpeg,colon_aca/colonca1252.jpeg,colon_aca,train
colonca1253.jpeg,colon_aca/colonca1253.jpeg,colon_aca,train
colonca1254.jpeg,colon_aca/colonca1254.jpeg,colon_aca,train
colonca1255.jpeg,colon_aca/colonca1255.jpeg,colon_aca,train
colonca1256.jpeg,colon_aca/colonca1256.jpeg,colon_aca,train
colonca1257.jpeg,colon_aca/colonca1257.jpeg,colon_aca,train
colonca1258.jpeg,colon_aca/colonca1258.jpeg,colon_aca,train
colonca1259.jpeg,colon_aca/colonca1259.jpeg,colon_aca,train
colonca126.jpeg,colon_aca/colonca126.jpeg,colon_aca,train
colonca1260.jpeg,colon_aca/colonca1260.jpeg,colon_aca,train
colonca1261.jpeg,colon_aca/colonca1261.jpeg,colon_aca,train
colonca1262.jpeg,colon_aca/colonca1262.jpeg,colon_aca,train
colonca1263.jpeg,colon_aca/colonca1263.jpeg,colon_aca,train
colonca1265.jpeg,colon_aca/colonca1265.jpeg,colon_aca,train
colonca1266.jpeg,colon_aca/colonca1266.jpeg,colon_aca,train
colonca1267.jpeg,colon_aca/colonca1267.jpeg,colon_aca,train
colonca1268.jpeg,colon_aca/colonca1268.jpeg,colon_aca,train
colonca127.jpeg,colon_aca/colonca127.jpeg,colon_aca,train
colonca1270.jpeg,colon_aca/colonca1270.jpeg,colon_aca,train
colonca1271.jpeg,colon_aca/colonca1271.jpeg,colon_aca,train
colonca1272.jpeg,colon_aca/colonca1272.jpeg,colon_aca,train
colonca1273.jpeg,colon_aca/colonca1273.jpeg,colon_aca,train
colonca1275.jpeg,colon_aca/colonca1275.jpeg,colon_aca,train
colonca1276.jpeg,colon_aca/colonca1276.jpeg,colon_aca,train
colonca1277.jpeg,colon_aca/colonca1277.jpeg,colon_aca,train
colonca1278.jpeg,colon_aca/colonca1278.jpeg,colon_aca,train
colonca1279.jpeg,colon_aca/colonca1279.jpeg,colon_aca,train
colonca128.jpeg,colon_aca/colonca128.jpeg,colon_aca,train
colonca1281.jpeg,colon_aca/colonca1281.jpeg,colon_aca,train
colonca1282.jpeg,colon_aca/colonca1282.jpeg,colon_aca,train
colonca1283.jpeg,colon_aca/colonca1283.jpeg,colon_aca,train
colonca1285.jpeg,colon_aca/colonca1285.jpeg,colon_aca,train
colonca1286.jpeg,colon_aca/colonca1286.jpeg,colon_aca,train
colonca1287.jpeg,colon_aca/colonca1287.jpeg,colon_aca,train
colonca1288.jpeg,colon_aca/colonca1288.jpeg,colon_aca,train
colonca1289.jpeg,colon_aca/colonca1289.jpeg,colon_aca,train
colonca129.jpeg,colon_aca/colonca129.jpeg,colon_aca,train
colonca1290.jpeg,colon_aca/colonca1290.jpeg,colon_aca,train
colonca1293.jpeg,colon_aca/colonca1293.jpeg,colon_aca,train
colonca1296.jpeg,colon_aca/colonca1296.jpeg,colon_aca,train
colonca1297.jpeg,colon_aca/colonca1297.jpeg,colon_aca,train
colonca1298.jpeg,colon_aca/colonca1298.jpeg,colon_aca,train
colonca1299.jpeg,colon_aca/colonca1299.jpeg,colon_aca,train
colonca13.jpeg,colon_aca/colonca13.jpeg,colon_aca,train
colonca130.jpeg,colon_aca/colonca130.jpeg,colon_aca,train
colonca1301.jpeg,colon_aca/colonca1301.jpeg,colon_aca,train
colonca1302.jpeg,colon_aca/colonca1302.jpeg,colon_aca,train
colonca1303.jpeg,colon_aca/colonca1303.jpeg,colon_aca,train
colonca1304.jpeg,colon_aca/colonca1304.jpeg,colon_aca,train
colonca1305.jpeg,colon_aca/colonca1305.jpeg,colon_aca,train
colonca1307.jpeg,colon_aca/colonca1307.jpeg,colon_aca,train
colonca1308.jpeg,colon_aca/colonca1308.jpeg,colon_aca,train
colonca1309.jpeg,colon_aca/colonca1309.jpeg,colon_aca,train
colonca131.jpeg,colon_aca/colonca131.jpeg,colon_aca,train
colonca1310.jpeg,colon_aca/colonca1310.jpeg,colon_aca,train
colonca1311.jpeg,colon_aca/colonca1311.jpeg,colon_aca,train
colonca1312.jpeg,colon_aca/colonca1312.jpeg,colon_aca,train
colonca1313.jpeg,colon_aca/colonca1313.jpeg,colon_aca,train
colonca1314.jpeg,colon_aca/colonca1314.jpeg,colon_aca,train
colonca1315.jpeg,colon_aca/colonca1315.jpeg,colon_aca,train
colonca1316.jpeg,colon_aca/colonca1316.jpeg,colon_aca,train
colonca1317.jpeg,colon_aca/colonca1317.jpeg,colon_aca,train
colonca1319.jpeg,colon_aca/colonca1319.jpeg,colon_aca,train
colonca1320.jpeg,colon_aca/colonca1320.jpeg,colon_aca,train
colonca1321.jpeg,colon_aca/colonca1321.jpeg,colon_aca,train
colonca1322.jpeg,colon_aca/colonca1322.jpeg,colon_aca,train
colonca1324.jpeg,colon_aca/colonca1324.jpeg,colon_aca,train
colonca1326.jpeg,colon_aca/colonca1326.jpeg,colon_aca,train
colonca1327.jpeg,colon_aca/colonca1327.jpeg,colon_aca,train
colonca1328.jpeg,colon_aca/colonca1328.jpeg,colon_aca,train
colonca1329.jpeg,colon_aca/colonca1329.jpeg,colon_aca,train
colonca133.jpeg,colon_aca/colonca133.jpeg,colon_aca,train
colonca1330.jpeg,colon_aca/colonca1330.jpeg,colon_aca,train
colonca1332.jpeg,colon_aca/colonca1332.jpeg,colon_aca,train
colonca1334.jpeg,colon_aca/colonca1334.jpeg,colon_aca,train
colonca1335.jpeg,colon_aca/colonca1335.jpeg,colon_aca,train
colonca1337.jpeg,colon_aca/colonca1337.jpeg,colon_aca,train
colonca1338.jpeg,colon_aca/colonca1338.jpeg,colon_aca,train
colonca134.jpeg,colon_aca/colonca134.jpeg,colon_aca,train
colonca1340.jpeg,colon_aca/colonca1340.jpeg,colon_aca,train
colonca1341.jpeg,colon_aca/colonca1341.jpeg,colon_aca,train
colonca1342.jpeg,colon_aca/colonca1342.jpeg,colon_aca,train
colonca1343.jpeg,colon_aca/colonca1343.jpeg,colon_aca,train
colonca1344.jpeg,colon_aca/colonca1344.jpeg,colon_aca,train
colonca1346.jpeg,colon_aca/colonca1346.jpeg,colon_aca,train
colonca1347.jpeg,colon_aca/colonca1347.jpeg,colon_aca,train
colonca1348.jpeg,colon_aca/colonca1348.jpeg,colon_aca,train
colonca1349.jpeg,colon_aca/colonca1349.jpeg,colon_aca,train
colonca135.jpeg,colon_aca/colonca135.jpeg,colon_aca,train
colonca1350.jpeg,colon_aca/colonca1350.jpeg,colon_aca,train
colonca1351.jpeg,colon_aca/colonca1351.jpeg,colon_aca,train
colonca1352.jpeg,colon_aca/colonca1352.jpeg,colon_aca,train
colonca1353.jpeg,colon_aca/colonca1353.jpeg,colon_aca,train
colonca1354.jpeg,colon_aca/colonca1354.jpeg,colon_aca,train
colonca1355.jpeg,colon_aca/colonca1355.jpeg,colon_aca,train
colonca1356.jpeg,colon_aca/colonca1356.jpeg,colon_aca,train
colonca1357.jpeg,colon_aca/colonca1357.jpeg,colon_aca,train
colonca1358.jpeg,colon_aca/colonca1358.jpeg,colon_aca,train
colonca1359.jpeg,colon_aca/colonca1359.jpeg,colon_aca,train
colonca136.jpeg,colon_aca/colonca136.jpeg,colon_aca,train
colonca1360.jpeg,colon_aca/colonca1360.jpeg,colon_aca,train
colonca1362.jpeg,colon_aca/colonca1362.jpeg,colon_aca,train
colonca1363.jpeg,colon_aca/colonca1363.jpeg,colon_aca,train
colonca1364.jpeg,colon_aca/colonca1364.jpeg,colon_aca,train
colonca1365.jpeg,colon_aca/colonca1365.jpeg,colon_aca,train
colonca1367.jpeg,colon_aca/colonca1367.jpeg,colon_aca,train
colonca137.jpeg,colon_aca/colonca137.jpeg,colon_aca,train
colonca1370.jpeg,colon_aca/colonca1370.jpeg,colon_aca,train
colonca1372.jpeg,colon_aca/colonca1372.jpeg,colon_aca,train
colonca1374.jpeg,colon_aca/colonca1374.jpeg,colon_aca,train
colonca1375.jpeg,colon_aca/colonca1375.jpeg,colon_aca,train
colonca1376.jpeg,colon_aca/colonca1376.jpeg,colon_aca,train
colonca1378.jpeg,colon_aca/colonca1378.jpeg,colon_aca,train
colonca138.jpeg,colon_aca/colonca138.jpeg,colon_aca,train
colonca1380.jpeg,colon_aca/colonca1380.jpeg,colon_aca,train
colonca1381.jpeg,colon_aca/colonca1381.jpeg,colon_aca,train
colonca1383.jpeg,colon_aca/colonca1383.jpeg,colon_aca,train
colonca1384.jpeg,colon_aca/colonca1384.jpeg,colon_aca,train
colonca1385.jpeg,colon_aca/colonca1385.jpeg,colon_aca,train
colonca1386.jpeg,colon_aca/colonca1386.jpeg,colon_aca,train
colonca1387.jpeg,colon_aca/colonca1387.jpeg,colon_aca,train
colonca1388.jpeg,colon_aca/colonca1388.jpeg,colon_aca,train
colonca1389.jpeg,colon_aca/colonca1389.jpeg,colon_aca,train
colonca139.jpeg,colon_aca/colonca139.jpeg,colon_aca,train
colonca1390.jpeg,colon_aca/colonca1390.jpeg,colon_aca,train
colonca1391.jpeg,colon_aca/colonca1391.jpeg,colon_aca,train
colonca1392.jpeg,colon_aca/colonca1392.jpeg,colon_aca,train
colonca1393.jpeg,colon_aca/colonca1393.jpeg,colon_aca,train
colonca1395.jpeg,colon_aca/colonca1395.jpeg,colon_aca,train
colonca1396.jpeg,colon_aca/colonca1396.jpeg,colon_aca,train
colonca1397.jpeg,colon_aca/colonca1397.jpeg,colon_aca,train
colonca14.jpeg,colon_aca/colonca14.jpeg,colon_aca,train
colonca1400.jpeg,colon_aca/colonca1400.jpeg,colon_aca,train
colonca1401.jpeg,colon_aca/colonca1401.jpeg,colon_aca,train
colonca1402.jpeg,colon_aca/colonca1402.jpeg,colon_aca,train
colonca1403.jpeg,colon_aca/colonca1403.jpeg,colon_aca,train
colonca1404.jpeg,colon_aca/colonca1404.jpeg,colon_aca,train
colonca1405.jpeg,colon_aca/colonca1405.jpeg,colon_aca,train
colonca1406.jpeg,colon_aca/colonca1406.jpeg,colon_aca,train
colonca1407.jpeg,colon_aca/colonca1407.jpeg,colon_aca,train
colonca1408.jpeg,colon_aca/colonca1408.jpeg,colon_aca,train
colonca1409.jpeg,colon_aca/colonca1409.jpeg,colon_aca,train
colonca141.jpeg,colon_aca/colonca141.jpeg,colon_aca,train
colonca1411.jpeg,colon_aca/colonca1411.jpeg,colon_aca,train
colonca1412.jpeg,colon_aca/colonca1412.jpeg,colon_aca,train
colonca1413.jpeg,colon_aca/colonca1413.jpeg,colon_aca,train
colonca1414.jpeg,colon_aca/colonca1414.jpeg,colon_aca,train
colonca1415.jpeg,colon_aca/colonca1415.jpeg,colon_aca,train
colonca1416.jpeg,colon_aca/colonca1416.jpeg,colon_aca,train
colonca1418.jpeg,colon_aca/colonca1418.jpeg,colon_aca,train
colonca1419.jpeg,colon_aca/colonca1419.jpeg,colon_aca,train
colonca1420.jpeg,colon_aca/colonca1420.jpeg,colon_aca,train
colonca1421.jpeg,colon_aca/colonca1421.jpeg,colon_aca,train
colonca1422.jpeg,colon_aca/colonca1422.jpeg,colon_aca,train
colonca1423.jpeg,colon_aca/colonca1423.jpeg,colon_aca,train
colonca1424.jpeg,colon_aca/colonca1424.jpeg,colon_aca,train
colonca1426.jpeg,colon_aca/colonca1426.jpeg,colon_aca,train
colonca1427.jpeg,colon_aca/colonca1427.jpeg,colon_aca,train
colonca1428.jpeg,colon_aca/colonca1428.jpeg,colon_aca,train
colonca1429.jpeg,colon_aca/colonca1429.jpeg,colon_aca,train
colonca1431.jpeg,colon_aca/colonca1431.jpeg,colon_aca,train
colonca1433.jpeg,colon_aca/colonca1433.jpeg,colon_aca,train
colonca1434.jpeg,colon_aca/colonca1434.jpeg,colon_aca,train
colonca1435.jpeg,colon_aca/colonca1435.jpeg,colon_aca,train
colonca1436.jpeg,colon_aca/colonca1436.jpeg,colon_aca,train
colonca1437.jpeg,colon_aca/colonca1437.jpeg,colon_aca,train
colonca1439.jpeg,colon_aca/colonca1439.jpeg,colon_aca,train
colonca144.jpeg,colon_aca/colonca144.jpeg,colon_aca,train
colonca1440.jpeg,colon_aca/colonca1440.jpeg,colon_aca,train
colonca1441.jpeg,colon_aca/colonca1441.jpeg,colon_aca,train
colonca1443.jpeg,colon_aca/colonca1443.jpeg,colon_aca,train
colonca1444.jpeg,colon_aca/colonca1444.jpeg,colon_aca,train
colonca1446.jpeg,colon_aca/colonca1446.jpeg,colon_aca,train
colonca1447.jpeg,colon_aca/colonca1447.jpeg,colon_aca,train
colonca1449.jpeg,colon_aca/colonca1449.jpeg,colon_aca,train
colonca145.jpeg,colon_aca/colonca145.jpeg,colon_aca,train
colonca1450.jpeg,colon_aca/colonca1450.jpeg,colon_aca,train
colonca1451.jpeg,colon_aca/colonca1451.jpeg,colon_aca,train
colonca1452.jpeg,colon_aca/colonca1452.jpeg,colon_aca,train
colonca1453.jpeg,colon_aca/colonca1453.jpeg,colon_aca,train
colonca1454.jpeg,colon_aca/colonca1454.jpeg,colon_aca,train
colonca1455.jpeg,colon_aca/colonca1455.jpeg,colon_aca,train
colonca1456.jpeg,colon_aca/colonca1456.jpeg,colon_aca,train
colonca1457.jpeg,colon_aca/colonca1457.jpeg,colon_aca,train
colonca1459.jpeg,colon_aca/colonca1459.jpeg,colon_aca,train
colonca146.jpeg,colon_aca/colonca146.jpeg,colon_aca,train
colonca1460.jpeg,colon_aca/colonca1460.jpeg,colon_aca,train
colonca1461.jpeg,colon_aca/colonca1461.jpeg,colon_aca,train
colonca1462.jpeg,colon_aca/colonca1462.jpeg,colon_aca,train
colonca1463.jpeg,colon_aca/colonca1463.jpeg,colon_aca,train
colonca1465.jpeg,colon_aca/colonca1465.jpeg,colon_aca,train
colonca1466.jpeg,colon_aca/colonca1466.jpeg,colon_aca,train
colonca1468.jpeg,colon_aca/colonca1468.jpeg,colon_aca,train
colonca1469.jpeg,colon_aca/colonca1469.jpeg,colon_aca,train
colonca147.jpeg,colon_aca/colonca147.jpeg,colon_aca,train
colonca1471.jpeg,colon_aca/colonca1471.jpeg,colon_aca,train
colonca1473.jpeg,colon_aca/colonca1473.jpeg,colon_aca,train
colonca1474.jpeg,colon_aca/colonca1474.jpeg,colon_aca,train
colonca1475.jpeg,colon_aca/colonca1475.jpeg,colon_aca,train
colonca1476.jpeg,colon_aca/colonca1476.jpeg,colon_aca,train
colonca1477.jpeg,colon_aca/colonca1477.jpeg,colon_aca,train
colonca1478.jpeg,colon_aca/colonca1478.jpeg,colon_aca,train
colonca1479.jpeg,colon_aca/colonca1479.jpeg,colon_aca,train
colonca148.jpeg,colon_aca/colonca148.jpeg,colon_aca,train
colonca1481.jpeg,colon_aca/colonca1481.jpeg,colon_aca,train
colonca1482.jpeg,colon_aca/colonca1482.jpeg,colon_aca,train
colonca1483.jpeg,colon_aca/colonca1483.jpeg,colon_aca,train
colonca1484.jpeg,colon_aca/colonca1484.jpeg,colon_aca,train
colonca1485.jpeg,colon_aca/colonca1485.jpeg,colon_aca,train
colonca1486.jpeg,colon_aca/colonca1486.jpeg,colon_aca,train
colonca1488.jpeg,colon_aca/colonca1488.jpeg,colon_aca,train
colonca1489.jpeg,colon_aca/colonca1489.jpeg,colon_aca,train
colonca149.jpeg,colon_aca/colonca149.jpeg,colon_aca,train
colonca1490.jpeg,colon_aca/colonca1490.jpeg,colon_aca,train
colonca1491.jpeg,colon_aca/colonca1491.jpeg,colon_aca,train
colonca1492.jpeg,colon_aca/colonca1492.jpeg,colon_aca,train
colonca1493.jpeg,colon_aca/colonca1493.jpeg,colon_aca,train
colonca1494.jpeg,colon_aca/colonca1494.jpeg,colon_aca,train
colonca1495.jpeg,colon_aca/colonca1495.jpeg,colon_aca,train
colonca1497.jpeg,colon_aca/colonca1497.jpeg,colon_aca,train
colonca1498.jpeg,colon_aca/colonca1498.jpeg,colon_aca,train
colonca1499.jpeg,colon_aca/colonca1499.jpeg,colon_aca,train
colonca150.jpeg,colon_aca/colonca150.jpeg,colon_aca,train
colonca1500.jpeg,colon_aca/colonca1500.jpeg,colon_aca,train
colonca1501.jpeg,colon_aca/colonca1501.jpeg,colon_aca,train
colonca1502.jpeg,colon_aca/colonca1502.jpeg,colon_aca,train
colonca1507.jpeg,colon_aca/colonca1507.jpeg,colon_aca,train
colonca1509.jpeg,colon_aca/colonca1509.jpeg,colon_aca,train
colonca1511.jpeg,colon_aca/colonca1511.jpeg,colon_aca,train
colonca1513.jpeg,colon_aca/colonca1513.jpeg,colon_aca,train
colonca1515.jpeg,colon_aca/colonca1515.jpeg,colon_aca,train
colonca1516.jpeg,colon_aca/colonca1516.jpeg,colon_aca,train
colonca1517.jpeg,colon_aca/colonca1517.jpeg,colon_aca,train
colonca1518.jpeg,colon_aca/colonca1518.jpeg,colon_aca,train
colonca1519.jpeg,colon_aca/colonca1519.jpeg,colon_aca,train
colonca152.jpeg,colon_aca/colonca152.jpeg,colon_aca,train
colonca1522.jpeg,colon_aca/colonca1522.jpeg,colon_aca,train
colonca1525.jpeg,colon_aca/colonca1525.jpeg,colon_aca,train
colonca1526.jpeg,colon_aca/colonca1526.jpeg,colon_aca,train
colonca1527.jpeg,colon_aca/colonca1527.jpeg,colon_aca,train
colonca1528.jpeg,colon_aca/colonca1528.jpeg,colon_aca,train
colonca1529.jpeg,colon_aca/colonca1529.jpeg,colon_aca,train
colonca1530.jpeg,colon_aca/colonca1530.jpeg,colon_aca,train
colonca1531.jpeg,colon_aca/colonca1531.jpeg,colon_aca,train
colonca1532.jpeg,colon_aca/colonca1532.jpeg,colon_aca,train
colonca1534.jpeg,colon_aca/colonca1534.jpeg,colon_aca,train
colonca1536.jpeg,colon_aca/colonca1536.jpeg,colon_aca,train
colonca1537.jpeg,colon_aca/colonca1537.jpeg,colon_aca,train
colonca1538.jpeg,colon_aca/colonca1538.jpeg,colon_aca,train
colonca154.jpeg,colon_aca/colonca154.jpeg,colon_aca,train
colonca1540.jpeg,colon_aca/colonca1540.jpeg,colon_aca,train
colonca1541.jpeg,colon_aca/colonca1541.jpeg,colon_aca,train
colonca1542.jpeg,colon_aca/colonca1542.jpeg,colon_aca,train
colonca1543.jpeg,colon_aca/colonca1543.jpeg,colon_aca,train
colonca1545.jpeg,colon_aca/colonca1545.jpeg,colon_aca,train
colonca1546.jpeg,colon_aca/colonca1546.jpeg,colon_aca,train
colonca1547.jpeg,colon_aca/colonca1547.jpeg,colon_aca,train
colonca1548.jpeg,colon_aca/colonca1548.jpeg,colon_aca,train
colonca1549.jpeg,colon_aca/colonca1549.jpeg,colon_aca,train
colonca155.jpeg,colon_aca/colonca155.jpeg,colon_aca,train
colonca1550.jpeg,colon_aca/colonca1550.jpeg,colon_aca,train
colonca1552.jpeg,colon_aca/colonca1552.jpeg,colon_aca,train
colonca1555.jpeg,colon_aca/colonca1555.jpeg,colon_aca,train
colonca1556.jpeg,colon_aca/colonca1556.jpeg,colon_aca,train
colonca1557.jpeg,colon_aca/colonca1557.jpeg,colon_aca,train
colonca1558.jpeg,colon_aca/colonca1558.jpeg,colon_aca,train
colonca1560.jpeg,colon_aca/colonca1560.jpeg,colon_aca,train
colonca1561.jpeg,colon_aca/colonca1561.jpeg,colon_aca,train
colonca1562.jpeg,colon_aca/colonca1562.jpeg,colon_aca,train
colonca1563.jpeg,colon_aca/colonca1563.jpeg,colon_aca,train
colonca1564.jpeg,colon_aca/colonca1564.jpeg,colon_aca,train
colonca1565.jpeg,colon_aca/colonca1565.jpeg,colon_aca,train
colonca1566.jpeg,colon_aca/colonca1566.jpeg,colon_aca,train
colonca1567.jpeg,colon_aca/colonca1567.jpeg,colon_aca,train
colonca1569.jpeg,colon_aca/colonca1569.jpeg,colon_aca,train
colonca1570.jpeg,colon_aca/colonca1570.jpeg,colon_aca,train
colonca1571.jpeg,colon_aca/colonca1571.jpeg,colon_aca,train
colonca1572.jpeg,colon_aca/colonca1572.jpeg,colon_aca,train
colonca1573.jpeg,colon_aca/colonca1573.jpeg,colon_aca,train
colonca1574.jpeg,colon_aca/colonca1574.jpeg,colon_aca,train
colonca1575.jpeg,colon_aca/colonca1575.jpeg,colon_aca,train
colonca1576.jpeg,colon_aca/colonca1576.jpeg,colon_aca,train
colonca1577.jpeg,colon_aca/colonca1577.jpeg,colon_aca,train
colonca1578.jpeg,colon_aca/colonca1578.jpeg,colon_aca,train
colonca1579.jpeg,colon_aca/colonca1579.jpeg,colon_aca,train
colonca1580.jpeg,colon_aca/colonca1580.jpeg,colon_aca,train
colonca1581.jpeg,colon_aca/colonca1581.jpeg,colon_aca,train
colonca1582.jpeg,colon_aca/colonca1582.jpeg,colon_aca,train
colonca1583.jpeg,colon_aca/colonca1583.jpeg,colon_aca,train
colonca1584.jpeg,colon_aca/colonca1584.jpeg,colon_aca,train
colonca1585.jpeg,colon_aca/colonca1585.jpeg,colon_aca,train
colonca1586.jpeg,colon_aca/colonca1586.jpeg,colon_aca,train
colonca1588.jpeg,colon_aca/colonca1588.jpeg,colon_aca,train
colonca1589.jpeg,colon_aca/colonca1589.jpeg,colon_aca,train
colonca1590.jpeg,colon_aca/colonca1590.jpeg,colon_aca,train
colonca1592.jpeg,colon_aca/colonca1592.jpeg,colon_aca,train
colonca1594.jpeg,colon_aca/colonca1594.jpeg,colon_aca,train
colonca1595.jpeg,colon_aca/colonca1595.jpeg,colon_aca,train
colonca1596.jpeg,colon_aca/colonca1596.jpeg,colon_aca,train
colonca1597.jpeg,colon_aca/colonca1597.jpeg,colon_aca,train
colonca1599.jpeg,colon_aca/colonca1599.jpeg,colon_aca,train
colonca16.jpeg,colon_aca/colonca16.jpeg,colon_aca,train
colonca160.jpeg,colon_aca/colonca160.jpeg,colon_aca,train
colonca1600.jpeg,colon_aca/colonca1600.jpeg,colon_aca,train
colonca1603.jpeg,colon_aca/colonca1603.jpeg,colon_aca,train
colonca1604.jpeg,colon_aca/colonca1604.jpeg,colon_aca,train
colonca1605.jpeg,colon_aca/colonca1605.jpeg,colon_aca,train
colonca1606.jpeg,colon_aca/colonca1606.jpeg,colon_aca,train
colonca1607.jpeg,colon_aca/colonca1607.jpeg,colon_aca,train
colonca1608.jpeg,colon_aca/colonca1608.jpeg,colon_aca,train
colonca1609.jpeg,colon_aca/colonca1609.jpeg,colon_aca,train
colonca161.jpeg,colon_aca/colonca161.jpeg,colon_aca,train
colonca1610.jpeg,colon_aca/colonca1610.jpeg,colon_aca,train
colonca1612.jpeg,colon_aca/colonca1612.jpeg,colon_aca,train
colonca1613.jpeg,colon_aca/colonca1613.jpeg,colon_aca,train
colonca1614.jpeg,colon_aca/colonca1614.jpeg,colon_aca,train
colonca1615.jpeg,colon_aca/colonca1615.jpeg,colon_aca,train
colonca1616.jpeg,colon_aca/colonca1616.jpeg,colon_aca,train
colonca1618.jpeg,colon_aca/colonca1618.jpeg,colon_aca,train
colonca1619.jpeg,colon_aca/colonca1619.jpeg,colon_aca,train
colonca162.jpeg,colon_aca/colonca162.jpeg,colon_aca,train
colonca1620.jpeg,colon_aca/colonca1620.jpeg,colon_aca,train
colonca1621.jpeg,colon_aca/colonca1621.jpeg,colon_aca,train
colonca1622.jpeg,colon_aca/colonca1622.jpeg,colon_aca,train
colonca1624.jpeg,colon_aca/colonca1624.jpeg,colon_aca,train
colonca1625.jpeg,colon_aca/colonca1625.jpeg,colon_aca,train
colonca1627.jpeg,colon_aca/colonca1627.jpeg,colon_aca,train
colonca1628.jpeg,colon_aca/colonca1628.jpeg,colon_aca,train
colonca1629.jpeg,colon_aca/colonca1629.jpeg,colon_aca,train
colonca1630.jpeg,colon_aca/colonca1630.jpeg,colon_aca,train
colonca1631.jpeg,colon_aca/colonca1631.jpeg,colon_aca,train
colonca1632.jpeg,colon_aca/colonca1632.jpeg,colon_aca,train
colonca1633.jpeg,colon_aca/colonca1633.jpeg,colon_aca,train
colonca1634.jpeg,colon_aca/colonca1634.jpeg,colon_aca,train
colonca1635.jpeg,colon_aca/colonca1635.jpeg,colon_aca,train
colonca1636.jpeg,colon_aca/colonca1636.jpeg,colon_aca,train
colonca1638.jpeg,colon_aca/colonca1638.jpeg,colon_aca,train
colonca1639.jpeg,colon_aca/colonca1639.jpeg,colon_aca,train
colonca1640.jpeg,colon_aca/colonca1640.jpeg,colon_aca,train
colonca1641.jpeg,colon_aca/colonca1641.jpeg,colon_aca,train
colonca1642.jpeg,colon_aca/colonca1642.jpeg,colon_aca,train
colonca1643.jpeg,colon_aca/colonca1643.jpeg,colon_aca,train
colonca1644.jpeg,colon_aca/colonca1644.jpeg,colon_aca,train
colonca1645.jpeg,colon_aca/colonca1645.jpeg,colon_aca,train
colonca1646.jpeg,colon_aca/colonca1646.jpeg,colon_aca,train
colonca1647.jpeg,colon_aca/colonca1647.jpeg,colon_aca,train
colonca1649.jpeg,colon_aca/colonca1649.jpeg,colon_aca,train
colonca165.jpeg,colon_aca/colonca165.jpeg,colon_aca,train
colonca1650.jpeg,colon_aca/colonca1650.jpeg,colon_aca,train
colonca1651.jpeg,colon_aca/colonca1651.jpeg,colon_aca,train
colonca1652.jpeg,colon_aca/colonca1652.jpeg,colon_aca,train
colonca1653.jpeg,colon_aca/colonca1653.jpeg,colon_aca,train
colonca1654.jpeg,colon_aca/colonca1654.jpeg,colon_aca,train
colonca1655.jpeg,colon_aca/colonca1655.jpeg,colon_aca,train
colonca1656.jpeg,colon_aca/colonca1656.jpeg,colon_aca,train
colonca1657.jpeg,colon_aca/colonca1657.jpeg,colon_aca,train
colonca1658.jpeg,colon_aca/colonca1658.jpeg,colon_aca,train
colonca1659.jpeg,colon_aca/colonca1659.jpeg,colon_aca,train
colonca166.jpeg,colon_aca/colonca166.jpeg,colon_aca,train
colonca1660.jpeg,colon_aca/colonca1660.jpeg,colon_aca,train
colonca1661.jpeg,colon_aca/colonca1661.jpeg,colon_aca,train
colonca1662.jpeg,colon_aca/colonca1662.jpeg,colon_aca,train
colonca1663.jpeg,colon_aca/colonca1663.jpeg,colon_aca,train
colonca1664.jpeg,colon_aca/colonca1664.jpeg,colon_aca,train
colonca1665.jpeg,colon_aca/colonca1665.jpeg,colon_aca,train
colonca1666.jpeg,colon_aca/colonca1666.jpeg,colon_aca,train
colonca1667.jpeg,colon_aca/colonca1667.jpeg,colon_aca,train
colonca1668.jpeg,colon_aca/colonca1668.jpeg,colon_aca,train
colonca167.jpeg,colon_aca/colonca167.jpeg,colon_aca,train
colonca1670.jpeg,colon_aca/colonca1670.jpeg,colon_aca,train
colonca1673.jpeg,colon_aca/colonca1673.jpeg,colon_aca,train
colonca1674.jpeg,colon_aca/colonca1674.jpeg,colon_aca,train
colonca1675.jpeg,colon_aca/colonca1675.jpeg,colon_aca,train
colonca1676.jpeg,colon_aca/colonca1676.jpeg,colon_aca,train
colonca1677.jpeg,colon_aca/colonca1677.jpeg,colon_aca,train
colonca1678.jpeg,colon_aca/colonca1678.jpeg,colon_aca,train
colonca1679.jpeg,colon_aca/colonca1679.jpeg,colon_aca,train
colonca1680.jpeg,colon_aca/colonca1680.jpeg,colon_aca,train
colonca1681.jpeg,colon_aca/colonca1681.jpeg,colon_aca,train
colonca1683.jpeg,colon_aca/colonca1683.jpeg,colon_aca,train
colonca1684.jpeg,colon_aca/colonca1684.jpeg,colon_aca,train
colonca1689.jpeg,colon_aca/colonca1689.jpeg,colon_aca,train
colonca1690.jpeg,colon_aca/colonca1690.jpeg,colon_aca,train
colonca1691.jpeg,colon_aca/colonca1691.jpeg,colon_aca,train
colonca1692.jpeg,colon_aca/colonca1692.jpeg,colon_aca,train
colonca1693.jpeg,colon_aca/colonca1693.jpeg,colon_aca,train
colonca1695.jpeg,colon_aca/colonca1695.jpeg,colon_aca,train
colonca1696.jpeg,colon_aca/colonca1696.jpeg,colon_aca,train
colonca1697.jpeg,colon_aca/colonca1697.jpeg,colon_aca,train
colonca1698.jpeg,colon_aca/colonca1698.jpeg,colon_aca,train
colonca1699.jpeg,colon_aca/colonca1699.jpeg,colon_aca,train
colonca17.jpeg,colon_aca/colonca17.jpeg,colon_aca,train
colonca170.jpeg,colon_aca/colonca170.jpeg,colon_aca,train
colonca1700.jpeg,colon_aca/colonca1700.jpeg,colon_aca,train
colonca1701.jpeg,colon_aca/colonca1701.jpeg,colon_aca,train
colonca1702.jpeg,colon_aca/colonca1702.jpeg,colon_aca,train
colonca1703.jpeg,colon_aca/colonca1703.jpeg,colon_aca,train
colonca1704.jpeg,colon_aca/colonca1704.jpeg,colon_aca,train
colonca1705.jpeg,colon_aca/colonca1705.jpeg,colon_aca,train
colonca1706.jpeg,colon_aca/colonca1706.jpeg,colon_aca,train
colonca1707.jpeg,colon_aca/colonca1707.jpeg,colon_aca,train
colonca1708.jpeg,colon_aca/colonca1708.jpeg,colon_aca,train
colonca1709.jpeg,colon_aca/colonca1709.jpeg,colon_aca,train
colonca171.jpeg,colon_aca/colonca171.jpeg,colon_aca,train
colonca1710.jpeg,colon_aca/colonca1710.jpeg,colon_aca,train
colonca1712.jpeg,colon_aca/colonca1712.jpeg,colon_aca,train
colonca1714.jpeg,colon_aca/colonca1714.jpeg,colon_aca,train
colonca1715.jpeg,colon_aca/colonca1715.jpeg,colon_aca,train
colonca1716.jpeg,colon_aca/colonca1716.jpeg,colon_aca,train
colonca1717.jpeg,colon_aca/colonca1717.jpeg,colon_aca,train
colonca1718.jpeg,colon_aca/colonca1718.jpeg,colon_aca,train
colonca1719.jpeg,colon_aca/colonca1719.jpeg,colon_aca,train
colonca172.jpeg,colon_aca/colonca172.jpeg,colon_aca,train
colonca1721.jpeg,colon_aca/colonca1721.jpeg,colon_aca,train
colonca1722.jpeg,colon_aca/colonca1722.jpeg,colon_aca,train
colonca1723.jpeg,colon_aca/colonca1723.jpeg,colon_aca,train
colonca1725.jpeg,colon_aca/colonca1725.jpeg,colon_aca,train
colonca1726.jpeg,colon_aca/colonca1726.jpeg,colon_aca,train
colonca1727.jpeg,colon_aca/colonca1727.jpeg,colon_aca,train
colonca1728.jpeg,colon_aca/colonca1728.jpeg,colon_aca,train
colonca1729.jpeg,colon_aca/colonca1729.jpeg,colon_aca,train
colonca1730.jpeg,colon_aca/colonca1730.jpeg,colon_aca,train
colonca1731.jpeg,colon_aca/colonca1731.jpeg,colon_aca,train
colonca1732.jpeg,colon_aca/colonca1732.jpeg,colon_aca,train
colonca1733.jpeg,colon_aca/colonca1733.jpeg,colon_aca,train
colonca1734.jpeg,colon_aca/colonca1734.jpeg,colon_aca,train
colonca1735.jpeg,colon_aca/colonca1735.jpeg,colon_aca,train
colonca1737.jpeg,colon_aca/colonca1737.jpeg,colon_aca,train
colonca1738.jpeg,colon_aca/colonca1738.jpeg,colon_aca,train
colonca1739.jpeg,colon_aca/colonca1739.jpeg,colon_aca,train
colonca1740.jpeg,colon_aca/colonca1740.jpeg,colon_aca,train
colonca1741.jpeg,colon_aca/colonca1741.jpeg,colon_aca,train
colonca1742.jpeg,colon_aca/colonca1742.jpeg,colon_aca,train
colonca1744.jpeg,colon_aca/colonca1744.jpeg,colon_aca,train
colonca1745.jpeg,colon_aca/colonca1745.jpeg,colon_aca,train
colonca1746.jpeg,colon_aca/colonca1746.jpeg,colon_aca,train
colonca1747.jpeg,colon_aca/colonca1747.jpeg,colon_aca,train
colonca1748.jpeg,colon_aca/colonca1748.jpeg,colon_aca,train
colonca1749.jpeg,colon_aca/colonca1749.jpeg,colon_aca,train
colonca1750.jpeg,colon_aca/colonca1750.jpeg,colon_aca,train
colonca1751.jpeg,colon_aca/colonca1751.jpeg,colon_aca,train
colonca1753.jpeg,colon_aca/colonca1753.jpeg,colon_aca,train
colonca1756.jpeg,colon_aca/colonca1756.jpeg,colon_aca,train
colonca1758.jpeg,colon_aca/colonca1758.jpeg,colon_aca,train
colonca1759.jpeg,colon_aca/colonca1759.jpeg,colon_aca,train
colonca176.jpeg,colon_aca/colonca176.jpeg,colon_aca,train
colonca1760.jpeg,colon_aca/colonca1760.jpeg,colon_aca,train
colonca1761.jpeg,colon_aca/colonca1761.jpeg,colon_aca,train
colonca1763.jpeg,colon_aca/colonca1763.jpeg,colon_aca,train
colonca1764.jpeg,colon_aca/colonca1764.jpeg,colon_aca,train
colonca1765.jpeg,colon_aca/colonca1765.jpeg,colon_aca,train
colonca1766.jpeg,colon_aca/colonca1766.jpeg,colon_aca,train
colonca1767.jpeg,colon_aca/colonca1767.jpeg,colon_aca,train
colonca1768.jpeg,colon_aca/colonca1768.jpeg,colon_aca,train
colonca1769.jpeg,colon_aca/colonca1769.jpeg,colon_aca,train
colonca1770.jpeg,colon_aca/colonca1770.jpeg,colon_aca,train
colonca1771.jpeg,colon_aca/colonca1771.jpeg,colon_aca,train
colonca1772.jpeg,colon_aca/colonca1772.jpeg,colon_aca,train
colonca1773.jpeg,colon_aca/colonca1773.jpeg,colon_aca,train
colonca1774.jpeg,colon_aca/colonca1774.jpeg,colon_aca,train
colonca1775.jpeg,colon_aca/colonca1775.jpeg,colon_aca,train
colonca1776.jpeg,colon_aca/colonca1776.jpeg,colon_aca,train
colonca1778.jpeg,colon_aca/colonca1778.jpeg,colon_aca,train
colonca1779.jpeg,colon_aca/colonca1779.jpeg,colon_aca,train
colonca178.jpeg,colon_aca/colonca178.jpeg,colon_aca,train
colonca1780.jpeg,colon_aca/colonca1780.jpeg,colon_aca,train
colonca1781.jpeg,colon_aca/colonca1781.jpeg,colon_aca,train
colonca1782.jpeg,colon_aca/colonca1782.jpeg,colon_aca,train
colonca1784.jpeg,colon_aca/colonca1784.jpeg,colon_aca,train
colonca1786.jpeg,colon_aca/colonca1786.jpeg,colon_aca,train
colonca1787.jpeg,colon_aca/colonca1787.jpeg,colon_aca,train
colonca1789.jpeg,colon_aca/colonca1789.jpeg,colon_aca,train
colonca179.jpeg,colon_aca/colonca179.jpeg,colon_aca,train
colonca1790.jpeg,colon_aca/colonca1790.jpeg,colon_aca,train
colonca1791.jpeg,colon_aca/colonca1791.jpeg,colon_aca,train
colonca1792.jpeg,colon_aca/colonca1792.jpeg,colon_aca,train
colonca1793.jpeg,colon_aca/colonca1793.jpeg,colon_aca,train
colonca1794.jpeg,colon_aca/colonca1794.jpeg,colon_aca,train
colonca1795.jpeg,colon_aca/colonca1795.jpeg,colon_aca,train
colonca1797.jpeg,colon_aca/colonca1797.jpeg,colon_aca,train
colonca1798.jpeg,colon_aca/colonca1798.jpeg,colon_aca,train
colonca18.jpeg,colon_aca/colonca18.jpeg,colon_aca,train
colonca180.jpeg,colon_aca/colonca180.jpeg,colon_aca,train
colonca1800.jpeg,colon_aca/colonca1800.jpeg,colon_aca,train
colonca1801.jpeg,colon_aca/colonca1801.jpeg,colon_aca,train
colonca1802.jpeg,colon_aca/colonca1802.jpeg,colon_aca,train
colonca1803.jpeg,colon_aca/colonca1803.jpeg,colon_aca,train
colonca1805.jpeg,colon_aca/colonca1805.jpeg,colon_aca,train
colonca1806.jpeg,colon_aca/colonca1806.jpeg,colon_aca,train
colonca1808.jpeg,colon_aca/colonca1808.jpeg,colon_aca,train
colonca1809.jpeg,colon_aca/colonca1809.jpeg,colon_aca,train
colonca181.jpeg,colon_aca/colonca181.jpeg,colon_aca,train
colonca1810.jpeg,colon_aca/colonca1810.jpeg,colon_aca,train
colonca1811.jpeg,colon_aca/colonca1811.jpeg,colon_aca,train
colonca1812.jpeg,colon_aca/colonca1812.jpeg,colon_aca,train
colonca1813.jpeg,colon_aca/colonca1813.jpeg,colon_aca,train
colonca1814.jpeg,colon_aca/colonca1814.jpeg,colon_aca,train
colonca1815.jpeg,colon_aca/colonca1815.jpeg,colon_aca,train
colonca1816.jpeg,colon_aca/colonca1816.jpeg,colon_aca,train
colonca1817.jpeg,colon_aca/colonca1817.jpeg,colon_aca,train
colonca1818.jpeg,colon_aca/colonca1818.jpeg,colon_aca,train
colonca1819.jpeg,colon_aca/colonca1819.jpeg,colon_aca,train
colonca1821.jpeg,colon_aca/colonca1821.jpeg,colon_aca,train
colonca1822.jpeg,colon_aca/colonca1822.jpeg,colon_aca,train
colonca1824.jpeg,colon_aca/colonca1824.jpeg,colon_aca,train
colonca1825.jpeg,colon_aca/colonca1825.jpeg,colon_aca,train
colonca1826.jpeg,colon_aca/colonca1826.jpeg,colon_aca,train
colonca1827.jpeg,colon_aca/colonca1827.jpeg,colon_aca,train
colonca1828.jpeg,colon_aca/colonca1828.jpeg,colon_aca,train
colonca1829.jpeg,colon_aca/colonca1829.jpeg,colon_aca,train
colonca183.jpeg,colon_aca/colonca183.jpeg,colon_aca,train
colonca1830.jpeg,colon_aca/colonca1830.jpeg,colon_aca,train
colonca1831.jpeg,colon_aca/colonca1831.jpeg,colon_aca,train
colonca1832.jpeg,colon_aca/colonca1832.jpeg,colon_aca,train
colonca1833.jpeg,colon_aca/colonca1833.jpeg,colon_aca,train
colonca1834.jpeg,colon_aca/colonca1834.jpeg,colon_aca,train
colonca1836.jpeg,colon_aca/colonca1836.jpeg,colon_aca,train
colonca1838.jpeg,colon_aca/colonca1838.jpeg,colon_aca,train
colonca1839.jpeg,colon_aca/colonca1839.jpeg,colon_aca,train
colonca1840.jpeg,colon_aca/colonca1840.jpeg,colon_aca,train
colonca1841.jpeg,colon_aca/colonca1841.jpeg,colon_aca,train
colonca1844.jpeg,colon_aca/colonca1844.jpeg,colon_aca,train
colonca1846.jpeg,colon_aca/colonca1846.jpeg,colon_aca,train
colonca1847.jpeg,colon_aca/colonca1847.jpeg,colon_aca,train
colonca1848.jpeg,colon_aca/colonca1848.jpeg,colon_aca,train
colonca1850.jpeg,colon_aca/colonca1850.jpeg,colon_aca,train
colonca1852.jpeg,colon_aca/colonca1852.jpeg,colon_aca,train
colonca1854.jpeg,colon_aca/colonca1854.jpeg,colon_aca,train
colonca1855.jpeg,colon_aca/colonca1855.jpeg,colon_aca,train
colonca1856.jpeg,colon_aca/colonca1856.jpeg,colon_aca,train
colonca1857.jpeg,colon_aca/colonca1857.jpeg,colon_aca,train
colonca1858.jpeg,colon_aca/colonca1858.jpeg,colon_aca,train
colonca1859.jpeg,colon_aca/colonca1859.jpeg,colon_aca,train
colonca186.jpeg,colon_aca/colonca186.jpeg,colon_aca,train
colonca1860.jpeg,colon_aca/colonca1860.jpeg,colon_aca,train
colonca1861.jpeg,colon_aca/colonca1861.jpeg,colon_aca,train
colonca1862.jpeg,colon_aca/colonca1862.jpeg,colon_aca,train
colonca1863.jpeg,colon_aca/colonca1863.jpeg,colon_aca,train
colonca1866.jpeg,colon_aca/colonca1866.jpeg,colon_aca,train
colonca1867.jpeg,colon_aca/colonca1867.jpeg,colon_aca,train
colonca1868.jpeg,colon_aca/colonca1868.jpeg,colon_aca,train
colonca1869.jpeg,colon_aca/colonca1869.jpeg,colon_aca,train
colonca187.jpeg,colon_aca/colonca187.jpeg,colon_aca,train
colonca1870.jpeg,colon_aca/colonca1870.jpeg,colon_aca,train
colonca1871.jpeg,colon_aca/colonca1871.jpeg,colon_aca,train
colonca1873.jpeg,colon_aca/colonca1873.jpeg,colon_aca,train
colonca1874.jpeg,colon_aca/colonca1874.jpeg,colon_aca,train
colonca1875.jpeg,colon_aca/colonca1875.jpeg,colon_aca,train
colonca1876.jpeg,colon_aca/colonca1876.jpeg,colon_aca,train
colonca1877.jpeg,colon_aca/colonca1877.jpeg,colon_aca,train
colonca1878.jpeg,colon_aca/colonca1878.jpeg,colon_aca,train
colonca1879.jpeg,colon_aca/colonca1879.jpeg,colon_aca,train
colonca188.jpeg,colon_aca/colonca188.jpeg,colon_aca,train
colonca1881.jpeg,colon_aca/colonca1881.jpeg,colon_aca,train
colonca1882.jpeg,colon_aca/colonca1882.jpeg,colon_aca,train
colonca1884.jpeg,colon_aca/colonca1884.jpeg,colon_aca,train
colonca1885.jpeg,colon_aca/colonca1885.jpeg,colon_aca,train
colonca1886.jpeg,colon_aca/colonca1886.jpeg,colon_aca,train
colonca1887.jpeg,colon_aca/colonca1887.jpeg,colon_aca,train
colonca1888.jpeg,colon_aca/colonca1888.jpeg,colon_aca,train
colonca189.jpeg,colon_aca/colonca189.jpeg,colon_aca,train
colonca1890.jpeg,colon_aca/colonca1890.jpeg,colon_aca,train
colonca1892.jpeg,colon_aca/colonca1892.jpeg,colon_aca,train
colonca1893.jpeg,colon_aca/colonca1893.jpeg,colon_aca,train
colonca1895.jpeg,colon_aca/colonca1895.jpeg,colon_aca,train
colonca1896.jpeg,colon_aca/colonca1896.jpeg,colon_aca,train
colonca1897.jpeg,colon_aca/colonca1897.jpeg,colon_aca,train
colonca1898.jpeg,colon_aca/colonca1898.jpeg,colon_aca,train
colonca1899.jpeg,colon_aca/colonca1899.jpeg,colon_aca,train
colonca19.jpeg,colon_aca/colonca19.jpeg,colon_aca,train
colonca190.jpeg,colon_aca/colonca190.jpeg,colon_aca,train
colonca1900.jpeg,colon_aca/colonca1900.jpeg,colon_aca,train
colonca1901.jpeg,colon_aca/colonca1901.jpeg,colon_aca,train
colonca1902.jpeg,colon_aca/colonca1902.jpeg,colon_aca,train
colonca1903.jpeg,colon_aca/colonca1903.jpeg,colon_aca,train
colonca1904.jpeg,colon_aca/colonca1904.jpeg,colon_aca,train
colonca1905.jpeg,colon_aca/colonca1905.jpeg,colon_aca,train
colonca1906.jpeg,colon_aca/colonca1906.jpeg,colon_aca,train
colonca1907.jpeg,colon_aca/colonca1907.jpeg,colon_aca,train
colonca1908.jpeg,colon_aca/colonca1908.jpeg,colon_aca,train
colonca1909.jpeg,colon_aca/colonca1909.jpeg,colon_aca,train
colonca191.jpeg,colon_aca/colonca191.jpeg,colon_aca,train
colonca1910.jpeg,colon_aca/colonca1910.jpeg,colon_aca,train
colonca1911.jpeg,colon_aca/colonca1911.jpeg,colon_aca,train
colonca1912.jpeg,colon_aca/colonca1912.jpeg,colon_aca,train
colonca1913.jpeg,colon_aca/colonca1913.jpeg,colon_aca,train
colonca1914.jpeg,colon_aca/colonca1914.jpeg,colon_aca,train
colonca1916.jpeg,colon_aca/colonca1916.jpeg,colon_aca,train
colonca1918.jpeg,colon_aca/colonca1918.jpeg,colon_aca,train
colonca192.jpeg,colon_aca/colonca192.jpeg,colon_aca,train
colonca1920.jpeg,colon_aca/colonca1920.jpeg,colon_aca,train
colonca1921.jpeg,colon_aca/colonca1921.jpeg,colon_aca,train
colonca1922.jpeg,colon_aca/colonca1922.jpeg,colon_aca,train
colonca1923.jpeg,colon_aca/colonca1923.jpeg,colon_aca,train
colonca1924.jpeg,colon_aca/colonca1924.jpeg,colon_aca,train
colonca1925.jpeg,colon_aca/colonca1925.jpeg,colon_aca,train
colonca1927.jpeg,colon_aca/colonca1927.jpeg,colon_aca,train
colonca1928.jpeg,colon_aca/colonca1928.jpeg,colon_aca,train
colonca1929.jpeg,colon_aca/colonca1929.jpeg,colon_aca,train
colonca1930.jpeg,colon_aca/colonca1930.jpeg,colon_aca,train
colonca1932.jpeg,colon_aca/colonca1932.jpeg,colon_aca,train
colonca1933.jpeg,colon_aca/colonca1933.jpeg,colon_aca,train
colonca1934.jpeg,colon_aca/colonca1934.jpeg,colon_aca,train
colonca1935.jpeg,colon_aca/colonca1935.jpeg,colon_aca,train
colonca1936.jpeg,colon_aca/colonca1936.jpeg,colon_aca,train
colonca1938.jpeg,colon_aca/colonca1938.jpeg,colon_aca,train
colonca1940.jpeg,colon_aca/colonca1940.jpeg,colon_aca,train
colonca1941.jpeg,colon_aca/colonca1941.jpeg,colon_aca,train
colonca1942.jpeg,colon_aca/colonca1942.jpeg,colon_aca,train
colonca1943.jpeg,colon_aca/colonca1943.jpeg,colon_aca,train
colonca1944.jpeg,colon_aca/colonca1944.jpeg,colon_aca,train
colonca1946.jpeg,colon_aca/colonca1946.jpeg,colon_aca,train
colonca1947.jpeg,colon_aca/colonca1947.jpeg,colon_aca,train
colonca1948.jpeg,colon_aca/colonca1948.jpeg,colon_aca,train
colonca1949.jpeg,colon_aca/colonca1949.jpeg,colon_aca,train
colonca195.jpeg,colon_aca/colonca195.jpeg,colon_aca,train
colonca1950.jpeg,colon_aca/colonca1950.jpeg,colon_aca,train
colonca1951.jpeg,colon_aca/colonca1951.jpeg,colon_aca,train
colonca1952.jpeg,colon_aca/colonca1952.jpeg,colon_aca,train
colonca1953.jpeg,colon_aca/colonca1953.jpeg,colon_aca,train
colonca1954.jpeg,colon_aca/colonca1954.jpeg,colon_aca,train
colonca1955.jpeg,colon_aca/colonca1955.jpeg,colon_aca,train
colonca1956.jpeg,colon_aca/colonca1956.jpeg,colon_aca,train
colonca1957.jpeg,colon_aca/colonca1957.jpeg,colon_aca,train
colonca1958.jpeg,colon_aca/colonca1958.jpeg,colon_aca,train
colonca1959.jpeg,colon_aca/colonca1959.jpeg,colon_aca,train
colonca196.jpeg,colon_aca/colonca196.jpeg,colon_aca,train
colonca1960.jpeg,colon_aca/colonca1960.jpeg,colon_aca,train
colonca1961.jpeg,colon_aca/colonca1961.jpeg,colon_aca,train
colonca1962.jpeg,colon_aca/colonca1962.jpeg,colon_aca,train
colonca1966.jpeg,colon_aca/colonca1966.jpeg,colon_aca,train
colonca1967.jpeg,colon_aca/colonca1967.jpeg,colon_aca,train
colonca1968.jpeg,colon_aca/colonca1968.jpeg,colon_aca,train
colonca1969.jpeg,colon_aca/colonca1969.jpeg,colon_aca,train
colonca197.jpeg,colon_aca/colonca197.jpeg,colon_aca,train
colonca1970.jpeg,colon_aca/colonca1970.jpeg,colon_aca,train
colonca1971.jpeg,colon_aca/colonca1971.jpeg,colon_aca,train
colonca1972.jpeg,colon_aca/colonca1972.jpeg,colon_aca,train
colonca1973.jpeg,colon_aca/colonca1973.jpeg,colon_aca,train
colonca1975.jpeg,colon_aca/colonca1975.jpeg,colon_aca,train
colonca1977.jpeg,colon_aca/colonca1977.jpeg,colon_aca,train
colonca1978.jpeg,colon_aca/colonca1978.jpeg,colon_aca,train
colonca1979.jpeg,colon_aca/colonca1979.jpeg,colon_aca,train
colonca198.jpeg,colon_aca/colonca198.jpeg,colon_aca,train
colonca1980.jpeg,colon_aca/colonca1980.jpeg,colon_aca,train
colonca1981.jpeg,colon_aca/colonca1981.jpeg,colon_aca,train
colonca1983.jpeg,colon_aca/colonca1983.jpeg,colon_aca,train
colonca1984.jpeg,colon_aca/colonca1984.jpeg,colon_aca,train
colonca1985.jpeg,colon_aca/colonca1985.jpeg,colon_aca,train
colonca1986.jpeg,colon_aca/colonca1986.jpeg,colon_aca,train
colonca1987.jpeg,colon_aca/colonca1987.jpeg,colon_aca,train
colonca1988.jpeg,colon_aca/colonca1988.jpeg,colon_aca,train
colonca1989.jpeg,colon_aca/colonca1989.jpeg,colon_aca,train
colonca1990.jpeg,colon_aca/colonca1990.jpeg,colon_aca,train
colonca1991.jpeg,colon_aca/colonca1991.jpeg,colon_aca,train
colonca1992.jpeg,colon_aca/colonca1992.jpeg,colon_aca,train
colonca1993.jpeg,colon_aca/colonca1993.jpeg,colon_aca,train
colonca1994.jpeg,colon_aca/colonca1994.jpeg,colon_aca,train
colonca1995.jpeg,colon_aca/colonca1995.jpeg,colon_aca,train
colonca1996.jpeg,colon_aca/colonca1996.jpeg,colon_aca,train
colonca1997.jpeg,colon_aca/colonca1997.jpeg,colon_aca,train
colonca1998.jpeg,colon_aca/colonca1998.jpeg,colon_aca,train
colonca1999.jpeg,colon_aca/colonca1999.jpeg,colon_aca,train
colonca20.jpeg,colon_aca/colonca20.jpeg,colon_aca,train
colonca200.jpeg,colon_aca/colonca200.jpeg,colon_aca,train
colonca2000.jpeg,colon_aca/colonca2000.jpeg,colon_aca,train
colonca2001.jpeg,colon_aca/colonca2001.jpeg,colon_aca,train
colonca2002.jpeg,colon_aca/colonca2002.jpeg,colon_aca,train
colonca2003.jpeg,colon_aca/colonca2003.jpeg,colon_aca,train
colonca2005.jpeg,colon_aca/colonca2005.jpeg,colon_aca,train
colonca2006.jpeg,colon_aca/colonca2006.jpeg,colon_aca,train
colonca2007.jpeg,colon_aca/colonca2007.jpeg,colon_aca,train
colonca2008.jpeg,colon_aca/colonca2008.jpeg,colon_aca,train
colonca2009.jpeg,colon_aca/colonca2009.jpeg,colon_aca,train
colonca201.jpeg,colon_aca/colonca201.jpeg,colon_aca,train
colonca2010.jpeg,colon_aca/colonca2010.jpeg,colon_aca,train
colonca2011.jpeg,colon_aca/colonca2011.jpeg,colon_aca,train
colonca2012.jpeg,colon_aca/colonca2012.jpeg,colon_aca,train
colonca2013.jpeg,colon_aca/colonca2013.jpeg,colon_aca,train
colonca2014.jpeg,colon_aca/colonca2014.jpeg,colon_aca,train
colonca2015.jpeg,colon_aca/colonca2015.jpeg,colon_aca,train
colonca2016.jpeg,colon_aca/colonca2016.jpeg,colon_aca,train
colonca2017.jpeg,colon_aca/colonca2017.jpeg,colon_aca,train
colonca2019.jpeg,colon_aca/colonca2019.jpeg,colon_aca,train
colonca202.jpeg,colon_aca/colonca202.jpeg,colon_aca,train
colonca2020.jpeg,colon_aca/colonca2020.jpeg,colon_aca,train
colonca2021.jpeg,colon_aca/colonca2021.jpeg,colon_aca,train
colonca2022.jpeg,colon_aca/colonca2022.jpeg,colon_aca,train
colonca2023.jpeg,colon_aca/colonca2023.jpeg,colon_aca,train
colonca2024.jpeg,colon_aca/colonca2024.jpeg,colon_aca,train
colonca2025.jpeg,colon_aca/colonca2025.jpeg,colon_aca,train
colonca2026.jpeg,colon_aca/colonca2026.jpeg,colon_aca,train
colonca2028.jpeg,colon_aca/colonca2028.jpeg,colon_aca,train
colonca2029.jpeg,colon_aca/colonca2029.jpeg,colon_aca,train
colonca203.jpeg,colon_aca/colonca203.jpeg,colon_aca,train
colonca2030.jpeg,colon_aca/colonca2030.jpeg,colon_aca,train
colonca2032.jpeg,colon_aca/colonca2032.jpeg,colon_aca,train
colonca2033.jpeg,colon_aca/colonca2033.jpeg,colon_aca,train
colonca2034.jpeg,colon_aca/colonca2034.jpeg,colon_aca,train
colonca2035.jpeg,colon_aca/colonca2035.jpeg,colon_aca,train
colonca2036.jpeg,colon_aca/colonca2036.jpeg,colon_aca,train
colonca2037.jpeg,colon_aca/colonca2037.jpeg,colon_aca,train
colonca2038.jpeg,colon_aca/colonca2038.jpeg,colon_aca,train
colonca2039.jpeg,colon_aca/colonca2039.jpeg,colon_aca,train
colonca204.jpeg,colon_aca/colonca204.jpeg,colon_aca,train
colonca2040.jpeg,colon_aca/colonca2040.jpeg,colon_aca,train
colonca2041.jpeg,colon_aca/colonca2041.jpeg,colon_aca,train
colonca2042.jpeg,colon_aca/colonca2042.jpeg,colon_aca,train
colonca2043.jpeg,colon_aca/colonca2043.jpeg,colon_aca,train
colonca2044.jpeg,colon_aca/colonca2044.jpeg,colon_aca,train
colonca2045.jpeg,colon_aca/colonca2045.jpeg,colon_aca,train
colonca2046.jpeg,colon_aca/colonca2046.jpeg,colon_aca,train
colonca2048.jpeg,colon_aca/colonca2048.jpeg,colon_aca,train
colonca2049.jpeg,colon_aca/colonca2049.jpeg,colon_aca,train
colonca205.jpeg,colon_aca/colonca205.jpeg,colon_aca,train
colonca2050.jpeg,colon_aca/colonca2050.jpeg,colon_aca,train
colonca2052.jpeg,colon_aca/colonca2052.jpeg,colon_aca,train
colonca2053.jpeg,colon_aca/colonca2053.jpeg,colon_aca,train
colonca2054.jpeg,colon_aca/colonca2054.jpeg,colon_aca,train
colonca2055.jpeg,colon_aca/colonca2055.jpeg,colon_aca,train
colonca2056.jpeg,colon_aca/colonca2056.jpeg,colon_aca,train
colonca2057.jpeg,colon_aca/colonca2057.jpeg,colon_aca,train
colonca2059.jpeg,colon_aca/colonca2059.jpeg,colon_aca,train
colonca206.jpeg,colon_aca/colonca206.jpeg,colon_aca,train
colonca2060.jpeg,colon_aca/colonca2060.jpeg,colon_aca,train
colonca2061.jpeg,colon_aca/colonca2061.jpeg,colon_aca,train
colonca2062.jpeg,colon_aca/colonca2062.jpeg,colon_aca,train
colonca2063.jpeg,colon_aca/colonca2063.jpeg,colon_aca,train
colonca2065.jpeg,colon_aca/colonca2065.jpeg,colon_aca,train
colonca2066.jpeg,colon_aca/colonca2066.jpeg,colon_aca,train
colonca2067.jpeg,colon_aca/colonca2067.jpeg,colon_aca,train
colonca2068.jpeg,colon_aca/colonca2068.jpeg,colon_aca,train
colonca2069.jpeg,colon_aca/colonca2069.jpeg,colon_aca,train
colonca207.jpeg,colon_aca/colonca207.jpeg,colon_aca,train
colonca2070.jpeg,colon_aca/colonca2070.jpeg,colon_aca,train
colonca2071.jpeg,colon_aca/colonca2071.jpeg,colon_aca,train
colonca2072.jpeg,colon_aca/colonca2072.jpeg,colon_aca,train
colonca2073.jpeg,colon_aca/colonca2073.jpeg,colon_aca,train
colonca2074.jpeg,colon_aca/colonca2074.jpeg,colon_aca,train
colonca2075.jpeg,colon_aca/colonca2075.jpeg,colon_aca,train
colonca2076.jpeg,colon_aca/colonca2076.jpeg,colon_aca,train
colonca2077.jpeg,colon_aca/colonca2077.jpeg,colon_aca,train
colonca2078.jpeg,colon_aca/colonca2078.jpeg,colon_aca,train
colonca2079.jpeg,colon_aca/colonca2079.jpeg,colon_aca,train
colonca208.jpeg,colon_aca/colonca208.jpeg,colon_aca,train
colonca2080.jpeg,colon_aca/colonca2080.jpeg,colon_aca,train
colonca2081.jpeg,colon_aca/colonca2081.jpeg,colon_aca,train
colonca2082.jpeg,colon_aca/colonca2082.jpeg,colon_aca,train
colonca2083.jpeg,colon_aca/colonca2083.jpeg,colon_aca,train
colonca2084.jpeg,colon_aca/colonca2084.jpeg,colon_aca,train
colonca2087.jpeg,colon_aca/colonca2087.jpeg,colon_aca,train
colonca2088.jpeg,colon_aca/colonca2088.jpeg,colon_aca,train
colonca2089.jpeg,colon_aca/colonca2089.jpeg,colon_aca,train
colonca209.jpeg,colon_aca/colonca209.jpeg,colon_aca,train
colonca2091.jpeg,colon_aca/colonca2091.jpeg,colon_aca,train
colonca2092.jpeg,colon_aca/colonca2092.jpeg,colon_aca,train
colonca2093.jpeg,colon_aca/colonca2093.jpeg,colon_aca,train
colonca2095.jpeg,colon_aca/colonca2095.jpeg,colon_aca,train
colonca2096.jpeg,colon_aca/colonca2096.jpeg,colon_aca,train
colonca21.jpeg,colon_aca/colonca21.jpeg,colon_aca,train
colonca210.jpeg,colon_aca/colonca210.jpeg,colon_aca,train
colonca2100.jpeg,colon_aca/colonca2100.jpeg,colon_aca,train
colonca2102.jpeg,colon_aca/colonca2102.jpeg,colon_aca,train
colonca2103.jpeg,colon_aca/colonca2103.jpeg,colon_aca,train
colonca2104.jpeg,colon_aca/colonca2104.jpeg,colon_aca,train
colonca2105.jpeg,colon_aca/colonca2105.jpeg,colon_aca,train
colonca2106.jpeg,colon_aca/colonca2106.jpeg,colon_aca,train
colonca2107.jpeg,colon_aca/colonca2107.jpeg,colon_aca,train
colonca2108.jpeg,colon_aca/colonca2108.jpeg,colon_aca,train
colonca2109.jpeg,colon_aca/colonca2109.jpeg,colon_aca,train
colonca2110.jpeg,colon_aca/colonca2110.jpeg,colon_aca,train
colonca2111.jpeg,colon_aca/colonca2111.jpeg,colon_aca,train
colonca2112.jpeg,colon_aca/colonca2112.jpeg,colon_aca,train
colonca2113.jpeg,colon_aca/colonca2113.jpeg,colon_aca,train
colonca2114.jpeg,colon_aca/colonca2114.jpeg,colon_aca,train
colonca2115.jpeg,colon_aca/colonca2115.jpeg,colon_aca,train
colonca2117.jpeg,colon_aca/colonca2117.jpeg,colon_aca,train
colonca2118.jpeg,colon_aca/colonca2118.jpeg,colon_aca,train
colonca2119.jpeg,colon_aca/colonca2119.jpeg,colon_aca,train
colonca212.jpeg,colon_aca/colonca212.jpeg,colon_aca,train
colonca2120.jpeg,colon_aca/colonca2120.jpeg,colon_aca,train
colonca2122.jpeg,colon_aca/colonca2122.jpeg,colon_aca,train
colonca2123.jpeg,colon_aca/colonca2123.jpeg,colon_aca,train
colonca2127.jpeg,colon_aca/colonca2127.jpeg,colon_aca,train
colonca2128.jpeg,colon_aca/colonca2128.jpeg,colon_aca,train
colonca2129.jpeg,colon_aca/colonca2129.jpeg,colon_aca,train
colonca213.jpeg,colon_aca/colonca213.jpeg,colon_aca,train
colonca2130.jpeg,colon_aca/colonca2130.jpeg,colon_aca,train
colonca2131.jpeg,colon_aca/colonca2131.jpeg,colon_aca,train
colonca2132.jpeg,colon_aca/colonca2132.jpeg,colon_aca,train
colonca2134.jpeg,colon_aca/colonca2134.jpeg,colon_aca,train
colonca2135.jpeg,colon_aca/colonca2135.jpeg,colon_aca,train
colonca2136.jpeg,colon_aca/colonca2136.jpeg,colon_aca,train
colonca2137.jpeg,colon_aca/colonca2137.jpeg,colon_aca,train
colonca2139.jpeg,colon_aca/colonca2139.jpeg,colon_aca,train
colonca2140.jpeg,colon_aca/colonca2140.jpeg,colon_aca,train
colonca2141.jpeg,colon_aca/colonca2141.jpeg,colon_aca,train
colonca2142.jpeg,colon_aca/colonca2142.jpeg,colon_aca,train
colonca2143.jpeg,colon_aca/colonca2143.jpeg,colon_aca,train
colonca2145.jpeg,colon_aca/colonca2145.jpeg,colon_aca,train
colonca2146.jpeg,colon_aca/colonca2146.jpeg,colon_aca,train
colonca2147.jpeg,colon_aca/colonca2147.jpeg,colon_aca,train
colonca2148.jpeg,colon_aca/colonca2148.jpeg,colon_aca,train
colonca2149.jpeg,colon_aca/colonca2149.jpeg,colon_aca,train
colonca215.jpeg,colon_aca/colonca215.jpeg,colon_aca,train
colonca2150.jpeg,colon_aca/colonca2150.jpeg,colon_aca,train
colonca2151.jpeg,colon_aca/colonca2151.jpeg,colon_aca,train
colonca2153.jpeg,colon_aca/colonca2153.jpeg,colon_aca,train
colonca2154.jpeg,colon_aca/colonca2154.jpeg,colon_aca,train
colonca2155.jpeg,colon_aca/colonca2155.jpeg,colon_aca,train
colonca2157.jpeg,colon_aca/colonca2157.jpeg,colon_aca,train
colonca2158.jpeg,colon_aca/colonca2158.jpeg,colon_aca,train
colonca216.jpeg,colon_aca/colonca216.jpeg,colon_aca,train
colonca2160.jpeg,colon_aca/colonca2160.jpeg,colon_aca,train
colonca2162.jpeg,colon_aca/colonca2162.jpeg,colon_aca,train
colonca2163.jpeg,colon_aca/colonca2163.jpeg,colon_aca,train
colonca2165.jpeg,colon_aca/colonca2165.jpeg,colon_aca,train
colonca2167.jpeg,colon_aca/colonca2167.jpeg,colon_aca,train
colonca2168.jpeg,colon_aca/colonca2168.jpeg,colon_aca,train
colonca2169.jpeg,colon_aca/colonca2169.jpeg,colon_aca,train
colonca217.jpeg,colon_aca/colonca217.jpeg,colon_aca,train
colonca2170.jpeg,colon_aca/colonca2170.jpeg,colon_aca,train
colonca2173.jpeg,colon_aca/colonca2173.jpeg,colon_aca,train
colonca2174.jpeg,colon_aca/colonca2174.jpeg,colon_aca,train
colonca2176.jpeg,colon_aca/colonca2176.jpeg,colon_aca,train
colonca2177.jpeg,colon_aca/colonca2177.jpeg,colon_aca,train
colonca2179.jpeg,colon_aca/colonca2179.jpeg,colon_aca,train
colonca218.jpeg,colon_aca/colonca218.jpeg,colon_aca,train
colonca2180.jpeg,colon_aca/colonca2180.jpeg,colon_aca,train
colonca2181.jpeg,colon_aca/colonca2181.jpeg,colon_aca,train
colonca2182.jpeg,colon_aca/colonca2182.jpeg,colon_aca,train
colonca2183.jpeg,colon_aca/colonca2183.jpeg,colon_aca,train
colonca2185.jpeg,colon_aca/colonca2185.jpeg,colon_aca,train
colonca2186.jpeg,colon_aca/colonca2186.jpeg,colon_aca,train
colonca2187.jpeg,colon_aca/colonca2187.jpeg,colon_aca,train
colonca2188.jpeg,colon_aca/colonca2188.jpeg,colon_aca,train
colonca2189.jpeg,colon_aca/colonca2189.jpeg,colon_aca,train
colonca2190.jpeg,colon_aca/colonca2190.jpeg,colon_aca,train
colonca2191.jpeg,colon_aca/colonca2191.jpeg,colon_aca,train
colonca2192.jpeg,colon_aca/colonca2192.jpeg,colon_aca,train
colonca2193.jpeg,colon_aca/colonca2193.jpeg,colon_aca,train
colonca2195.jpeg,colon_aca/colonca2195.jpeg,colon_aca,train
colonca2196.jpeg,colon_aca/colonca2196.jpeg,colon_aca,train
colonca2199.jpeg,colon_aca/colonca2199.jpeg,colon_aca,train
colonca22.jpeg,colon_aca/colonca22.jpeg,colon_aca,train
colonca220.jpeg,colon_aca/colonca220.jpeg,colon_aca,train
colonca2200.jpeg,colon_aca/colonca2200.jpeg,colon_aca,train
colonca2201.jpeg,colon_aca/colonca2201.jpeg,colon_aca,train
colonca2203.jpeg,colon_aca/colonca2203.jpeg,colon_aca,train
colonca2204.jpeg,colon_aca/colonca2204.jpeg,colon_aca,train
colonca2206.jpeg,colon_aca/colonca2206.jpeg,colon_aca,train
colonca2207.jpeg,colon_aca/colonca2207.jpeg,colon_aca,train
colonca2208.jpeg,colon_aca/colonca2208.jpeg,colon_aca,train
colonca221.jpeg,colon_aca/colonca221.jpeg,colon_aca,train
colonca2210.jpeg,colon_aca/colonca2210.jpeg,colon_aca,train
colonca2212.jpeg,colon_aca/colonca2212.jpeg,colon_aca,train
colonca2213.jpeg,colon_aca/colonca2213.jpeg,colon_aca,train
colonca2214.jpeg,colon_aca/colonca2214.jpeg,colon_aca,train
colonca2216.jpeg,colon_aca/colonca2216.jpeg,colon_aca,train
colonca2217.jpeg,colon_aca/colonca2217.jpeg,colon_aca,train
colonca2218.jpeg,colon_aca/colonca2218.jpeg,colon_aca,train
colonca2219.jpeg,colon_aca/colonca2219.jpeg,colon_aca,train
colonca222.jpeg,colon_aca/colonca222.jpeg,colon_aca,train
colonca2220.jpeg,colon_aca/colonca2220.jpeg,colon_aca,train
colonca2222.jpeg,colon_aca/colonca2222.jpeg,colon_aca,train
colonca2223.jpeg,colon_aca/colonca2223.jpeg,colon_aca,train
colonca2225.jpeg,colon_aca/colonca2225.jpeg,colon_aca,train
colonca2226.jpeg,colon_aca/colonca2226.jpeg,colon_aca,train
colonca2227.jpeg,colon_aca/colonca2227.jpeg,colon_aca,train
colonca2228.jpeg,colon_aca/colonca2228.jpeg,colon_aca,train
colonca2229.jpeg,colon_aca/colonca2229.jpeg,colon_aca,train
colonca223.jpeg,colon_aca/colonca223.jpeg,colon_aca,train
colonca2230.jpeg,colon_aca/colonca2230.jpeg,colon_aca,train
colonca2231.jpeg,colon_aca/colonca2231.jpeg,colon_aca,train
colonca2232.jpeg,colon_aca/colonca2232.jpeg,colon_aca,train
colonca2233.jpeg,colon_aca/colonca2233.jpeg,colon_aca,train
colonca2234.jpeg,colon_aca/colonca2234.jpeg,colon_aca,train
colonca2236.jpeg,colon_aca/colonca2236.jpeg,colon_aca,train
colonca2237.jpeg,colon_aca/colonca2237.jpeg,colon_aca,train
colonca2238.jpeg,colon_aca/colonca2238.jpeg,colon_aca,train
colonca2239.jpeg,colon_aca/colonca2239.jpeg,colon_aca,train
colonca224.jpeg,colon_aca/colonca224.jpeg,colon_aca,train
colonca2240.jpeg,colon_aca/colonca2240.jpeg,colon_aca,train
colonca2241.jpeg,colon_aca/colonca2241.jpeg,colon_aca,train
colonca2242.jpeg,colon_aca/colonca2242.jpeg,colon_aca,train
colonca2243.jpeg,colon_aca/colonca2243.jpeg,colon_aca,train
colonca2244.jpeg,colon_aca/colonca2244.jpeg,colon_aca,train
colonca2245.jpeg,colon_aca/colonca2245.jpeg,colon_aca,train
colonca2247.jpeg,colon_aca/colonca2247.jpeg,colon_aca,train
colonca2248.jpeg,colon_aca/colonca2248.jpeg,colon_aca,train
colonca2249.jpeg,colon_aca/colonca2249.jpeg,colon_aca,train
colonca2250.jpeg,colon_aca/colonca2250.jpeg,colon_aca,train
colonca2251.jpeg,colon_aca/colonca2251.jpeg,colon_aca,train
colonca2252.jpeg,colon_aca/colonca2252.jpeg,colon_aca,train
colonca2253.jpeg,colon_aca/colonca2253.jpeg,colon_aca,train
colonca2254.jpeg,colon_aca/colonca2254.jpeg,colon_aca,train
colonca2255.jpeg,colon_aca/colonca2255.jpeg,colon_aca,train
colonca2256.jpeg,colon_aca/colonca2256.jpeg,colon_aca,train
colonca2257.jpeg,colon_aca/colonca2257.jpeg,colon_aca,train
colonca2258.jpeg,colon_aca/colonca2258.jpeg,colon_aca,train
colonca2259.jpeg,colon_aca/colonca2259.jpeg,colon_aca,train
colonca2260.jpeg,colon_aca/colonca2260.jpeg,colon_aca,train
colonca2261.jpeg,colon_aca/colonca2261.jpeg,colon_aca,train
colonca2262.jpeg,colon_aca/colonca2262.jpeg,colon_aca,train
colonca2263.jpeg,colon_aca/colonca2263.jpeg,colon_aca,train
colonca2264.jpeg,colon_aca/colonca2264.jpeg,colon_aca,train
colonca2265.jpeg,colon_aca/colonca2265.jpeg,colon_aca,train
colonca2266.jpeg,colon_aca/colonca2266.jpeg,colon_aca,train
colonca2267.jpeg,colon_aca/colonca2267.jpeg,colon_aca,train
colonca2268.jpeg,colon_aca/colonca2268.jpeg,colon_aca,train
colonca2269.jpeg,colon_aca/colonca2269.jpeg,colon_aca,train
colonca227.jpeg,colon_aca/colonca227.jpeg,colon_aca,train
colonca2270.jpeg,colon_aca/colonca2270.jpeg,colon_aca,train
colonca2271.jpeg,colon_aca/colonca2271.jpeg,colon_aca,train
colonca2272.jpeg,colon_aca/colonca2272.jpeg,colon_aca,train
colonca2273.jpeg,colon_aca/colonca2273.jpeg,colon_aca,train
colonca2274.jpeg,colon_aca/colonca2274.jpeg,colon_aca,train
colonca2275.jpeg,colon_aca/colonca2275.jpeg,colon_aca,train
colonca2276.jpeg,colon_aca/colonca2276.jpeg,colon_aca,train
colonca2277.jpeg,colon_aca/colonca2277.jpeg,colon_aca,train
colonca2278.jpeg,colon_aca/colonca2278.jpeg,colon_aca,train
colonca2279.jpeg,colon_aca/colonca2279.jpeg,colon_aca,train
colonca2280.jpeg,colon_aca/colonca2280.jpeg,colon_aca,train
colonca2282.jpeg,colon_aca/colonca2282.jpeg,colon_aca,train
colonca2283.jpeg,colon_aca/colonca2283.jpeg,colon_aca,train
colonca2284.jpeg,colon_aca/colonca2284.jpeg,colon_aca,train
colonca2285.jpeg,colon_aca/colonca2285.jpeg,colon_aca,train
colonca2286.jpeg,colon_aca/colonca2286.jpeg,colon_aca,train
colonca2287.jpeg,colon_aca/colonca2287.jpeg,colon_aca,train
colonca2288.jpeg,colon_aca/colonca2288.jpeg,colon_aca,train
colonca2289.jpeg,colon_aca/colonca2289.jpeg,colon_aca,train
colonca229.jpeg,colon_aca/colonca229.jpeg,colon_aca,train
colonca2291.jpeg,colon_aca/colonca2291.jpeg,colon_aca,train
colonca2292.jpeg,colon_aca/colonca2292.jpeg,colon_aca,train
colonca2293.jpeg,colon_aca/colonca2293.jpeg,colon_aca,train
colonca2294.jpeg,colon_aca/colonca2294.jpeg,colon_aca,train
colonca2296.jpeg,colon_aca/colonca2296.jpeg,colon_aca,train
colonca2298.jpeg,colon_aca/colonca2298.jpeg,colon_aca,train
colonca2299.jpeg,colon_aca/colonca2299.jpeg,colon_aca,train
colonca23.jpeg,colon_aca/colonca23.jpeg,colon_aca,train
colonca230.jpeg,colon_aca/colonca230.jpeg,colon_aca,train
colonca2300.jpeg,colon_aca/colonca2300.jpeg,colon_aca,train
colonca2301.jpeg,colon_aca/colonca2301.jpeg,colon_aca,train
colonca2302.jpeg,colon_aca/colonca2302.jpeg,colon_aca,train
colonca2304.jpeg,colon_aca/colonca2304.jpeg,colon_aca,train
colonca2305.jpeg,colon_aca/colonca2305.jpeg,colon_aca,train
colonca2306.jpeg,colon_aca/colonca2306.jpeg,colon_aca,train
colonca2307.jpeg,colon_aca/colonca2307.jpeg,colon_aca,train
colonca2308.jpeg,colon_aca/colonca2308.jpeg,colon_aca,train
colonca2309.jpeg,colon_aca/colonca2309.jpeg,colon_aca,train
colonca231.jpeg,colon_aca/colonca231.jpeg,colon_aca,train
colonca2310.jpeg,colon_aca/colonca2310.jpeg,colon_aca,train
colonca2311.jpeg,colon_aca/colonca2311.jpeg,colon_aca,train
colonca2312.jpeg,colon_aca/colonca2312.jpeg,colon_aca,train
colonca2313.jpeg,colon_aca/colonca2313.jpeg,colon_aca,train
colonca2316.jpeg,colon_aca/colonca2316.jpeg,colon_aca,train
colonca2317.jpeg,colon_aca/colonca2317.jpeg,colon_aca,train
colonca2318.jpeg,colon_aca/colonca2318.jpeg,colon_aca,train
colonca2319.jpeg,colon_aca/colonca2319.jpeg,colon_aca,train
colonca232.jpeg,colon_aca/colonca232.jpeg,colon_aca,train
colonca2321.jpeg,colon_aca/colonca2321.jpeg,colon_aca,train
colonca2322.jpeg,colon_aca/colonca2322.jpeg,colon_aca,train
colonca2323.jpeg,colon_aca/colonca2323.jpeg,colon_aca,train
colonca2324.jpeg,colon_aca/colonca2324.jpeg,colon_aca,train
colonca2325.jpeg,colon_aca/colonca2325.jpeg,colon_aca,train
colonca2326.jpeg,colon_aca/colonca2326.jpeg,colon_aca,train
colonca2327.jpeg,colon_aca/colonca2327.jpeg,colon_aca,train
colonca2328.jpeg,colon_aca/colonca2328.jpeg,colon_aca,train
colonca2329.jpeg,colon_aca/colonca2329.jpeg,colon_aca,train
colonca233.jpeg,colon_aca/colonca233.jpeg,colon_aca,train
colonca2330.jpeg,colon_aca/colonca2330.jpeg,colon_aca,train
colonca2331.jpeg,colon_aca/colonca2331.jpeg,colon_aca,train
colonca2332.jpeg,colon_aca/colonca2332.jpeg,colon_aca,train
colonca2333.jpeg,colon_aca/colonca2333.jpeg,colon_aca,train
colonca2334.jpeg,colon_aca/colonca2334.jpeg,colon_aca,train
colonca2335.jpeg,colon_aca/colonca2335.jpeg,colon_aca,train
colonca2337.jpeg,colon_aca/colonca2337.jpeg,colon_aca,train
colonca234.jpeg,colon_aca/colonca234.jpeg,colon_aca,train
colonca2340.jpeg,colon_aca/colonca2340.jpeg,colon_aca,train
colonca2341.jpeg,colon_aca/colonca2341.jpeg,colon_aca,train
colonca2342.jpeg,colon_aca/colonca2342.jpeg,colon_aca,train
colonca2343.jpeg,colon_aca/colonca2343.jpeg,colon_aca,train
colonca2344.jpeg,colon_aca/colonca2344.jpeg,colon_aca,train
colonca2345.jpeg,colon_aca/colonca2345.jpeg,colon_aca,train
colonca2346.jpeg,colon_aca/colonca2346.jpeg,colon_aca,train
colonca2347.jpeg,colon_aca/colonca2347.jpeg,colon_aca,train
colonca2348.jpeg,colon_aca/colonca2348.jpeg,colon_aca,train
colonca2349.jpeg,colon_aca/colonca2349.jpeg,colon_aca,train
colonca235.jpeg,colon_aca/colonca235.jpeg,colon_aca,train
colonca2350.jpeg,colon_aca/colonca2350.jpeg,colon_aca,train
colonca2352.jpeg,colon_aca/colonca2352.jpeg,colon_aca,train
colonca2353.jpeg,colon_aca/colonca2353.jpeg,colon_aca,train
colonca2354.jpeg,colon_aca/colonca2354.jpeg,colon_aca,train
colonca2355.jpeg,colon_aca/colonca2355.jpeg,colon_aca,train
colonca2356.jpeg,colon_aca/colonca2356.jpeg,colon_aca,train
colonca2357.jpeg,colon_aca/colonca2357.jpeg,colon_aca,train
colonca2359.jpeg,colon_aca/colonca2359.jpeg,colon_aca,train
colonca236.jpeg,colon_aca/colonca236.jpeg,colon_aca,train
colonca2360.jpeg,colon_aca/colonca2360.jpeg,colon_aca,train
colonca2361.jpeg,colon_aca/colonca2361.jpeg,colon_aca,train
colonca2362.jpeg,colon_aca/colonca2362.jpeg,colon_aca,train
colonca2364.jpeg,colon_aca/colonca2364.jpeg,colon_aca,train
colonca2365.jpeg,colon_aca/colonca2365.jpeg,colon_aca,train
colonca2366.jpeg,colon_aca/colonca2366.jpeg,colon_aca,train
colonca2367.jpeg,colon_aca/colonca2367.jpeg,colon_aca,train
colonca2368.jpeg,colon_aca/colonca2368.jpeg,colon_aca,train
colonca237.jpeg,colon_aca/colonca237.jpeg,colon_aca,train
colonca2370.jpeg,colon_aca/colonca2370.jpeg,colon_aca,train
colonca2371.jpeg,colon_aca/colonca2371.jpeg,colon_aca,train
colonca2372.jpeg,colon_aca/colonca2372.jpeg,colon_aca,train
colonca2373.jpeg,colon_aca/colonca2373.jpeg,colon_aca,train
colonca2374.jpeg,colon_aca/colonca2374.jpeg,colon_aca,train
colonca2375.jpeg,colon_aca/colonca2375.jpeg,colon_aca,train
colonca2376.jpeg,colon_aca/colonca2376.jpeg,colon_aca,train
colonca2377.jpeg,colon_aca/colonca2377.jpeg,colon_aca,train
colonca2378.jpeg,colon_aca/colonca2378.jpeg,colon_aca,train
colonca2379.jpeg,colon_aca/colonca2379.jpeg,colon_aca,train
colonca238.jpeg,colon_aca/colonca238.jpeg,colon_aca,train
colonca2380.jpeg,colon_aca/colonca2380.jpeg,colon_aca,train
colonca2382.jpeg,colon_aca/colonca2382.jpeg,colon_aca,train
colonca2383.jpeg,colon_aca/colonca2383.jpeg,colon_aca,train
colonca2384.jpeg,colon_aca/colonca2384.jpeg,colon_aca,train
colonca2385.jpeg,colon_aca/colonca2385.jpeg,colon_aca,train
colonca2386.jpeg,colon_aca/colonca2386.jpeg,colon_aca,train
colonca2387.jpeg,colon_aca/colonca2387.jpeg,colon_aca,train
colonca2388.jpeg,colon_aca/colonca2388.jpeg,colon_aca,train
colonca2389.jpeg,colon_aca/colonca2389.jpeg,colon_aca,train
colonca2390.jpeg,colon_aca/colonca2390.jpeg,colon_aca,train
colonca2391.jpeg,colon_aca/colonca2391.jpeg,colon_aca,train
colonca2392.jpeg,colon_aca/colonca2392.jpeg,colon_aca,train
colonca2393.jpeg,colon_aca/colonca2393.jpeg,colon_aca,train
colonca2394.jpeg,colon_aca/colonca2394.jpeg,colon_aca,train
colonca2395.jpeg,colon_aca/colonca2395.jpeg,colon_aca,train
colonca2396.jpeg,colon_aca/colonca2396.jpeg,colon_aca,train
colonca2397.jpeg,colon_aca/colonca2397.jpeg,colon_aca,train
colonca2398.jpeg,colon_aca/colonca2398.jpeg,colon_aca,train
colonca2402.jpeg,colon_aca/colonca2402.jpeg,colon_aca,train
colonca2404.jpeg,colon_aca/colonca2404.jpeg,colon_aca,train
colonca2405.jpeg,colon_aca/colonca2405.jpeg,colon_aca,train
colonca2406.jpeg,colon_aca/colonca2406.jpeg,colon_aca,train
colonca2408.jpeg,colon_aca/colonca2408.jpeg,colon_aca,train
colonca2409.jpeg,colon_aca/colonca2409.jpeg,colon_aca,train
colonca241.jpeg,colon_aca/colonca241.jpeg,colon_aca,train
colonca2411.jpeg,colon_aca/colonca2411.jpeg,colon_aca,train
colonca2413.jpeg,colon_aca/colonca2413.jpeg,colon_aca,train
colonca2414.jpeg,colon_aca/colonca2414.jpeg,colon_aca,train
colonca2415.jpeg,colon_aca/colonca2415.jpeg,colon_aca,train
colonca2417.jpeg,colon_aca/colonca2417.jpeg,colon_aca,train
colonca2419.jpeg,colon_aca/colonca2419.jpeg,colon_aca,train
colonca242.jpeg,colon_aca/colonca242.jpeg,colon_aca,train
colonca2420.jpeg,colon_aca/colonca2420.jpeg,colon_aca,train
colonca2423.jpeg,colon_aca/colonca2423.jpeg,colon_aca,train
colonca2424.jpeg,colon_aca/colonca2424.jpeg,colon_aca,train
colonca2425.jpeg,colon_aca/colonca2425.jpeg,colon_aca,train
colonca2426.jpeg,colon_aca/colonca2426.jpeg,colon_aca,train
colonca2427.jpeg,colon_aca/colonca2427.jpeg,colon_aca,train
colonca2428.jpeg,colon_aca/colonca2428.jpeg,colon_aca,train
colonca2429.jpeg,colon_aca/colonca2429.jpeg,colon_aca,train
colonca2430.jpeg,colon_aca/colonca2430.jpeg,colon_aca,train
colonca2432.jpeg,colon_aca/colonca2432.jpeg,colon_aca,train
colonca2433.jpeg,colon_aca/colonca2433.jpeg,colon_aca,train
colonca2434.jpeg,colon_aca/colonca2434.jpeg,colon_aca,train
colonca2435.jpeg,colon_aca/colonca2435.jpeg,colon_aca,train
colonca2436.jpeg,colon_aca/colonca2436.jpeg,colon_aca,train
colonca2437.jpeg,colon_aca/colonca2437.jpeg,colon_aca,train
colonca2438.jpeg,colon_aca/colonca2438.jpeg,colon_aca,train
colonca2439.jpeg,colon_aca/colonca2439.jpeg,colon_aca,train
colonca244.jpeg,colon_aca/colonca244.jpeg,colon_aca,train
colonca2440.jpeg,colon_aca/colonca2440.jpeg,colon_aca,train
colonca2441.jpeg,colon_aca/colonca2441.jpeg,colon_aca,train
colonca2442.jpeg,colon_aca/colonca2442.jpeg,colon_aca,train
colonca2443.jpeg,colon_aca/colonca2443.jpeg,colon_aca,train
colonca2444.jpeg,colon_aca/colonca2444.jpeg,colon_aca,train
colonca2445.jpeg,colon_aca/colonca2445.jpeg,colon_aca,train
colonca2446.jpeg,colon_aca/colonca2446.jpeg,colon_aca,train
colonca2447.jpeg,colon_aca/colonca2447.jpeg,colon_aca,train
colonca2448.jpeg,colon_aca/colonca2448.jpeg,colon_aca,train
colonca2449.jpeg,colon_aca/colonca2449.jpeg,colon_aca,train
colonca245.jpeg,colon_aca/colonca245.jpeg,colon_aca,train
colonca2450.jpeg,colon_aca/colonca2450.jpeg,colon_aca,train
colonca2452.jpeg,colon_aca/colonca2452.jpeg,colon_aca,train
colonca2453.jpeg,colon_aca/colonca2453.jpeg,colon_aca,train
colonca2454.jpeg,colon_aca/colonca2454.jpeg,colon_aca,train
colonca2455.jpeg,colon_aca/colonca2455.jpeg,colon_aca,train
colonca2456.jpeg,colon_aca/colonca2456.jpeg,colon_aca,train
colonca2458.jpeg,colon_aca/colonca2458.jpeg,colon_aca,train
colonca2459.jpeg,colon_aca/colonca2459.jpeg,colon_aca,train
colonca246.jpeg,colon_aca/colonca246.jpeg,colon_aca,train
colonca2461.jpeg,colon_aca/colonca2461.jpeg,colon_aca,train
colonca2462.jpeg,colon_aca/colonca2462.jpeg,colon_aca,train
colonca2463.jpeg,colon_aca/colonca2463.jpeg,colon_aca,train
colonca2466.jpeg,colon_aca/colonca2466.jpeg,colon_aca,train
colonca2468.jpeg,colon_aca/colonca2468.jpeg,colon_aca,train
colonca2470.jpeg,colon_aca/colonca2470.jpeg,colon_aca,train
colonca2471.jpeg,colon_aca/colonca2471.jpeg,colon_aca,train
colonca2472.jpeg,colon_aca/colonca2472.jpeg,colon_aca,train
colonca2473.jpeg,colon_aca/colonca2473.jpeg,colon_aca,train
colonca2474.jpeg,colon_aca/colonca2474.jpeg,colon_aca,train
colonca2475.jpeg,colon_aca/colonca2475.jpeg,colon_aca,train
colonca2476.jpeg,colon_aca/colonca2476.jpeg,colon_aca,train
colonca2477.jpeg,colon_aca/colonca2477.jpeg,colon_aca,train
colonca2478.jpeg,colon_aca/colonca2478.jpeg,colon_aca,train
colonca2479.jpeg,colon_aca/colonca2479.jpeg,colon_aca,train
colonca248.jpeg,colon_aca/colonca248.jpeg,colon_aca,train
colonca2480.jpeg,colon_aca/colonca2480.jpeg,colon_aca,train
colonca2482.jpeg,colon_aca/colonca2482.jpeg,colon_aca,train
colonca2483.jpeg,colon_aca/colonca2483.jpeg,colon_aca,train
colonca2484.jpeg,colon_aca/colonca2484.jpeg,colon_aca,train
colonca2485.jpeg,colon_aca/colonca2485.jpeg,colon_aca,train
colonca2486.jpeg,colon_aca/colonca2486.jpeg,colon_aca,train
colonca2487.jpeg,colon_aca/colonca2487.jpeg,colon_aca,train
colonca2488.jpeg,colon_aca/colonca2488.jpeg,colon_aca,train
colonca2489.jpeg,colon_aca/colonca2489.jpeg,colon_aca,train
colonca249.jpeg,colon_aca/colonca249.jpeg,colon_aca,train
colonca2490.jpeg,colon_aca/colonca2490.jpeg,colon_aca,train
colonca2491.jpeg,colon_aca/colonca2491.jpeg,colon_aca,train
colonca2492.jpeg,colon_aca/colonca2492.jpeg,colon_aca,train
colonca2493.jpeg,colon_aca/colonca2493.jpeg,colon_aca,train
colonca2494.jpeg,colon_aca/colonca2494.jpeg,colon_aca,train
colonca2495.jpeg,colon_aca/colonca2495.jpeg,colon_aca,train
colonca2496.jpeg,colon_aca/colonca2496.jpeg,colon_aca,train
colonca2497.jpeg,colon_aca/colonca2497.jpeg,colon_aca,train
colonca2498.jpeg,colon_aca/colonca2498.jpeg,colon_aca,train
colonca2499.jpeg,colon_aca/colonca2499.jpeg,colon_aca,train
colonca250.jpeg,colon_aca/colonca250.jpeg,colon_aca,train
colonca2500.jpeg,colon_aca/colonca2500.jpeg,colon_aca,train
colonca2501.jpeg,colon_aca/colonca2501.jpeg,colon_aca,train
colonca2502.jpeg,colon_aca/colonca2502.jpeg,colon_aca,train
colonca2503.jpeg,colon_aca/colonca2503.jpeg,colon_aca,train
colonca2505.jpeg,colon_aca/colonca2505.jpeg,colon_aca,train
colonca2506.jpeg,colon_aca/colonca2506.jpeg,colon_aca,train
colonca2507.jpeg,colon_aca/colonca2507.jpeg,colon_aca,train
colonca2508.jpeg,colon_aca/colonca2508.jpeg,colon_aca,train
colonca2509.jpeg,colon_aca/colonca2509.jpeg,colon_aca,train
colonca2510.jpeg,colon_aca/colonca2510.jpeg,colon_aca,train
colonca2511.jpeg,colon_aca/colonca2511.jpeg,colon_aca,train
colonca2512.jpeg,colon_aca/colonca2512.jpeg,colon_aca,train
colonca2513.jpeg,colon_aca/colonca2513.jpeg,colon_aca,train
colonca2514.jpeg,colon_aca/colonca2514.jpeg,colon_aca,train
colonca2515.jpeg,colon_aca/colonca2515.jpeg,colon_aca,train
colonca2516.jpeg,colon_aca/colonca2516.jpeg,colon_aca,train
colonca2517.jpeg,colon_aca/colonca2517.jpeg,colon_aca,train
colonca2518.jpeg,colon_aca/colonca2518.jpeg,colon_aca,train
colonca2519.jpeg,colon_aca/colonca2519.jpeg,colon_aca,train
colonca252.jpeg,colon_aca/colonca252.jpeg,colon_aca,train
colonca2520.jpeg,colon_aca/colonca2520.jpeg,colon_aca,train
colonca2521.jpeg,colon_aca/colonca2521.jpeg,colon_aca,train
colonca2522.jpeg,colon_aca/colonca2522.jpeg,colon_aca,train
colonca2524.jpeg,colon_aca/colonca2524.jpeg,colon_aca,train
colonca2525.jpeg,colon_aca/colonca2525.jpeg,colon_aca,train
colonca2526.jpeg,colon_aca/colonca2526.jpeg,colon_aca,train
colonca2527.jpeg,colon_aca/colonca2527.jpeg,colon_aca,train
colonca2528.jpeg,colon_aca/colonca2528.jpeg,colon_aca,train
colonca2529.jpeg,colon_aca/colonca2529.jpeg,colon_aca,train
colonca253.jpeg,colon_aca/colonca253.jpeg,colon_aca,train
colonca2531.jpeg,colon_aca/colonca2531.jpeg,colon_aca,train
colonca2532.jpeg,colon_aca/colonca2532.jpeg,colon_aca,train
colonca2533.jpeg,colon_aca/colonca2533.jpeg,colon_aca,train
colonca2534.jpeg,colon_aca/colonca2534.jpeg,colon_aca,train
colonca2535.jpeg,colon_aca/colonca2535.jpeg,colon_aca,train
colonca2536.jpeg,colon_aca/colonca2536.jpeg,colon_aca,train
colonca2537.jpeg,colon_aca/colonca2537.jpeg,colon_aca,train
colonca2538.jpeg,colon_aca/colonca2538.jpeg,colon_aca,train
colonca2539.jpeg,colon_aca/colonca2539.jpeg,colon_aca,train
colonca254.jpeg,colon_aca/colonca254.jpeg,colon_aca,train
colonca2540.jpeg,colon_aca/colonca2540.jpeg,colon_aca,train
colonca2541.jpeg,colon_aca/colonca2541.jpeg,colon_aca,train
colonca2542.jpeg,colon_aca/colonca2542.jpeg,colon_aca,train
colonca2544.jpeg,colon_aca/colonca2544.jpeg,colon_aca,train
colonca2545.jpeg,colon_aca/colonca2545.jpeg,colon_aca,train
colonca2546.jpeg,colon_aca/colonca2546.jpeg,colon_aca,train
colonca2549.jpeg,colon_aca/colonca2549.jpeg,colon_aca,train
colonca255.jpeg,colon_aca/colonca255.jpeg,colon_aca,train
colonca2550.jpeg,colon_aca/colonca2550.jpeg,colon_aca,train
colonca2552.jpeg,colon_aca/colonca2552.jpeg,colon_aca,train
colonca2553.jpeg,colon_aca/colonca2553.jpeg,colon_aca,train
colonca2555.jpeg,colon_aca/colonca2555.jpeg,colon_aca,train
colonca2556.jpeg,colon_aca/colonca2556.jpeg,colon_aca,train
colonca2557.jpeg,colon_aca/colonca2557.jpeg,colon_aca,train
colonca2558.jpeg,colon_aca/colonca2558.jpeg,colon_aca,train
colonca256.jpeg,colon_aca/colonca256.jpeg,colon_aca,train
colonca2561.jpeg,colon_aca/colonca2561.jpeg,colon_aca,train
colonca2563.jpeg,colon_aca/colonca2563.jpeg,colon_aca,train
colonca2564.jpeg,colon_aca/colonca2564.jpeg,colon_aca,train
colonca2565.jpeg,colon_aca/colonca2565.jpeg,colon_aca,train
colonca2567.jpeg,colon_aca/colonca2567.jpeg,colon_aca,train
colonca2568.jpeg,colon_aca/colonca2568.jpeg,colon_aca,train
colonca2569.jpeg,colon_aca/colonca2569.jpeg,colon_aca,train
colonca257.jpeg,colon_aca/colonca257.jpeg,colon_aca,train
colonca2571.jpeg,colon_aca/colonca2571.jpeg,colon_aca,train
colonca2572.jpeg,colon_aca/colonca2572.jpeg,colon_aca,train
colonca2573.jpeg,colon_aca/colonca2573.jpeg,colon_aca,train
colonca2577.jpeg,colon_aca/colonca2577.jpeg,colon_aca,train
colonca2578.jpeg,colon_aca/colonca2578.jpeg,colon_aca,train
colonca258.jpeg,colon_aca/colonca258.jpeg,colon_aca,train
colonca2580.jpeg,colon_aca/colonca2580.jpeg,colon_aca,train
colonca2581.jpeg,colon_aca/colonca2581.jpeg,colon_aca,train
colonca2582.jpeg,colon_aca/colonca2582.jpeg,colon_aca,train
colonca2583.jpeg,colon_aca/colonca2583.jpeg,colon_aca,train
colonca2584.jpeg,colon_aca/colonca2584.jpeg,colon_aca,train
colonca2585.jpeg,colon_aca/colonca2585.jpeg,colon_aca,train
colonca2587.jpeg,colon_aca/colonca2587.jpeg,colon_aca,train
colonca2588.jpeg,colon_aca/colonca2588.jpeg,colon_aca,train
colonca2589.jpeg,colon_aca/colonca2589.jpeg,colon_aca,train
colonca259.jpeg,colon_aca/colonca259.jpeg,colon_aca,train
colonca2590.jpeg,colon_aca/colonca2590.jpeg,colon_aca,train
colonca2591.jpeg,colon_aca/colonca2591.jpeg,colon_aca,train
colonca2592.jpeg,colon_aca/colonca2592.jpeg,colon_aca,train
colonca2593.jpeg,colon_aca/colonca2593.jpeg,colon_aca,train
colonca2595.jpeg,colon_aca/colonca2595.jpeg,colon_aca,train
colonca2596.jpeg,colon_aca/colonca2596.jpeg,colon_aca,train
colonca2597.jpeg,colon_aca/colonca2597.jpeg,colon_aca,train
colonca2598.jpeg,colon_aca/colonca2598.jpeg,colon_aca,train
colonca26.jpeg,colon_aca/colonca26.jpeg,colon_aca,train
colonca260.jpeg,colon_aca/colonca260.jpeg,colon_aca,train
colonca2600.jpeg,colon_aca/colonca2600.jpeg,colon_aca,train
colonca2601.jpeg,colon_aca/colonca2601.jpeg,colon_aca,train
colonca2602.jpeg,colon_aca/colonca2602.jpeg,colon_aca,train
colonca2604.jpeg,colon_aca/colonca2604.jpeg,colon_aca,train
colonca2606.jpeg,colon_aca/colonca2606.jpeg,colon_aca,train
colonca2607.jpeg,colon_aca/colonca2607.jpeg,colon_aca,train
colonca2608.jpeg,colon_aca/colonca2608.jpeg,colon_aca,train
colonca2609.jpeg,colon_aca/colonca2609.jpeg,colon_aca,train
colonca261.jpeg,colon_aca/colonca261.jpeg,colon_aca,train
colonca2612.jpeg,colon_aca/colonca2612.jpeg,colon_aca,train
colonca2613.jpeg,colon_aca/colonca2613.jpeg,colon_aca,train
colonca2614.jpeg,colon_aca/colonca2614.jpeg,colon_aca,train
colonca2617.jpeg,colon_aca/colonca2617.jpeg,colon_aca,train
colonca2619.jpeg,colon_aca/colonca2619.jpeg,colon_aca,train
colonca262.jpeg,colon_aca/colonca262.jpeg,colon_aca,train
colonca2620.jpeg,colon_aca/colonca2620.jpeg,colon_aca,train
colonca2625.jpeg,colon_aca/colonca2625.jpeg,colon_aca,train
colonca2626.jpeg,colon_aca/colonca2626.jpeg,colon_aca,train
colonca2627.jpeg,colon_aca/colonca2627.jpeg,colon_aca,train
colonca2628.jpeg,colon_aca/colonca2628.jpeg,colon_aca,train
colonca2629.jpeg,colon_aca/colonca2629.jpeg,colon_aca,train
colonca263.jpeg,colon_aca/colonca263.jpeg,colon_aca,train
colonca2630.jpeg,colon_aca/colonca2630.jpeg,colon_aca,train
colonca2631.jpeg,colon_aca/colonca2631.jpeg,colon_aca,train
colonca2633.jpeg,colon_aca/colonca2633.jpeg,colon_aca,train
colonca2635.jpeg,colon_aca/colonca2635.jpeg,colon_aca,train
colonca2636.jpeg,colon_aca/colonca2636.jpeg,colon_aca,train
colonca2637.jpeg,colon_aca/colonca2637.jpeg,colon_aca,train
colonca2638.jpeg,colon_aca/colonca2638.jpeg,colon_aca,train
colonca264.jpeg,colon_aca/colonca264.jpeg,colon_aca,train
colonca2640.jpeg,colon_aca/colonca2640.jpeg,colon_aca,train
colonca2641.jpeg,colon_aca/colonca2641.jpeg,colon_aca,train
colonca2643.jpeg,colon_aca/colonca2643.jpeg,colon_aca,train
colonca2645.jpeg,colon_aca/colonca2645.jpeg,colon_aca,train
colonca2646.jpeg,colon_aca/colonca2646.jpeg,colon_aca,train
colonca2647.jpeg,colon_aca/colonca2647.jpeg,colon_aca,train
colonca2648.jpeg,colon_aca/colonca2648.jpeg,colon_aca,train
colonca2649.jpeg,colon_aca/colonca2649.jpeg,colon_aca,train
colonca265.jpeg,colon_aca/colonca265.jpeg,colon_aca,train
colonca2650.jpeg,colon_aca/colonca2650.jpeg,colon_aca,train
colonca2652.jpeg,colon_aca/colonca2652.jpeg,colon_aca,train
colonca2653.jpeg,colon_aca/colonca2653.jpeg,colon_aca,train
colonca2654.jpeg,colon_aca/colonca2654.jpeg,colon_aca,train
colonca2657.jpeg,colon_aca/colonca2657.jpeg,colon_aca,train
colonca2658.jpeg,colon_aca/colonca2658.jpeg,colon_aca,train
colonca2659.jpeg,colon_aca/colonca2659.jpeg,colon_aca,train
colonca266.jpeg,colon_aca/colonca266.jpeg,colon_aca,train
colonca2660.jpeg,colon_aca/colonca2660.jpeg,colon_aca,train
colonca2661.jpeg,colon_aca/colonca2661.jpeg,colon_aca,train
colonca2663.jpeg,colon_aca/colonca2663.jpeg,colon_aca,train
colonca2664.jpeg,colon_aca/colonca2664.jpeg,colon_aca,train
colonca2665.jpeg,colon_aca/colonca2665.jpeg,colon_aca,train
colonca2666.jpeg,colon_aca/colonca2666.jpeg,colon_aca,train
colonca2667.jpeg,colon_aca/colonca2667.jpeg,colon_aca,train
colonca2668.jpeg,colon_aca/colonca2668.jpeg,colon_aca,train
colonca2669.jpeg,colon_aca/colonca2669.jpeg,colon_aca,train
colonca267.jpeg,colon_aca/colonca267.jpeg,colon_aca,train
colonca2670.jpeg,colon_aca/colonca2670.jpeg,colon_aca,train
colonca2671.jpeg,colon_aca/colonca2671.jpeg,colon_aca,train
colonca2672.jpeg,colon_aca/colonca2672.jpeg,colon_aca,train
colonca2673.jpeg,colon_aca/colonca2673.jpeg,colon_aca,train
colonca2674.jpeg,colon_aca/colonca2674.jpeg,colon_aca,train
colonca2675.jpeg,colon_aca/colonca2675.jpeg,colon_aca,train
colonca2678.jpeg,colon_aca/colonca2678.jpeg,colon_aca,train
colonca268.jpeg,colon_aca/colonca268.jpeg,colon_aca,train
colonca2680.jpeg,colon_aca/colonca2680.jpeg,colon_aca,train
colonca2681.jpeg,colon_aca/colonca2681.jpeg,colon_aca,train
colonca2682.jpeg,colon_aca/colonca2682.jpeg,colon_aca,train
colonca2684.jpeg,colon_aca/colonca2684.jpeg,colon_aca,train
colonca2685.jpeg,colon_aca/colonca2685.jpeg,colon_aca,train
colonca2686.jpeg,colon_aca/colonca2686.jpeg,colon_aca,train
colonca2689.jpeg,colon_aca/colonca2689.jpeg,colon_aca,train
colonca269.jpeg,colon_aca/colonca269.jpeg,colon_aca,train
colonca2690.jpeg,colon_aca/colonca2690.jpeg,colon_aca,train
colonca2691.jpeg,colon_aca/colonca2691.jpeg,colon_aca,train
colonca2692.jpeg,colon_aca/colonca2692.jpeg,colon_aca,train
colonca2693.jpeg,colon_aca/colonca2693.jpeg,colon_aca,train
colonca2694.jpeg,colon_aca/colonca2694.jpeg,colon_aca,train
colonca2695.jpeg,colon_aca/colonca2695.jpeg,colon_aca,train
colonca2697.jpeg,colon_aca/colonca2697.jpeg,colon_aca,train
colonca2698.jpeg,colon_aca/colonca2698.jpeg,colon_aca,train
colonca27.jpeg,colon_aca/colonca27.jpeg,colon_aca,train
colonca270.jpeg,colon_aca/colonca270.jpeg,colon_aca,train
colonca2700.jpeg,colon_aca/colonca2700.jpeg,colon_aca,train
colonca2701.jpeg,colon_aca/colonca2701.jpeg,colon_aca,train
colonca2702.jpeg,colon_aca/colonca2702.jpeg,colon_aca,train
colonca2704.jpeg,colon_aca/colonca2704.jpeg,colon_aca,train
colonca2706.jpeg,colon_aca/colonca2706.jpeg,colon_aca,train
colonca2707.jpeg,colon_aca/colonca2707.jpeg,colon_aca,train
colonca2708.jpeg,colon_aca/colonca2708.jpeg,colon_aca,train
colonca2709.jpeg,colon_aca/colonca2709.jpeg,colon_aca,train
colonca271.jpeg,colon_aca/colonca271.jpeg,colon_aca,train
colonca2710.jpeg,colon_aca/colonca2710.jpeg,colon_aca,train
colonca2711.jpeg,colon_aca/colonca2711.jpeg,colon_aca,train
colonca2712.jpeg,colon_aca/colonca2712.jpeg,colon_aca,train
colonca2714.jpeg,colon_aca/colonca2714.jpeg,colon_aca,train
colonca2716.jpeg,colon_aca/colonca2716.jpeg,colon_aca,train
colonca2717.jpeg,colon_aca/colonca2717.jpeg,colon_aca,train
colonca2718.jpeg,colon_aca/colonca2718.jpeg,colon_aca,train
colonca2719.jpeg,colon_aca/colonca2719.jpeg,colon_aca,train
colonca2721.jpeg,colon_aca/colonca2721.jpeg,colon_aca,train
colonca2722.jpeg,colon_aca/colonca2722.jpeg,colon_aca,train
colonca2723.jpeg,colon_aca/colonca2723.jpeg,colon_aca,train
colonca2724.jpeg,colon_aca/colonca2724.jpeg,colon_aca,train
colonca2725.jpeg,colon_aca/colonca2725.jpeg,colon_aca,train
colonca2726.jpeg,colon_aca/colonca2726.jpeg,colon_aca,train
colonca2728.jpeg,colon_aca/colonca2728.jpeg,colon_aca,train
colonca2729.jpeg,colon_aca/colonca2729.jpeg,colon_aca,train
colonca2731.jpeg,colon_aca/colonca2731.jpeg,colon_aca,train
colonca2733.jpeg,colon_aca/colonca2733.jpeg,colon_aca,train
colonca2734.jpeg,colon_aca/colonca2734.jpeg,colon_aca,train
colonca2735.jpeg,colon_aca/colonca2735.jpeg,colon_aca,train
colonca2736.jpeg,colon_aca/colonca2736.jpeg,colon_aca,train
colonca2737.jpeg,colon_aca/colonca2737.jpeg,colon_aca,train
colonca2738.jpeg,colon_aca/colonca2738.jpeg,colon_aca,train
colonca2739.jpeg,colon_aca/colonca2739.jpeg,colon_aca,train
colonca274.jpeg,colon_aca/colonca274.jpeg,colon_aca,train
colonca2740.jpeg,colon_aca/colonca2740.jpeg,colon_aca,train
colonca2743.jpeg,colon_aca/colonca2743.jpeg,colon_aca,train
colonca2745.jpeg,colon_aca/colonca2745.jpeg,colon_aca,train
colonca2746.jpeg,colon_aca/colonca2746.jpeg,colon_aca,train
colonca2747.jpeg,colon_aca/colonca2747.jpeg,colon_aca,train
colonca2748.jpeg,colon_aca/colonca2748.jpeg,colon_aca,train
colonca2749.jpeg,colon_aca/colonca2749.jpeg,colon_aca,train
colonca275.jpeg,colon_aca/colonca275.jpeg,colon_aca,train
colonca2750.jpeg,colon_aca/colonca2750.jpeg,colon_aca,train
colonca2751.jpeg,colon_aca/colonca2751.jpeg,colon_aca,train
colonca2752.jpeg,colon_aca/colonca2752.jpeg,colon_aca,train
colonca2754.jpeg,colon_aca/colonca2754.jpeg,colon_aca,train
colonca2755.jpeg,colon_aca/colonca2755.jpeg,colon_aca,train
colonca2756.jpeg,colon_aca/colonca2756.jpeg,colon_aca,train
colonca2757.jpeg,colon_aca/colonca2757.jpeg,colon_aca,train
colonca2760.jpeg,colon_aca/colonca2760.jpeg,colon_aca,train
colonca2761.jpeg,colon_aca/colonca2761.jpeg,colon_aca,train
colonca2765.jpeg,colon_aca/colonca2765.jpeg,colon_aca,train
colonca2766.jpeg,colon_aca/colonca2766.jpeg,colon_aca,train
colonca2768.jpeg,colon_aca/colonca2768.jpeg,colon_aca,train
colonca2769.jpeg,colon_aca/colonca2769.jpeg,colon_aca,train
colonca277.jpeg,colon_aca/colonca277.jpeg,colon_aca,train
colonca2771.jpeg,colon_aca/colonca2771.jpeg,colon_aca,train
colonca2772.jpeg,colon_aca/colonca2772.jpeg,colon_aca,train
colonca2773.jpeg,colon_aca/colonca2773.jpeg,colon_aca,train
colonca2774.jpeg,colon_aca/colonca2774.jpeg,colon_aca,train
colonca2776.jpeg,colon_aca/colonca2776.jpeg,colon_aca,train
colonca2777.jpeg,colon_aca/colonca2777.jpeg,colon_aca,train
colonca2778.jpeg,colon_aca/colonca2778.jpeg,colon_aca,train
colonca278.jpeg,colon_aca/colonca278.jpeg,colon_aca,train
colonca2780.jpeg,colon_aca/colonca2780.jpeg,colon_aca,train
colonca2781.jpeg,colon_aca/colonca2781.jpeg,colon_aca,train
colonca2782.jpeg,colon_aca/colonca2782.jpeg,colon_aca,train
colonca2783.jpeg,colon_aca/colonca2783.jpeg,colon_aca,train
colonca2784.jpeg,colon_aca/colonca2784.jpeg,colon_aca,train
colonca2785.jpeg,colon_aca/colonca2785.jpeg,colon_aca,train
colonca2786.jpeg,colon_aca/colonca2786.jpeg,colon_aca,train
colonca2787.jpeg,colon_aca/colonca2787.jpeg,colon_aca,train
colonca2788.jpeg,colon_aca/colonca2788.jpeg,colon_aca,train
colonca2789.jpeg,colon_aca/colonca2789.jpeg,colon_aca,train
colonca2791.jpeg,colon_aca/colonca2791.jpeg,colon_aca,train
colonca2792.jpeg,colon_aca/colonca2792.jpeg,colon_aca,train
colonca2794.jpeg,colon_aca/colonca2794.jpeg,colon_aca,train
colonca2795.jpeg,colon_aca/colonca2795.jpeg,colon_aca,train
colonca2799.jpeg,colon_aca/colonca2799.jpeg,colon_aca,train
colonca28.jpeg,colon_aca/colonca28.jpeg,colon_aca,train
colonca2800.jpeg,colon_aca/colonca2800.jpeg,colon_aca,train
colonca2801.jpeg,colon_aca/colonca2801.jpeg,colon_aca,train
colonca2802.jpeg,colon_aca/colonca2802.jpeg,colon_aca,train
colonca2805.jpeg,colon_aca/colonca2805.jpeg,colon_aca,train
colonca2806.jpeg,colon_aca/colonca2806.jpeg,colon_aca,train
colonca2807.jpeg,colon_aca/colonca2807.jpeg,colon_aca,train
colonca2808.jpeg,colon_aca/colonca2808.jpeg,colon_aca,train
colonca281.jpeg,colon_aca/colonca281.jpeg,colon_aca,train
colonca2810.jpeg,colon_aca/colonca2810.jpeg,colon_aca,train
colonca2811.jpeg,colon_aca/colonca2811.jpeg,colon_aca,train
colonca2812.jpeg,colon_aca/colonca2812.jpeg,colon_aca,train
colonca2814.jpeg,colon_aca/colonca2814.jpeg,colon_aca,train
colonca2815.jpeg,colon_aca/colonca2815.jpeg,colon_aca,train
colonca2816.jpeg,colon_aca/colonca2816.jpeg,colon_aca,train
colonca2818.jpeg,colon_aca/colonca2818.jpeg,colon_aca,train
colonca2819.jpeg,colon_aca/colonca2819.jpeg,colon_aca,train
colonca282.jpeg,colon_aca/colonca282.jpeg,colon_aca,train
colonca2820.jpeg,colon_aca/colonca2820.jpeg,colon_aca,train
colonca2822.jpeg,colon_aca/colonca2822.jpeg,colon_aca,train
colonca2823.jpeg,colon_aca/colonca2823.jpeg,colon_aca,train
colonca2825.jpeg,colon_aca/colonca2825.jpeg,colon_aca,train
colonca2827.jpeg,colon_aca/colonca2827.jpeg,colon_aca,train
colonca283.jpeg,colon_aca/colonca283.jpeg,colon_aca,train
colonca2830.jpeg,colon_aca/colonca2830.jpeg,colon_aca,train
colonca2832.jpeg,colon_aca/colonca2832.jpeg,colon_aca,train
colonca2833.jpeg,colon_aca/colonca2833.jpeg,colon_aca,train
colonca2834.jpeg,colon_aca/colonca2834.jpeg,colon_aca,train
colonca2835.jpeg,colon_aca/colonca2835.jpeg,colon_aca,train
colonca2837.jpeg,colon_aca/colonca2837.jpeg,colon_aca,train
colonca2838.jpeg,colon_aca/colonca2838.jpeg,colon_aca,train
colonca284.jpeg,colon_aca/colonca284.jpeg,colon_aca,train
colonca2841.jpeg,colon_aca/colonca2841.jpeg,colon_aca,train
colonca2842.jpeg,colon_aca/colonca2842.jpeg,colon_aca,train
colonca2843.jpeg,colon_aca/colonca2843.jpeg,colon_aca,train
colonca2844.jpeg,colon_aca/colonca2844.jpeg,colon_aca,train
colonca2846.jpeg,colon_aca/colonca2846.jpeg,colon_aca,train
colonca2847.jpeg,colon_aca/colonca2847.jpeg,colon_aca,train
colonca2848.jpeg,colon_aca/colonca2848.jpeg,colon_aca,train
colonca2849.jpeg,colon_aca/colonca2849.jpeg,colon_aca,train
colonca285.jpeg,colon_aca/colonca285.jpeg,colon_aca,train
colonca2851.jpeg,colon_aca/colonca2851.jpeg,colon_aca,train
colonca2853.jpeg,colon_aca/colonca2853.jpeg,colon_aca,train
colonca2854.jpeg,colon_aca/colonca2854.jpeg,colon_aca,train
colonca2855.jpeg,colon_aca/colonca2855.jpeg,colon_aca,train
colonca2856.jpeg,colon_aca/colonca2856.jpeg,colon_aca,train
colonca2857.jpeg,colon_aca/colonca2857.jpeg,colon_aca,train
colonca2858.jpeg,colon_aca/colonca2858.jpeg,colon_aca,train
colonca2861.jpeg,colon_aca/colonca2861.jpeg,colon_aca,train
colonca2862.jpeg,colon_aca/colonca2862.jpeg,colon_aca,train
colonca2863.jpeg,colon_aca/colonca2863.jpeg,colon_aca,train
colonca2864.jpeg,colon_aca/colonca2864.jpeg,colon_aca,train
colonca2865.jpeg,colon_aca/colonca2865.jpeg,colon_aca,train
colonca2866.jpeg,colon_aca/colonca2866.jpeg,colon_aca,train
colonca2867.jpeg,colon_aca/colonca2867.jpeg,colon_aca,train
colonca2868.jpeg,colon_aca/colonca2868.jpeg,colon_aca,train
colonca2869.jpeg,colon_aca/colonca2869.jpeg,colon_aca,train
colonca287.jpeg,colon_aca/colonca287.jpeg,colon_aca,train
colonca2870.jpeg,colon_aca/colonca2870.jpeg,colon_aca,train
colonca2871.jpeg,colon_aca/colonca2871.jpeg,colon_aca,train
colonca2872.jpeg,colon_aca/colonca2872.jpeg,colon_aca,train
colonca2873.jpeg,colon_aca/colonca2873.jpeg,colon_aca,train
colonca2874.jpeg,colon_aca/colonca2874.jpeg,colon_aca,train
colonca2875.jpeg,colon_aca/colonca2875.jpeg,colon_aca,train
colonca2876.jpeg,colon_aca/colonca2876.jpeg,colon_aca,train
colonca2878.jpeg,colon_aca/colonca2878.jpeg,colon_aca,train
colonca2879.jpeg,colon_aca/colonca2879.jpeg,colon_aca,train
colonca288.jpeg,colon_aca/colonca288.jpeg,colon_aca,train
colonca2880.jpeg,colon_aca/colonca2880.jpeg,colon_aca,train
colonca2881.jpeg,colon_aca/colonca2881.jpeg,colon_aca,train
colonca2882.jpeg,colon_aca/colonca2882.jpeg,colon_aca,train
colonca2883.jpeg,colon_aca/colonca2883.jpeg,colon_aca,train
colonca2884.jpeg,colon_aca/colonca2884.jpeg,colon_aca,train
colonca2885.jpeg,colon_aca/colonca2885.jpeg,colon_aca,train
colonca2886.jpeg,colon_aca/colonca2886.jpeg,colon_aca,train
colonca2887.jpeg,colon_aca/colonca2887.jpeg,colon_aca,train
colonca2888.jpeg,colon_aca/colonca2888.jpeg,colon_aca,train
colonca289.jpeg,colon_aca/colonca289.jpeg,colon_aca,train
colonca2890.jpeg,colon_aca/colonca2890.jpeg,colon_aca,train
colonca2891.jpeg,colon_aca/colonca2891.jpeg,colon_aca,train
colonca2892.jpeg,colon_aca/colonca2892.jpeg,colon_aca,train
colonca2893.jpeg,colon_aca/colonca2893.jpeg,colon_aca,train
colonca2894.jpeg,colon_aca/colonca2894.jpeg,colon_aca,train
colonca2895.jpeg,colon_aca/colonca2895.jpeg,colon_aca,train
colonca2896.jpeg,colon_aca/colonca2896.jpeg,colon_aca,train
colonca2897.jpeg,colon_aca/colonca2897.jpeg,colon_aca,train
colonca2898.jpeg,colon_aca/colonca2898.jpeg,colon_aca,train
colonca2899.jpeg,colon_aca/colonca2899.jpeg,colon_aca,train
colonca29.jpeg,colon_aca/colonca29.jpeg,colon_aca,train
colonca290.jpeg,colon_aca/colonca290.jpeg,colon_aca,train
colonca2900.jpeg,colon_aca/colonca2900.jpeg,colon_aca,train
colonca2901.jpeg,colon_aca/colonca2901.jpeg,colon_aca,train
colonca2902.jpeg,colon_aca/colonca2902.jpeg,colon_aca,train
colonca2904.jpeg,colon_aca/colonca2904.jpeg,colon_aca,train
colonca2905.jpeg,colon_aca/colonca2905.jpeg,colon_aca,train
colonca2906.jpeg,colon_aca/colonca2906.jpeg,colon_aca,train
colonca2907.jpeg,colon_aca/colonca2907.jpeg,colon_aca,train
colonca2908.jpeg,colon_aca/colonca2908.jpeg,colon_aca,train
colonca2909.jpeg,colon_aca/colonca2909.jpeg,colon_aca,train
colonca2910.jpeg,colon_aca/colonca2910.jpeg,colon_aca,train
colonca2911.jpeg,colon_aca/colonca2911.jpeg,colon_aca,train
colonca2912.jpeg,colon_aca/colonca2912.jpeg,colon_aca,train
colonca2913.jpeg,colon_aca/colonca2913.jpeg,colon_aca,train
colonca2914.jpeg,colon_aca/colonca2914.jpeg,colon_aca,train
colonca2915.jpeg,colon_aca/colonca2915.jpeg,colon_aca,train
colonca2916.jpeg,colon_aca/colonca2916.jpeg,colon_aca,train
colonca2918.jpeg,colon_aca/colonca2918.jpeg,colon_aca,train
colonca2919.jpeg,colon_aca/colonca2919.jpeg,colon_aca,train
colonca292.jpeg,colon_aca/colonca292.jpeg,colon_aca,train
colonca2920.jpeg,colon_aca/colonca2920.jpeg,colon_aca,train
colonca2922.jpeg,colon_aca/colonca2922.jpeg,colon_aca,train
colonca2923.jpeg,colon_aca/colonca2923.jpeg,colon_aca,train
colonca2925.jpeg,colon_aca/colonca2925.jpeg,colon_aca,train
colonca2926.jpeg,colon_aca/colonca2926.jpeg,colon_aca,train
colonca2927.jpeg,colon_aca/colonca2927.jpeg,colon_aca,train
colonca2928.jpeg,colon_aca/colonca2928.jpeg,colon_aca,train
colonca2929.jpeg,colon_aca/colonca2929.jpeg,colon_aca,train
colonca2930.jpeg,colon_aca/colonca2930.jpeg,colon_aca,train
colonca2931.jpeg,colon_aca/colonca2931.jpeg,colon_aca,train
colonca2932.jpeg,colon_aca/colonca2932.jpeg,colon_aca,train
colonca2933.jpeg,colon_aca/colonca2933.jpeg,colon_aca,train
colonca2934.jpeg,colon_aca/colonca2934.jpeg,colon_aca,train
colonca2935.jpeg,colon_aca/colonca2935.jpeg,colon_aca,train
colonca2937.jpeg,colon_aca/colonca2937.jpeg,colon_aca,train
colonca2939.jpeg,colon_aca/colonca2939.jpeg,colon_aca,train
colonca294.jpeg,colon_aca/colonca294.jpeg,colon_aca,train
colonca2941.jpeg,colon_aca/colonca2941.jpeg,colon_aca,train
colonca2942.jpeg,colon_aca/colonca2942.jpeg,colon_aca,train
colonca2943.jpeg,colon_aca/colonca2943.jpeg,colon_aca,train
colonca2944.jpeg,colon_aca/colonca2944.jpeg,colon_aca,train
colonca2946.jpeg,colon_aca/colonca2946.jpeg,colon_aca,train
colonca2947.jpeg,colon_aca/colonca2947.jpeg,colon_aca,train
colonca2948.jpeg,colon_aca/colonca2948.jpeg,colon_aca,train
colonca2950.jpeg,colon_aca/colonca2950.jpeg,colon_aca,train
colonca2952.jpeg,colon_aca/colonca2952.jpeg,colon_aca,train
colonca2955.jpeg,colon_aca/colonca2955.jpeg,colon_aca,train
colonca2959.jpeg,colon_aca/colonca2959.jpeg,colon_aca,train
colonca296.jpeg,colon_aca/colonca296.jpeg,colon_aca,train
colonca2960.jpeg,colon_aca/colonca2960.jpeg,colon_aca,train
colonca2961.jpeg,colon_aca/colonca2961.jpeg,colon_aca,train
colonca2962.jpeg,colon_aca/colonca2962.jpeg,colon_aca,train
colonca2963.jpeg,colon_aca/colonca2963.jpeg,colon_aca,train
colonca2964.jpeg,colon_aca/colonca2964.jpeg,colon_aca,train
colonca2965.jpeg,colon_aca/colonca2965.jpeg,colon_aca,train
colonca2967.jpeg,colon_aca/colonca2967.jpeg,colon_aca,train
colonca297.jpeg,colon_aca/colonca297.jpeg,colon_aca,train
colonca2970.jpeg,colon_aca/colonca2970.jpeg,colon_aca,train
colonca2971.jpeg,colon_aca/colonca2971.jpeg,colon_aca,train
colonca2972.jpeg,colon_aca/colonca2972.jpeg,colon_aca,train
colonca2974.jpeg,colon_aca/colonca2974.jpeg,colon_aca,train
colonca2975.jpeg,colon_aca/colonca2975.jpeg,colon_aca,train
colonca2976.jpeg,colon_aca/colonca2976.jpeg,colon_aca,train
colonca2977.jpeg,colon_aca/colonca2977.jpeg,colon_aca,train
colonca2979.jpeg,colon_aca/colonca2979.jpeg,colon_aca,train
colonca298.jpeg,colon_aca/colonca298.jpeg,colon_aca,train
colonca2980.jpeg,colon_aca/colonca2980.jpeg,colon_aca,train
colonca2981.jpeg,colon_aca/colonca2981.jpeg,colon_aca,train
colonca2982.jpeg,colon_aca/colonca2982.jpeg,colon_aca,train
colonca2983.jpeg,colon_aca/colonca2983.jpeg,colon_aca,train
colonca2984.jpeg,colon_aca/colonca2984.jpeg,colon_aca,train
colonca2985.jpeg,colon_aca/colonca2985.jpeg,colon_aca,train
colonca2987.jpeg,colon_aca/colonca2987.jpeg,colon_aca,train
colonca2988.jpeg,colon_aca/colonca2988.jpeg,colon_aca,train
colonca2989.jpeg,colon_aca/colonca2989.jpeg,colon_aca,train
colonca2991.jpeg,colon_aca/colonca2991.jpeg,colon_aca,train
colonca2992.jpeg,colon_aca/colonca2992.jpeg,colon_aca,train
colonca2993.jpeg,colon_aca/colonca2993.jpeg,colon_aca,train
colonca2995.jpeg,colon_aca/colonca2995.jpeg,colon_aca,train
colonca2996.jpeg,colon_aca/colonca2996.jpeg,colon_aca,train
colonca2998.jpeg,colon_aca/colonca2998.jpeg,colon_aca,train
colonca2999.jpeg,colon_aca/colonca2999.jpeg,colon_aca,train
colonca3.jpeg,colon_aca/colonca3.jpeg,colon_aca,train
colonca30.jpeg,colon_aca/colonca30.jpeg,colon_aca,train
colonca300.jpeg,colon_aca/colonca300.jpeg,colon_aca,train
colonca3001.jpeg,colon_aca/colonca3001.jpeg,colon_aca,train
colonca3002.jpeg,colon_aca/colonca3002.jpeg,colon_aca,train
colonca3003.jpeg,colon_aca/colonca3003.jpeg,colon_aca,train
colonca3004.jpeg,colon_aca/colonca3004.jpeg,colon_aca,train
colonca3007.jpeg,colon_aca/colonca3007.jpeg,colon_aca,train
colonca3008.jpeg,colon_aca/colonca3008.jpeg,colon_aca,train
colonca3009.jpeg,colon_aca/colonca3009.jpeg,colon_aca,train
colonca3010.jpeg,colon_aca/colonca3010.jpeg,colon_aca,train
colonca3011.jpeg,colon_aca/colonca3011.jpeg,colon_aca,train
colonca3012.jpeg,colon_aca/colonca3012.jpeg,colon_aca,train
colonca3014.jpeg,colon_aca/colonca3014.jpeg,colon_aca,train
colonca3015.jpeg,colon_aca/colonca3015.jpeg,colon_aca,train
colonca3016.jpeg,colon_aca/colonca3016.jpeg,colon_aca,train
colonca3017.jpeg,colon_aca/colonca3017.jpeg,colon_aca,train
colonca3018.jpeg,colon_aca/colonca3018.jpeg,colon_aca,train
colonca3019.jpeg,colon_aca/colonca3019.jpeg,colon_aca,train
colonca302.jpeg,colon_aca/colonca302.jpeg,colon_aca,train
colonca3021.jpeg,colon_aca/colonca3021.jpeg,colon_aca,train
colonca3023.jpeg,colon_aca/colonca3023.jpeg,colon_aca,train
colonca3024.jpeg,colon_aca/colonca3024.jpeg,colon_aca,train
colonca3025.jpeg,colon_aca/colonca3025.jpeg,colon_aca,train
colonca3027.jpeg,colon_aca/colonca3027.jpeg,colon_aca,train
colonca3028.jpeg,colon_aca/colonca3028.jpeg,colon_aca,train
colonca3029.jpeg,colon_aca/colonca3029.jpeg,colon_aca,train
colonca303.jpeg,colon_aca/colonca303.jpeg,colon_aca,train
colonca3030.jpeg,colon_aca/colonca3030.jpeg,colon_aca,train
colonca3031.jpeg,colon_aca/colonca3031.jpeg,colon_aca,train
colonca3032.jpeg,colon_aca/colonca3032.jpeg,colon_aca,train
colonca3033.jpeg,colon_aca/colonca3033.jpeg,colon_aca,train
colonca3034.jpeg,colon_aca/colonca3034.jpeg,colon_aca,train
colonca3036.jpeg,colon_aca/colonca3036.jpeg,colon_aca,train
colonca3039.jpeg,colon_aca/colonca3039.jpeg,colon_aca,train
colonca304.jpeg,colon_aca/colonca304.jpeg,colon_aca,train
colonca3040.jpeg,colon_aca/colonca3040.jpeg,colon_aca,train
colonca3041.jpeg,colon_aca/colonca3041.jpeg,colon_aca,train
colonca3043.jpeg,colon_aca/colonca3043.jpeg,colon_aca,train
colonca3044.jpeg,colon_aca/colonca3044.jpeg,colon_aca,train
colonca3045.jpeg,colon_aca/colonca3045.jpeg,colon_aca,train
colonca3046.jpeg,colon_aca/colonca3046.jpeg,colon_aca,train
colonca3050.jpeg,colon_aca/colonca3050.jpeg,colon_aca,train
colonca3053.jpeg,colon_aca/colonca3053.jpeg,colon_aca,train
colonca3055.jpeg,colon_aca/colonca3055.jpeg,colon_aca,train
colonca3057.jpeg,colon_aca/colonca3057.jpeg,colon_aca,train
colonca3058.jpeg,colon_aca/colonca3058.jpeg,colon_aca,train
colonca3059.jpeg,colon_aca/colonca3059.jpeg,colon_aca,train
colonca3060.jpeg,colon_aca/colonca3060.jpeg,colon_aca,train
colonca3061.jpeg,colon_aca/colonca3061.jpeg,colon_aca,train
colonca3062.jpeg,colon_aca/colonca3062.jpeg,colon_aca,train
colonca3063.jpeg,colon_aca/colonca3063.jpeg,colon_aca,train
colonca3064.jpeg,colon_aca/colonca3064.jpeg,colon_aca,train
colonca3065.jpeg,colon_aca/colonca3065.jpeg,colon_aca,train
colonca3066.jpeg,colon_aca/colonca3066.jpeg,colon_aca,train
colonca3067.jpeg,colon_aca/colonca3067.jpeg,colon_aca,train
colonca3068.jpeg,colon_aca/colonca3068.jpeg,colon_aca,train
colonca3069.jpeg,colon_aca/colonca3069.jpeg,colon_aca,train
colonca307.jpeg,colon_aca/colonca307.jpeg,colon_aca,train
colonca3070.jpeg,colon_aca/colonca3070.jpeg,colon_aca,train
colonca3071.jpeg,colon_aca/colonca3071.jpeg,colon_aca,train
colonca3072.jpeg,colon_aca/colonca3072.jpeg,colon_aca,train
colonca3073.jpeg,colon_aca/colonca3073.jpeg,colon_aca,train
colonca3074.jpeg,colon_aca/colonca3074.jpeg,colon_aca,train
colonca3075.jpeg,colon_aca/colonca3075.jpeg,colon_aca,train
colonca3077.jpeg,colon_aca/colonca3077.jpeg,colon_aca,train
colonca3078.jpeg,colon_aca/colonca3078.jpeg,colon_aca,train
colonca3079.jpeg,colon_aca/colonca3079.jpeg,colon_aca,train
colonca308.jpeg,colon_aca/colonca308.jpeg,colon_aca,train
colonca3080.jpeg,colon_aca/colonca3080.jpeg,colon_aca,train
colonca3081.jpeg,colon_aca/colonca3081.jpeg,colon_aca,train
colonca3082.jpeg,colon_aca/colonca3082.jpeg,colon_aca,train
colonca3086.jpeg,colon_aca/colonca3086.jpeg,colon_aca,train
colonca3087.jpeg,colon_aca/colonca3087.jpeg,colon_aca,train
colonca3088.jpeg,colon_aca/colonca3088.jpeg,colon_aca,train
colonca3089.jpeg,colon_aca/colonca3089.jpeg,colon_aca,train
colonca309.jpeg,colon_aca/colonca309.jpeg,colon_aca,train
colonca3091.jpeg,colon_aca/colonca3091.jpeg,colon_aca,train
colonca3092.jpeg,colon_aca/colonca3092.jpeg,colon_aca,train
colonca3093.jpeg,colon_aca/colonca3093.jpeg,colon_aca,train
colonca3094.jpeg,colon_aca/colonca3094.jpeg,colon_aca,train
colonca3096.jpeg,colon_aca/colonca3096.jpeg,colon_aca,train
colonca3097.jpeg,colon_aca/colonca3097.jpeg,colon_aca,train
colonca3098.jpeg,colon_aca/colonca3098.jpeg,colon_aca,train
colonca3099.jpeg,colon_aca/colonca3099.jpeg,colon_aca,train
colonca310.jpeg,colon_aca/colonca310.jpeg,colon_aca,train
colonca3101.jpeg,colon_aca/colonca3101.jpeg,colon_aca,train
colonca3102.jpeg,colon_aca/colonca3102.jpeg,colon_aca,train
colonca3103.jpeg,colon_aca/colonca3103.jpeg,colon_aca,train
colonca3105.jpeg,colon_aca/colonca3105.jpeg,colon_aca,train
colonca3106.jpeg,colon_aca/colonca3106.jpeg,colon_aca,train
colonca3107.jpeg,colon_aca/colonca3107.jpeg,colon_aca,train
colonca3108.jpeg,colon_aca/colonca3108.jpeg,colon_aca,train
colonca3109.jpeg,colon_aca/colonca3109.jpeg,colon_aca,train
colonca311.jpeg,colon_aca/colonca311.jpeg,colon_aca,train
colonca3110.jpeg,colon_aca/colonca3110.jpeg,colon_aca,train
colonca3111.jpeg,colon_aca/colonca3111.jpeg,colon_aca,train
colonca3112.jpeg,colon_aca/colonca3112.jpeg,colon_aca,train
colonca3114.jpeg,colon_aca/colonca3114.jpeg,colon_aca,train
colonca3115.jpeg,colon_aca/colonca3115.jpeg,colon_aca,train
colonca3116.jpeg,colon_aca/colonca3116.jpeg,colon_aca,train
colonca3117.jpeg,colon_aca/colonca3117.jpeg,colon_aca,train
colonca3118.jpeg,colon_aca/colonca3118.jpeg,colon_aca,train
colonca3119.jpeg,colon_aca/colonca3119.jpeg,colon_aca,train
colonca312.jpeg,colon_aca/colonca312.jpeg,colon_aca,train
colonca3120.jpeg,colon_aca/colonca3120.jpeg,colon_aca,train
colonca3124.jpeg,colon_aca/colonca3124.jpeg,colon_aca,train
colonca3125.jpeg,colon_aca/colonca3125.jpeg,colon_aca,train
colonca3127.jpeg,colon_aca/colonca3127.jpeg,colon_aca,train
colonca3128.jpeg,colon_aca/colonca3128.jpeg,colon_aca,train
colonca3129.jpeg,colon_aca/colonca3129.jpeg,colon_aca,train
colonca313.jpeg,colon_aca/colonca313.jpeg,colon_aca,train
colonca3130.jpeg,colon_aca/colonca3130.jpeg,colon_aca,train
colonca3132.jpeg,colon_aca/colonca3132.jpeg,colon_aca,train
colonca3133.jpeg,colon_aca/colonca3133.jpeg,colon_aca,train
colonca3134.jpeg,colon_aca/colonca3134.jpeg,colon_aca,train
colonca3135.jpeg,colon_aca/colonca3135.jpeg,colon_aca,train
colonca3136.jpeg,colon_aca/colonca3136.jpeg,colon_aca,train
colonca3137.jpeg,colon_aca/colonca3137.jpeg,colon_aca,train
colonca3138.jpeg,colon_aca/colonca3138.jpeg,colon_aca,train
colonca3139.jpeg,colon_aca/colonca3139.jpeg,colon_aca,train
colonca314.jpeg,colon_aca/colonca314.jpeg,colon_aca,train
colonca3140.jpeg,colon_aca/colonca3140.jpeg,colon_aca,train
colonca3141.jpeg,colon_aca/colonca3141.jpeg,colon_aca,train
colonca3142.jpeg,colon_aca/colonca3142.jpeg,colon_aca,train
colonca3143.jpeg,colon_aca/colonca3143.jpeg,colon_aca,train
colonca3144.jpeg,colon_aca/colonca3144.jpeg,colon_aca,train
colonca3146.jpeg,colon_aca/colonca3146.jpeg,colon_aca,train
colonca3147.jpeg,colon_aca/colonca3147.jpeg,colon_aca,train
colonca3148.jpeg,colon_aca/colonca3148.jpeg,colon_aca,train
colonca3149.jpeg,colon_aca/colonca3149.jpeg,colon_aca,train
colonca3150.jpeg,colon_aca/colonca3150.jpeg,colon_aca,train
colonca3151.jpeg,colon_aca/colonca3151.jpeg,colon_aca,train
colonca3153.jpeg,colon_aca/colonca3153.jpeg,colon_aca,train
colonca3154.jpeg,colon_aca/colonca3154.jpeg,colon_aca,train
colonca3155.jpeg,colon_aca/colonca3155.jpeg,colon_aca,train
colonca3156.jpeg,colon_aca/colonca3156.jpeg,colon_aca,train
colonca3157.jpeg,colon_aca/colonca3157.jpeg,colon_aca,train
colonca3158.jpeg,colon_aca/colonca3158.jpeg,colon_aca,train
colonca3159.jpeg,colon_aca/colonca3159.jpeg,colon_aca,train
colonca3160.jpeg,colon_aca/colonca3160.jpeg,colon_aca,train
colonca3161.jpeg,colon_aca/colonca3161.jpeg,colon_aca,train
colonca3163.jpeg,colon_aca/colonca3163.jpeg,colon_aca,train
colonca3164.jpeg,colon_aca/colonca3164.jpeg,colon_aca,train
colonca3165.jpeg,colon_aca/colonca3165.jpeg,colon_aca,train
colonca3166.jpeg,colon_aca/colonca3166.jpeg,colon_aca,train
colonca3167.jpeg,colon_aca/colonca3167.jpeg,colon_aca,train
colonca3169.jpeg,colon_aca/colonca3169.jpeg,colon_aca,train
colonca317.jpeg,colon_aca/colonca317.jpeg,colon_aca,train
colonca3170.jpeg,colon_aca/colonca3170.jpeg,colon_aca,train
colonca3171.jpeg,colon_aca/colonca3171.jpeg,colon_aca,train
colonca3172.jpeg,colon_aca/colonca3172.jpeg,colon_aca,train
colonca3173.jpeg,colon_aca/colonca3173.jpeg,colon_aca,train
colonca3175.jpeg,colon_aca/colonca3175.jpeg,colon_aca,train
colonca3176.jpeg,colon_aca/colonca3176.jpeg,colon_aca,train
colonca3177.jpeg,colon_aca/colonca3177.jpeg,colon_aca,train
colonca3178.jpeg,colon_aca/colonca3178.jpeg,colon_aca,train
colonca318.jpeg,colon_aca/colonca318.jpeg,colon_aca,train
colonca3180.jpeg,colon_aca/colonca3180.jpeg,colon_aca,train
colonca3181.jpeg,colon_aca/colonca3181.jpeg,colon_aca,train
colonca3183.jpeg,colon_aca/colonca3183.jpeg,colon_aca,train
colonca3184.jpeg,colon_aca/colonca3184.jpeg,colon_aca,train
colonca3185.jpeg,colon_aca/colonca3185.jpeg,colon_aca,train
colonca3187.jpeg,colon_aca/colonca3187.jpeg,colon_aca,train
colonca3188.jpeg,colon_aca/colonca3188.jpeg,colon_aca,train
colonca3189.jpeg,colon_aca/colonca3189.jpeg,colon_aca,train
colonca319.jpeg,colon_aca/colonca319.jpeg,colon_aca,train
colonca3191.jpeg,colon_aca/colonca3191.jpeg,colon_aca,train
colonca3192.jpeg,colon_aca/colonca3192.jpeg,colon_aca,train
colonca3193.jpeg,colon_aca/colonca3193.jpeg,colon_aca,train
colonca3194.jpeg,colon_aca/colonca3194.jpeg,colon_aca,train
colonca3195.jpeg,colon_aca/colonca3195.jpeg,colon_aca,train
colonca3196.jpeg,colon_aca/colonca3196.jpeg,colon_aca,train
colonca3197.jpeg,colon_aca/colonca3197.jpeg,colon_aca,train
colonca3198.jpeg,colon_aca/colonca3198.jpeg,colon_aca,train
colonca3200.jpeg,colon_aca/colonca3200.jpeg,colon_aca,train
colonca3201.jpeg,colon_aca/colonca3201.jpeg,colon_aca,train
colonca3202.jpeg,colon_aca/colonca3202.jpeg,colon_aca,train
colonca3203.jpeg,colon_aca/colonca3203.jpeg,colon_aca,train
colonca3204.jpeg,colon_aca/colonca3204.jpeg,colon_aca,train
colonca3206.jpeg,colon_aca/colonca3206.jpeg,colon_aca,train
colonca3207.jpeg,colon_aca/colonca3207.jpeg,colon_aca,train
colonca3208.jpeg,colon_aca/colonca3208.jpeg,colon_aca,train
colonca3209.jpeg,colon_aca/colonca3209.jpeg,colon_aca,train
colonca3210.jpeg,colon_aca/colonca3210.jpeg,colon_aca,train
colonca3211.jpeg,colon_aca/colonca3211.jpeg,colon_aca,train
colonca3213.jpeg,colon_aca/colonca3213.jpeg,colon_aca,train
colonca3214.jpeg,colon_aca/colonca3214.jpeg,colon_aca,train
colonca3215.jpeg,colon_aca/colonca3215.jpeg,colon_aca,train
colonca3216.jpeg,colon_aca/colonca3216.jpeg,colon_aca,train
colonca3218.jpeg,colon_aca/colonca3218.jpeg,colon_aca,train
colonca3219.jpeg,colon_aca/colonca3219.jpeg,colon_aca,train
colonca322.jpeg,colon_aca/colonca322.jpeg,colon_aca,train
colonca3220.jpeg,colon_aca/colonca3220.jpeg,colon_aca,train
colonca3222.jpeg,colon_aca/colonca3222.jpeg,colon_aca,train
colonca3223.jpeg,colon_aca/colonca3223.jpeg,colon_aca,train
colonca3224.jpeg,colon_aca/colonca3224.jpeg,colon_aca,train
colonca3225.jpeg,colon_aca/colonca3225.jpeg,colon_aca,train
colonca3226.jpeg,colon_aca/colonca3226.jpeg,colon_aca,train
colonca3228.jpeg,colon_aca/colonca3228.jpeg,colon_aca,train
colonca323.jpeg,colon_aca/colonca323.jpeg,colon_aca,train
colonca3230.jpeg,colon_aca/colonca3230.jpeg,colon_aca,train
colonca3231.jpeg,colon_aca/colonca3231.jpeg,colon_aca,train
colonca3232.jpeg,colon_aca/colonca3232.jpeg,colon_aca,train
colonca3233.jpeg,colon_aca/colonca3233.jpeg,colon_aca,train
colonca3234.jpeg,colon_aca/colonca3234.jpeg,colon_aca,train
colonca3235.jpeg,colon_aca/colonca3235.jpeg,colon_aca,train
colonca3236.jpeg,colon_aca/colonca3236.jpeg,colon_aca,train
colonca3237.jpeg,colon_aca/colonca3237.jpeg,colon_aca,train
colonca3238.jpeg,colon_aca/colonca3238.jpeg,colon_aca,train
colonca324.jpeg,colon_aca/colonca324.jpeg,colon_aca,train
colonca3241.jpeg,colon_aca/colonca3241.jpeg,colon_aca,train
colonca3242.jpeg,colon_aca/colonca3242.jpeg,colon_aca,train
colonca3243.jpeg,colon_aca/colonca3243.jpeg,colon_aca,train
colonca3244.jpeg,colon_aca/colonca3244.jpeg,colon_aca,train
colonca3245.jpeg,colon_aca/colonca3245.jpeg,colon_aca,train
colonca3246.jpeg,colon_aca/colonca3246.jpeg,colon_aca,train
colonca3247.jpeg,colon_aca/colonca3247.jpeg,colon_aca,train
colonca3248.jpeg,colon_aca/colonca3248.jpeg,colon_aca,train
colonca3250.jpeg,colon_aca/colonca3250.jpeg,colon_aca,train
colonca3251.jpeg,colon_aca/colonca3251.jpeg,colon_aca,train
colonca3252.jpeg,colon_aca/colonca3252.jpeg,colon_aca,train
colonca3253.jpeg,colon_aca/colonca3253.jpeg,colon_aca,train
colonca3254.jpeg,colon_aca/colonca3254.jpeg,colon_aca,train
colonca3255.jpeg,colon_aca/colonca3255.jpeg,colon_aca,train
colonca3257.jpeg,colon_aca/colonca3257.jpeg,colon_aca,train
colonca3258.jpeg,colon_aca/colonca3258.jpeg,colon_aca,train
colonca326.jpeg,colon_aca/colonca326.jpeg,colon_aca,train
colonca3260.jpeg,colon_aca/colonca3260.jpeg,colon_aca,train
colonca3261.jpeg,colon_aca/colonca3261.jpeg,colon_aca,train
colonca3262.jpeg,colon_aca/colonca3262.jpeg,colon_aca,train
colonca3263.jpeg,colon_aca/colonca3263.jpeg,colon_aca,train
colonca3264.jpeg,colon_aca/colonca3264.jpeg,colon_aca,train
colonca3265.jpeg,colon_aca/colonca3265.jpeg,colon_aca,train
colonca3267.jpeg,colon_aca/colonca3267.jpeg,colon_aca,train
colonca3268.jpeg,colon_aca/colonca3268.jpeg,colon_aca,train
colonca3269.jpeg,colon_aca/colonca3269.jpeg,colon_aca,train
colonca327.jpeg,colon_aca/colonca327.jpeg,colon_aca,train
colonca3270.jpeg,colon_aca/colonca3270.jpeg,colon_aca,train
colonca3272.jpeg,colon_aca/colonca3272.jpeg,colon_aca,train
colonca3273.jpeg,colon_aca/colonca3273.jpeg,colon_aca,train
colonca3274.jpeg,colon_aca/colonca3274.jpeg,colon_aca,train
colonca3276.jpeg,colon_aca/colonca3276.jpeg,colon_aca,train
colonca3277.jpeg,colon_aca/colonca3277.jpeg,colon_aca,train
colonca3278.jpeg,colon_aca/colonca3278.jpeg,colon_aca,train
colonca328.jpeg,colon_aca/colonca328.jpeg,colon_aca,train
colonca3280.jpeg,colon_aca/colonca3280.jpeg,colon_aca,train
colonca3281.jpeg,colon_aca/colonca3281.jpeg,colon_aca,train
colonca3282.jpeg,colon_aca/colonca3282.jpeg,colon_aca,train
colonca3283.jpeg,colon_aca/colonca3283.jpeg,colon_aca,train
colonca3284.jpeg,colon_aca/colonca3284.jpeg,colon_aca,train
colonca3285.jpeg,colon_aca/colonca3285.jpeg,colon_aca,train
colonca3286.jpeg,colon_aca/colonca3286.jpeg,colon_aca,train
colonca3288.jpeg,colon_aca/colonca3288.jpeg,colon_aca,train
colonca3289.jpeg,colon_aca/colonca3289.jpeg,colon_aca,train
colonca3290.jpeg,colon_aca/colonca3290.jpeg,colon_aca,train
colonca3291.jpeg,colon_aca/colonca3291.jpeg,colon_aca,train
colonca3293.jpeg,colon_aca/colonca3293.jpeg,colon_aca,train
colonca3294.jpeg,colon_aca/colonca3294.jpeg,colon_aca,train
colonca3295.jpeg,colon_aca/colonca3295.jpeg,colon_aca,train
colonca3298.jpeg,colon_aca/colonca3298.jpeg,colon_aca,train
colonca33.jpeg,colon_aca/colonca33.jpeg,colon_aca,train
colonca330.jpeg,colon_aca/colonca330.jpeg,colon_aca,train
colonca3300.jpeg,colon_aca/colonca3300.jpeg,colon_aca,train
colonca3301.jpeg,colon_aca/colonca3301.jpeg,colon_aca,train
colonca3302.jpeg,colon_aca/colonca3302.jpeg,colon_aca,train
colonca3303.jpeg,colon_aca/colonca3303.jpeg,colon_aca,train
colonca3304.jpeg,colon_aca/colonca3304.jpeg,colon_aca,train
colonca3305.jpeg,colon_aca/colonca3305.jpeg,colon_aca,train
colonca3306.jpeg,colon_aca/colonca3306.jpeg,colon_aca,train
colonca3307.jpeg,colon_aca/colonca3307.jpeg,colon_aca,train
colonca3308.jpeg,colon_aca/colonca3308.jpeg,colon_aca,train
colonca331.jpeg,colon_aca/colonca331.jpeg,colon_aca,train
colonca3311.jpeg,colon_aca/colonca3311.jpeg,colon_aca,train
colonca3313.jpeg,colon_aca/colonca3313.jpeg,colon_aca,train
colonca3315.jpeg,colon_aca/colonca3315.jpeg,colon_aca,train
colonca3316.jpeg,colon_aca/colonca3316.jpeg,colon_aca,train
colonca3319.jpeg,colon_aca/colonca3319.jpeg,colon_aca,train
colonca332.jpeg,colon_aca/colonca332.jpeg,colon_aca,train
colonca3320.jpeg,colon_aca/colonca3320.jpeg,colon_aca,train
colonca3321.jpeg,colon_aca/colonca3321.jpeg,colon_aca,train
colonca3322.jpeg,colon_aca/colonca3322.jpeg,colon_aca,train
colonca3323.jpeg,colon_aca/colonca3323.jpeg,colon_aca,train
colonca3326.jpeg,colon_aca/colonca3326.jpeg,colon_aca,train
colonca3327.jpeg,colon_aca/colonca3327.jpeg,colon_aca,train
colonca3328.jpeg,colon_aca/colonca3328.jpeg,colon_aca,train
colonca3329.jpeg,colon_aca/colonca3329.jpeg,colon_aca,train
colonca3331.jpeg,colon_aca/colonca3331.jpeg,colon_aca,train
colonca3332.jpeg,colon_aca/colonca3332.jpeg,colon_aca,train
colonca3333.jpeg,colon_aca/colonca3333.jpeg,colon_aca,train
colonca3335.jpeg,colon_aca/colonca3335.jpeg,colon_aca,train
colonca3336.jpeg,colon_aca/colonca3336.jpeg,colon_aca,train
colonca3337.jpeg,colon_aca/colonca3337.jpeg,colon_aca,train
colonca3339.jpeg,colon_aca/colonca3339.jpeg,colon_aca,train
colonca334.jpeg,colon_aca/colonca334.jpeg,colon_aca,train
colonca3340.jpeg,colon_aca/colonca3340.jpeg,colon_aca,train
colonca3341.jpeg,colon_aca/colonca3341.jpeg,colon_aca,train
colonca3342.jpeg,colon_aca/colonca3342.jpeg,colon_aca,train
colonca3343.jpeg,colon_aca/colonca3343.jpeg,colon_aca,train
colonca3345.jpeg,colon_aca/colonca3345.jpeg,colon_aca,train
colonca3346.jpeg,colon_aca/colonca3346.jpeg,colon_aca,train
colonca3347.jpeg,colon_aca/colonca3347.jpeg,colon_aca,train
colonca3348.jpeg,colon_aca/colonca3348.jpeg,colon_aca,train
colonca3349.jpeg,colon_aca/colonca3349.jpeg,colon_aca,train
colonca335.jpeg,colon_aca/colonca335.jpeg,colon_aca,train
colonca3350.jpeg,colon_aca/colonca3350.jpeg,colon_aca,train
colonca3351.jpeg,colon_aca/colonca3351.jpeg,colon_aca,train
colonca3352.jpeg,colon_aca/colonca3352.jpeg,colon_aca,train
colonca3353.jpeg,colon_aca/colonca3353.jpeg,colon_aca,train
colonca3354.jpeg,colon_aca/colonca3354.jpeg,colon_aca,train
colonca3355.jpeg,colon_aca/colonca3355.jpeg,colon_aca,train
colonca3357.jpeg,colon_aca/colonca3357.jpeg,colon_aca,train
colonca3358.jpeg,colon_aca/colonca3358.jpeg,colon_aca,train
colonca3359.jpeg,colon_aca/colonca3359.jpeg,colon_aca,train
colonca336.jpeg,colon_aca/colonca336.jpeg,colon_aca,train
colonca3360.jpeg,colon_aca/colonca3360.jpeg,colon_aca,train
colonca3361.jpeg,colon_aca/colonca3361.jpeg,colon_aca,train
colonca3362.jpeg,colon_aca/colonca3362.jpeg,colon_aca,train
colonca3363.jpeg,colon_aca/colonca3363.jpeg,colon_aca,train
colonca3364.jpeg,colon_aca/colonca3364.jpeg,colon_aca,train
colonca3365.jpeg,colon_aca/colonca3365.jpeg,colon_aca,train
colonca3367.jpeg,colon_aca/colonca3367.jpeg,colon_aca,train
colonca3368.jpeg,colon_aca/colonca3368.jpeg,colon_aca,train
colonca3369.jpeg,colon_aca/colonca3369.jpeg,colon_aca,train
colonca337.jpeg,colon_aca/colonca337.jpeg,colon_aca,train
colonca3370.jpeg,colon_aca/colonca3370.jpeg,colon_aca,train
colonca3372.jpeg,colon_aca/colonca3372.jpeg,colon_aca,train
colonca3373.jpeg,colon_aca/colonca3373.jpeg,colon_aca,train
colonca3376.jpeg,colon_aca/colonca3376.jpeg,colon_aca,train
colonca3377.jpeg,colon_aca/colonca3377.jpeg,colon_aca,train
colonca3378.jpeg,colon_aca/colonca3378.jpeg,colon_aca,train
colonca3379.jpeg,colon_aca/colonca3379.jpeg,colon_aca,train
colonca338.jpeg,colon_aca/colonca338.jpeg,colon_aca,train
colonca3380.jpeg,colon_aca/colonca3380.jpeg,colon_aca,train
colonca3381.jpeg,colon_aca/colonca3381.jpeg,colon_aca,train
colonca3383.jpeg,colon_aca/colonca3383.jpeg,colon_aca,train
colonca3384.jpeg,colon_aca/colonca3384.jpeg,colon_aca,train
colonca3385.jpeg,colon_aca/colonca3385.jpeg,colon_aca,train
colonca3386.jpeg,colon_aca/colonca3386.jpeg,colon_aca,train
colonca3387.jpeg,colon_aca/colonca3387.jpeg,colon_aca,train
colonca3388.jpeg,colon_aca/colonca3388.jpeg,colon_aca,train
colonca3390.jpeg,colon_aca/colonca3390.jpeg,colon_aca,train
colonca3391.jpeg,colon_aca/colonca3391.jpeg,colon_aca,train
colonca3392.jpeg,colon_aca/colonca3392.jpeg,colon_aca,train
colonca3393.jpeg,colon_aca/colonca3393.jpeg,colon_aca,train
colonca3396.jpeg,colon_aca/colonca3396.jpeg,colon_aca,train
colonca3397.jpeg,colon_aca/colonca3397.jpeg,colon_aca,train
colonca3398.jpeg,colon_aca/colonca3398.jpeg,colon_aca,train
colonca3399.jpeg,colon_aca/colonca3399.jpeg,colon_aca,train
colonca34.jpeg,colon_aca/colonca34.jpeg,colon_aca,train
colonca340.jpeg,colon_aca/colonca340.jpeg,colon_aca,train
colonca3400.jpeg,colon_aca/colonca3400.jpeg,colon_aca,train
colonca3402.jpeg,colon_aca/colonca3402.jpeg,colon_aca,train
colonca3404.jpeg,colon_aca/colonca3404.jpeg,colon_aca,train
colonca3405.jpeg,colon_aca/colonca3405.jpeg,colon_aca,train
colonca3406.jpeg,colon_aca/colonca3406.jpeg,colon_aca,train
colonca3407.jpeg,colon_aca/colonca3407.jpeg,colon_aca,train
colonca3409.jpeg,colon_aca/colonca3409.jpeg,colon_aca,train
colonca341.jpeg,colon_aca/colonca341.jpeg,colon_aca,train
colonca3410.jpeg,colon_aca/colonca3410.jpeg,colon_aca,train
colonca3412.jpeg,colon_aca/colonca3412.jpeg,colon_aca,train
colonca3413.jpeg,colon_aca/colonca3413.jpeg,colon_aca,train
colonca3414.jpeg,colon_aca/colonca3414.jpeg,colon_aca,train
colonca3415.jpeg,colon_aca/colonca3415.jpeg,colon_aca,train
colonca3416.jpeg,colon_aca/colonca3416.jpeg,colon_aca,train
colonca3417.jpeg,colon_aca/colonca3417.jpeg,colon_aca,train
colonca3418.jpeg,colon_aca/colonca3418.jpeg,colon_aca,train
colonca342.jpeg,colon_aca/colonca342.jpeg,colon_aca,train
colonca3420.jpeg,colon_aca/colonca3420.jpeg,colon_aca,train
colonca3421.jpeg,colon_aca/colonca3421.jpeg,colon_aca,train
colonca3422.jpeg,colon_aca/colonca3422.jpeg,colon_aca,train
colonca3423.jpeg,colon_aca/colonca3423.jpeg,colon_aca,train
colonca3424.jpeg,colon_aca/colonca3424.jpeg,colon_aca,train
colonca3425.jpeg,colon_aca/colonca3425.jpeg,colon_aca,train
colonca3426.jpeg,colon_aca/colonca3426.jpeg,colon_aca,train
colonca3427.jpeg,colon_aca/colonca3427.jpeg,colon_aca,train
colonca3428.jpeg,colon_aca/colonca3428.jpeg,colon_aca,train
colonca3429.jpeg,colon_aca/colonca3429.jpeg,colon_aca,train
colonca3430.jpeg,colon_aca/colonca3430.jpeg,colon_aca,train
colonca3431.jpeg,colon_aca/colonca3431.jpeg,colon_aca,train
colonca3433.jpeg,colon_aca/colonca3433.jpeg,colon_aca,train
colonca3435.jpeg,colon_aca/colonca3435.jpeg,colon_aca,train
colonca3436.jpeg,colon_aca/colonca3436.jpeg,colon_aca,train
colonca3439.jpeg,colon_aca/colonca3439.jpeg,colon_aca,train
colonca3440.jpeg,colon_aca/colonca3440.jpeg,colon_aca,train
colonca3441.jpeg,colon_aca/colonca3441.jpeg,colon_aca,train
colonca3442.jpeg,colon_aca/colonca3442.jpeg,colon_aca,train
colonca3443.jpeg,colon_aca/colonca3443.jpeg,colon_aca,train
colonca3444.jpeg,colon_aca/colonca3444.jpeg,colon_aca,train
colonca3446.jpeg,colon_aca/colonca3446.jpeg,colon_aca,train
colonca3447.jpeg,colon_aca/colonca3447.jpeg,colon_aca,train
colonca3449.jpeg,colon_aca/colonca3449.jpeg,colon_aca,train
colonca3450.jpeg,colon_aca/colonca3450.jpeg,colon_aca,train
colonca3451.jpeg,colon_aca/colonca3451.jpeg,colon_aca,train
colonca3452.jpeg,colon_aca/colonca3452.jpeg,colon_aca,train
colonca3453.jpeg,colon_aca/colonca3453.jpeg,colon_aca,train
colonca3454.jpeg,colon_aca/colonca3454.jpeg,colon_aca,train
colonca3455.jpeg,colon_aca/colonca3455.jpeg,colon_aca,train
colonca3457.jpeg,colon_aca/colonca3457.jpeg,colon_aca,train
colonca3459.jpeg,colon_aca/colonca3459.jpeg,colon_aca,train
colonca346.jpeg,colon_aca/colonca346.jpeg,colon_aca,train
colonca3460.jpeg,colon_aca/colonca3460.jpeg,colon_aca,train
colonca3461.jpeg,colon_aca/colonca3461.jpeg,colon_aca,train
colonca3462.jpeg,colon_aca/colonca3462.jpeg,colon_aca,train
colonca3463.jpeg,colon_aca/colonca3463.jpeg,colon_aca,train
colonca3464.jpeg,colon_aca/colonca3464.jpeg,colon_aca,train
colonca3465.jpeg,colon_aca/colonca3465.jpeg,colon_aca,train
colonca3466.jpeg,colon_aca/colonca3466.jpeg,colon_aca,train
colonca3467.jpeg,colon_aca/colonca3467.jpeg,colon_aca,train
colonca3468.jpeg,colon_aca/colonca3468.jpeg,colon_aca,train
colonca3469.jpeg,colon_aca/colonca3469.jpeg,colon_aca,train
colonca3470.jpeg,colon_aca/colonca3470.jpeg,colon_aca,train
colonca3471.jpeg,colon_aca/colonca3471.jpeg,colon_aca,train
colonca3472.jpeg,colon_aca/colonca3472.jpeg,colon_aca,train
colonca3473.jpeg,colon_aca/colonca3473.jpeg,colon_aca,train
colonca3474.jpeg,colon_aca/colonca3474.jpeg,colon_aca,train
colonca3476.jpeg,colon_aca/colonca3476.jpeg,colon_aca,train
colonca3478.jpeg,colon_aca/colonca3478.jpeg,colon_aca,train
colonca348.jpeg,colon_aca/colonca348.jpeg,colon_aca,train
colonca3481.jpeg,colon_aca/colonca3481.jpeg,colon_aca,train
colonca3482.jpeg,colon_aca/colonca3482.jpeg,colon_aca,train
colonca3483.jpeg,colon_aca/colonca3483.jpeg,colon_aca,train
colonca3484.jpeg,colon_aca/colonca3484.jpeg,colon_aca,train
colonca3486.jpeg,colon_aca/colonca3486.jpeg,colon_aca,train
colonca3488.jpeg,colon_aca/colonca3488.jpeg,colon_aca,train
colonca3489.jpeg,colon_aca/colonca3489.jpeg,colon_aca,train
colonca349.jpeg,colon_aca/colonca349.jpeg,colon_aca,train
colonca3490.jpeg,colon_aca/colonca3490.jpeg,colon_aca,train
colonca3492.jpeg,colon_aca/colonca3492.jpeg,colon_aca,train
colonca3493.jpeg,colon_aca/colonca3493.jpeg,colon_aca,train
colonca3494.jpeg,colon_aca/colonca3494.jpeg,colon_aca,train
colonca3495.jpeg,colon_aca/colonca3495.jpeg,colon_aca,train
colonca3496.jpeg,colon_aca/colonca3496.jpeg,colon_aca,train
colonca3497.jpeg,colon_aca/colonca3497.jpeg,colon_aca,train
colonca3498.jpeg,colon_aca/colonca3498.jpeg,colon_aca,train
colonca3499.jpeg,colon_aca/colonca3499.jpeg,colon_aca,train
colonca35.jpeg,colon_aca/colonca35.jpeg,colon_aca,train
colonca3500.jpeg,colon_aca/colonca3500.jpeg,colon_aca,train
colonca3501.jpeg,colon_aca/colonca3501.jpeg,colon_aca,train
colonca3502.jpeg,colon_aca/colonca3502.jpeg,colon_aca,train
colonca3503.jpeg,colon_aca/colonca3503.jpeg,colon_aca,train
colonca3505.jpeg,colon_aca/colonca3505.jpeg,colon_aca,train
colonca3509.jpeg,colon_aca/colonca3509.jpeg,colon_aca,train
colonca351.jpeg,colon_aca/colonca351.jpeg,colon_aca,train
colonca3511.jpeg,colon_aca/colonca3511.jpeg,colon_aca,train
colonca3512.jpeg,colon_aca/colonca3512.jpeg,colon_aca,train
colonca3513.jpeg,colon_aca/colonca3513.jpeg,colon_aca,train
colonca3515.jpeg,colon_aca/colonca3515.jpeg,colon_aca,train
colonca3516.jpeg,colon_aca/colonca3516.jpeg,colon_aca,train
colonca3517.jpeg,colon_aca/colonca3517.jpeg,colon_aca,train
colonca3518.jpeg,colon_aca/colonca3518.jpeg,colon_aca,train
colonca3519.jpeg,colon_aca/colonca3519.jpeg,colon_aca,train
colonca352.jpeg,colon_aca/colonca352.jpeg,colon_aca,train
colonca3520.jpeg,colon_aca/colonca3520.jpeg,colon_aca,train
colonca3522.jpeg,colon_aca/colonca3522.jpeg,colon_aca,train
colonca3523.jpeg,colon_aca/colonca3523.jpeg,colon_aca,train
colonca3524.jpeg,colon_aca/colonca3524.jpeg,colon_aca,train
colonca3525.jpeg,colon_aca/colonca3525.jpeg,colon_aca,train
colonca3527.jpeg,colon_aca/colonca3527.jpeg,colon_aca,train
colonca3528.jpeg,colon_aca/colonca3528.jpeg,colon_aca,train
colonca3529.jpeg,colon_aca/colonca3529.jpeg,colon_aca,train
colonca353.jpeg,colon_aca/colonca353.jpeg,colon_aca,train
colonca3530.jpeg,colon_aca/colonca3530.jpeg,colon_aca,train
colonca3531.jpeg,colon_aca/colonca3531.jpeg,colon_aca,train
colonca3532.jpeg,colon_aca/colonca3532.jpeg,colon_aca,train
colonca3535.jpeg,colon_aca/colonca3535.jpeg,colon_aca,train
colonca3536.jpeg,colon_aca/colonca3536.jpeg,colon_aca,train
colonca3537.jpeg,colon_aca/colonca3537.jpeg,colon_aca,train
colonca3538.jpeg,colon_aca/colonca3538.jpeg,colon_aca,train
colonca3539.jpeg,colon_aca/colonca3539.jpeg,colon_aca,train
colonca354.jpeg,colon_aca/colonca354.jpeg,colon_aca,train
colonca3540.jpeg,colon_aca/colonca3540.jpeg,colon_aca,train
colonca3541.jpeg,colon_aca/colonca3541.jpeg,colon_aca,train
colonca3542.jpeg,colon_aca/colonca3542.jpeg,colon_aca,train
colonca3544.jpeg,colon_aca/colonca3544.jpeg,colon_aca,train
colonca3545.jpeg,colon_aca/colonca3545.jpeg,colon_aca,train
colonca3546.jpeg,colon_aca/colonca3546.jpeg,colon_aca,train
colonca3548.jpeg,colon_aca/colonca3548.jpeg,colon_aca,train
colonca3549.jpeg,colon_aca/colonca3549.jpeg,colon_aca,train
colonca355.jpeg,colon_aca/colonca355.jpeg,colon_aca,train
colonca3550.jpeg,colon_aca/colonca3550.jpeg,colon_aca,train
colonca3551.jpeg,colon_aca/colonca3551.jpeg,colon_aca,train
colonca3553.jpeg,colon_aca/colonca3553.jpeg,colon_aca,train
colonca3554.jpeg,colon_aca/colonca3554.jpeg,colon_aca,train
colonca3555.jpeg,colon_aca/colonca3555.jpeg,colon_aca,train
colonca3556.jpeg,colon_aca/colonca3556.jpeg,colon_aca,train
colonca3558.jpeg,colon_aca/colonca3558.jpeg,colon_aca,train
colonca356.jpeg,colon_aca/colonca356.jpeg,colon_aca,train
colonca3560.jpeg,colon_aca/colonca3560.jpeg,colon_aca,train
colonca3561.jpeg,colon_aca/colonca3561.jpeg,colon_aca,train
colonca3562.jpeg,colon_aca/colonca3562.jpeg,colon_aca,train
colonca3563.jpeg,colon_aca/colonca3563.jpeg,colon_aca,train
colonca3565.jpeg,colon_aca/colonca3565.jpeg,colon_aca,train
colonca3566.jpeg,colon_aca/colonca3566.jpeg,colon_aca,train
colonca3567.jpeg,colon_aca/colonca3567.jpeg,colon_aca,train
colonca3568.jpeg,colon_aca/colonca3568.jpeg,colon_aca,train
colonca3569.jpeg,colon_aca/colonca3569.jpeg,colon_aca,train
colonca357.jpeg,colon_aca/colonca357.jpeg,colon_aca,train
colonca3570.jpeg,colon_aca/colonca3570.jpeg,colon_aca,train
colonca3571.jpeg,colon_aca/colonca3571.jpeg,colon_aca,train
colonca3573.jpeg,colon_aca/colonca3573.jpeg,colon_aca,train
colonca3574.jpeg,colon_aca/colonca3574.jpeg,colon_aca,train
colonca3575.jpeg,colon_aca/colonca3575.jpeg,colon_aca,train
colonca3576.jpeg,colon_aca/colonca3576.jpeg,colon_aca,train
colonca3578.jpeg,colon_aca/colonca3578.jpeg,colon_aca,train
colonca358.jpeg,colon_aca/colonca358.jpeg,colon_aca,train
colonca3580.jpeg,colon_aca/colonca3580.jpeg,colon_aca,train
colonca3581.jpeg,colon_aca/colonca3581.jpeg,colon_aca,train
colonca3582.jpeg,colon_aca/colonca3582.jpeg,colon_aca,train
colonca3583.jpeg,colon_aca/colonca3583.jpeg,colon_aca,train
colonca3584.jpeg,colon_aca/colonca3584.jpeg,colon_aca,train
colonca3585.jpeg,colon_aca/colonca3585.jpeg,colon_aca,train
colonca3586.jpeg,colon_aca/colonca3586.jpeg,colon_aca,train
colonca3587.jpeg,colon_aca/colonca3587.jpeg,colon_aca,train
colonca3589.jpeg,colon_aca/colonca3589.jpeg,colon_aca,train
colonca359.jpeg,colon_aca/colonca359.jpeg,colon_aca,train
colonca3590.jpeg,colon_aca/colonca3590.jpeg,colon_aca,train
colonca3591.jpeg,colon_aca/colonca3591.jpeg,colon_aca,train
colonca3595.jpeg,colon_aca/colonca3595.jpeg,colon_aca,train
colonca3596.jpeg,colon_aca/colonca3596.jpeg,colon_aca,train
colonca3597.jpeg,colon_aca/colonca3597.jpeg,colon_aca,train
colonca3598.jpeg,colon_aca/colonca3598.jpeg,colon_aca,train
colonca36.jpeg,colon_aca/colonca36.jpeg,colon_aca,train
colonca360.jpeg,colon_aca/colonca360.jpeg,colon_aca,train
colonca3600.jpeg,colon_aca/colonca3600.jpeg,colon_aca,train
colonca3601.jpeg,colon_aca/colonca3601.jpeg,colon_aca,train
colonca3602.jpeg,colon_aca/colonca3602.jpeg,colon_aca,train
colonca3603.jpeg,colon_aca/colonca3603.jpeg,colon_aca,train
colonca3604.jpeg,colon_aca/colonca3604.jpeg,colon_aca,train
colonca3605.jpeg,colon_aca/colonca3605.jpeg,colon_aca,train
colonca3607.jpeg,colon_aca/colonca3607.jpeg,colon_aca,train
colonca3608.jpeg,colon_aca/colonca3608.jpeg,colon_aca,train
colonca3609.jpeg,colon_aca/colonca3609.jpeg,colon_aca,train
colonca361.jpeg,colon_aca/colonca361.jpeg,colon_aca,train
colonca3611.jpeg,colon_aca/colonca3611.jpeg,colon_aca,train
colonca3612.jpeg,colon_aca/colonca3612.jpeg,colon_aca,train
colonca3613.jpeg,colon_aca/colonca3613.jpeg,colon_aca,train
colonca3615.jpeg,colon_aca/colonca3615.jpeg,colon_aca,train
colonca3616.jpeg,colon_aca/colonca3616.jpeg,colon_aca,train
colonca3617.jpeg,colon_aca/colonca3617.jpeg,colon_aca,train
colonca3619.jpeg,colon_aca/colonca3619.jpeg,colon_aca,train
colonca362.jpeg,colon_aca/colonca362.jpeg,colon_aca,train
colonca3620.jpeg,colon_aca/colonca3620.jpeg,colon_aca,train
colonca3621.jpeg,colon_aca/colonca3621.jpeg,colon_aca,train
colonca3622.jpeg,colon_aca/colonca3622.jpeg,colon_aca,train
colonca3623.jpeg,colon_aca/colonca3623.jpeg,colon_aca,train
colonca3624.jpeg,colon_aca/colonca3624.jpeg,colon_aca,train
colonca3625.jpeg,colon_aca/colonca3625.jpeg,colon_aca,train
colonca3626.jpeg,colon_aca/colonca3626.jpeg,colon_aca,train
colonca3627.jpeg,colon_aca/colonca3627.jpeg,colon_aca,train
colonca3628.jpeg,colon_aca/colonca3628.jpeg,colon_aca,train
colonca3629.jpeg,colon_aca/colonca3629.jpeg,colon_aca,train
colonca363.jpeg,colon_aca/colonca363.jpeg,colon_aca,train
colonca3630.jpeg,colon_aca/colonca3630.jpeg,colon_aca,train
colonca3631.jpeg,colon_aca/colonca3631.jpeg,colon_aca,train
colonca3632.jpeg,colon_aca/colonca3632.jpeg,colon_aca,train
colonca3633.jpeg,colon_aca/colonca3633.jpeg,colon_aca,train
colonca3634.jpeg,colon_aca/colonca3634.jpeg,colon_aca,train
colonca3635.jpeg,colon_aca/colonca3635.jpeg,colon_aca,train
colonca3636.jpeg,colon_aca/colonca3636.jpeg,colon_aca,train
colonca3638.jpeg,colon_aca/colonca3638.jpeg,colon_aca,train
colonca3639.jpeg,colon_aca/colonca3639.jpeg,colon_aca,train
colonca364.jpeg,colon_aca/colonca364.jpeg,colon_aca,train
colonca3640.jpeg,colon_aca/colonca3640.jpeg,colon_aca,train
colonca3641.jpeg,colon_aca/colonca3641.jpeg,colon_aca,train
colonca3642.jpeg,colon_aca/colonca3642.jpeg,colon_aca,train
colonca3643.jpeg,colon_aca/colonca3643.jpeg,colon_aca,train
colonca3644.jpeg,colon_aca/colonca3644.jpeg,colon_aca,train
colonca3646.jpeg,colon_aca/colonca3646.jpeg,colon_aca,train
colonca3647.jpeg,colon_aca/colonca3647.jpeg,colon_aca,train
colonca3649.jpeg,colon_aca/colonca3649.jpeg,colon_aca,train
colonca365.jpeg,colon_aca/colonca365.jpeg,colon_aca,train
colonca3650.jpeg,colon_aca/colonca3650.jpeg,colon_aca,train
colonca3651.jpeg,colon_aca/colonca3651.jpeg,colon_aca,train
colonca3652.jpeg,colon_aca/colonca3652.jpeg,colon_aca,train
colonca3653.jpeg,colon_aca/colonca3653.jpeg,colon_aca,train
colonca3654.jpeg,colon_aca/colonca3654.jpeg,colon_aca,train
colonca3655.jpeg,colon_aca/colonca3655.jpeg,colon_aca,train
colonca3656.jpeg,colon_aca/colonca3656.jpeg,colon_aca,train
colonca3657.jpeg,colon_aca/colonca3657.jpeg,colon_aca,train
colonca3658.jpeg,colon_aca/colonca3658.jpeg,colon_aca,train
colonca3659.jpeg,colon_aca/colonca3659.jpeg,colon_aca,train
colonca3660.jpeg,colon_aca/colonca3660.jpeg,colon_aca,train
colonca3661.jpeg,colon_aca/colonca3661.jpeg,colon_aca,train
colonca3663.jpeg,colon_aca/colonca3663.jpeg,colon_aca,train
colonca3664.jpeg,colon_aca/colonca3664.jpeg,colon_aca,train
colonca3667.jpeg,colon_aca/colonca3667.jpeg,colon_aca,train
colonca3669.jpeg,colon_aca/colonca3669.jpeg,colon_aca,train
colonca3670.jpeg,colon_aca/colonca3670.jpeg,colon_aca,train
colonca3671.jpeg,colon_aca/colonca3671.jpeg,colon_aca,train
colonca3672.jpeg,colon_aca/colonca3672.jpeg,colon_aca,train
colonca3673.jpeg,colon_aca/colonca3673.jpeg,colon_aca,train
colonca3674.jpeg,colon_aca/colonca3674.jpeg,colon_aca,train
colonca3676.jpeg,colon_aca/colonca3676.jpeg,colon_aca,train
colonca3677.jpeg,colon_aca/colonca3677.jpeg,colon_aca,train
colonca3678.jpeg,colon_aca/colonca3678.jpeg,colon_aca,train
colonca3679.jpeg,colon_aca/colonca3679.jpeg,colon_aca,train
colonca368.jpeg,colon_aca/colonca368.jpeg,colon_aca,train
colonca3680.jpeg,colon_aca/colonca3680.jpeg,colon_aca,train
colonca3681.jpeg,colon_aca/colonca3681.jpeg,colon_aca,train
colonca3682.jpeg,colon_aca/colonca3682.jpeg,colon_aca,train
colonca3683.jpeg,colon_aca/colonca3683.jpeg,colon_aca,train
colonca3685.jpeg,colon_aca/colonca3685.jpeg,colon_aca,train
colonca3686.jpeg,colon_aca/colonca3686.jpeg,colon_aca,train
colonca3687.jpeg,colon_aca/colonca3687.jpeg,colon_aca,train
colonca369.jpeg,colon_aca/colonca369.jpeg,colon_aca,train
colonca3690.jpeg,colon_aca/colonca3690.jpeg,colon_aca,train
colonca3691.jpeg,colon_aca/colonca3691.jpeg,colon_aca,train
colonca3692.jpeg,colon_aca/colonca3692.jpeg,colon_aca,train
colonca3693.jpeg,colon_aca/colonca3693.jpeg,colon_aca,train
colonca3694.jpeg,colon_aca/colonca3694.jpeg,colon_aca,train
colonca3695.jpeg,colon_aca/colonca3695.jpeg,colon_aca,train
colonca3696.jpeg,colon_aca/colonca3696.jpeg,colon_aca,train
colonca3697.jpeg,colon_aca/colonca3697.jpeg,colon_aca,train
colonca3698.jpeg,colon_aca/colonca3698.jpeg,colon_aca,train
colonca3699.jpeg,colon_aca/colonca3699.jpeg,colon_aca,train
colonca37.jpeg,colon_aca/colonca37.jpeg,colon_aca,train
colonca370.jpeg,colon_aca/colonca370.jpeg,colon_aca,train
colonca3700.jpeg,colon_aca/colonca3700.jpeg,colon_aca,train
colonca3701.jpeg,colon_aca/colonca3701.jpeg,colon_aca,train
colonca3702.jpeg,colon_aca/colonca3702.jpeg,colon_aca,train
colonca3703.jpeg,colon_aca/colonca3703.jpeg,colon_aca,train
colonca3704.jpeg,colon_aca/colonca3704.jpeg,colon_aca,train
colonca3705.jpeg,colon_aca/colonca3705.jpeg,colon_aca,train
colonca3706.jpeg,colon_aca/colonca3706.jpeg,colon_aca,train
colonca3707.jpeg,colon_aca/colonca3707.jpeg,colon_aca,train
colonca3708.jpeg,colon_aca/colonca3708.jpeg,colon_aca,train
colonca3709.jpeg,colon_aca/colonca3709.jpeg,colon_aca,train
colonca371.jpeg,colon_aca/colonca371.jpeg,colon_aca,train
colonca3710.jpeg,colon_aca/colonca3710.jpeg,colon_aca,train
colonca3711.jpeg,colon_aca/colonca3711.jpeg,colon_aca,train
colonca3712.jpeg,colon_aca/colonca3712.jpeg,colon_aca,train
colonca3713.jpeg,colon_aca/colonca3713.jpeg,colon_aca,train
colonca3714.jpeg,colon_aca/colonca3714.jpeg,colon_aca,train
colonca3715.jpeg,colon_aca/colonca3715.jpeg,colon_aca,train
colonca3716.jpeg,colon_aca/colonca3716.jpeg,colon_aca,train
colonca3717.jpeg,colon_aca/colonca3717.jpeg,colon_aca,train
colonca3719.jpeg,colon_aca/colonca3719.jpeg,colon_aca,train
colonca3721.jpeg,colon_aca/colonca3721.jpeg,colon_aca,train
colonca3722.jpeg,colon_aca/colonca3722.jpeg,colon_aca,train
colonca3724.jpeg,colon_aca/colonca3724.jpeg,colon_aca,train
colonca3725.jpeg,colon_aca/colonca3725.jpeg,colon_aca,train
colonca3726.jpeg,colon_aca/colonca3726.jpeg,colon_aca,train
colonca3727.jpeg,colon_aca/colonca3727.jpeg,colon_aca,train
colonca3729.jpeg,colon_aca/colonca3729.jpeg,colon_aca,train
colonca373.jpeg,colon_aca/colonca373.jpeg,colon_aca,train
colonca3731.jpeg,colon_aca/colonca3731.jpeg,colon_aca,train
colonca3732.jpeg,colon_aca/colonca3732.jpeg,colon_aca,train
colonca3733.jpeg,colon_aca/colonca3733.jpeg,colon_aca,train
colonca3734.jpeg,colon_aca/colonca3734.jpeg,colon_aca,train
colonca3735.jpeg,colon_aca/colonca3735.jpeg,colon_aca,train
colonca3736.jpeg,colon_aca/colonca3736.jpeg,colon_aca,train
colonca3737.jpeg,colon_aca/colonca3737.jpeg,colon_aca,train
colonca3738.jpeg,colon_aca/colonca3738.jpeg,colon_aca,train
colonca3739.jpeg,colon_aca/colonca3739.jpeg,colon_aca,train
colonca374.jpeg,colon_aca/colonca374.jpeg,colon_aca,train
colonca3740.jpeg,colon_aca/colonca3740.jpeg,colon_aca,train
colonca3741.jpeg,colon_aca/colonca3741.jpeg,colon_aca,train
colonca3742.jpeg,colon_aca/colonca3742.jpeg,colon_aca,train
colonca3743.jpeg,colon_aca/colonca3743.jpeg,colon_aca,train
colonca3745.jpeg,colon_aca/colonca3745.jpeg,colon_aca,train
colonca3746.jpeg,colon_aca/colonca3746.jpeg,colon_aca,train
colonca3747.jpeg,colon_aca/colonca3747.jpeg,colon_aca,train
colonca3748.jpeg,colon_aca/colonca3748.jpeg,colon_aca,train
colonca3749.jpeg,colon_aca/colonca3749.jpeg,colon_aca,train
colonca375.jpeg,colon_aca/colonca375.jpeg,colon_aca,train
colonca3750.jpeg,colon_aca/colonca3750.jpeg,colon_aca,train
colonca3753.jpeg,colon_aca/colonca3753.jpeg,colon_aca,train
colonca3754.jpeg,colon_aca/colonca3754.jpeg,colon_aca,train
colonca3755.jpeg,colon_aca/colonca3755.jpeg,colon_aca,train
colonca3757.jpeg,colon_aca/colonca3757.jpeg,colon_aca,train
colonca3758.jpeg,colon_aca/colonca3758.jpeg,colon_aca,train
colonca3759.jpeg,colon_aca/colonca3759.jpeg,colon_aca,train
colonca376.jpeg,colon_aca/colonca376.jpeg,colon_aca,train
colonca3760.jpeg,colon_aca/colonca3760.jpeg,colon_aca,train
colonca3761.jpeg,colon_aca/colonca3761.jpeg,colon_aca,train
colonca3762.jpeg,colon_aca/colonca3762.jpeg,colon_aca,train
colonca3763.jpeg,colon_aca/colonca3763.jpeg,colon_aca,train
colonca3764.jpeg,colon_aca/colonca3764.jpeg,colon_aca,train
colonca3765.jpeg,colon_aca/colonca3765.jpeg,colon_aca,train
colonca3767.jpeg,colon_aca/colonca3767.jpeg,colon_aca,train
colonca3768.jpeg,colon_aca/colonca3768.jpeg,colon_aca,train
colonca3769.jpeg,colon_aca/colonca3769.jpeg,colon_aca,train
colonca377.jpeg,colon_aca/colonca377.jpeg,colon_aca,train
colonca3770.jpeg,colon_aca/colonca3770.jpeg,colon_aca,train
colonca3771.jpeg,colon_aca/colonca3771.jpeg,colon_aca,train
colonca3772.jpeg,colon_aca/colonca3772.jpeg,colon_aca,train
colonca3773.jpeg,colon_aca/colonca3773.jpeg,colon_aca,train
colonca3774.jpeg,colon_aca/colonca3774.jpeg,colon_aca,train
colonca3775.jpeg,colon_aca/colonca3775.jpeg,colon_aca,train
colonca3776.jpeg,colon_aca/colonca3776.jpeg,colon_aca,train
colonca3777.jpeg,colon_aca/colonca3777.jpeg,colon_aca,train
colonca3778.jpeg,colon_aca/colonca3778.jpeg,colon_aca,train
colonca3779.jpeg,colon_aca/colonca3779.jpeg,colon_aca,train
colonca378.jpeg,colon_aca/colonca378.jpeg,colon_aca,train
colonca3781.jpeg,colon_aca/colonca3781.jpeg,colon_aca,train
colonca3782.jpeg,colon_aca/colonca3782.jpeg,colon_aca,train
colonca3783.jpeg,colon_aca/colonca3783.jpeg,colon_aca,train
colonca3784.jpeg,colon_aca/colonca3784.jpeg,colon_aca,train
colonca3785.jpeg,colon_aca/colonca3785.jpeg,colon_aca,train
colonca3786.jpeg,colon_aca/colonca3786.jpeg,colon_aca,train
colonca3787.jpeg,colon_aca/colonca3787.jpeg,colon_aca,train
colonca3788.jpeg,colon_aca/colonca3788.jpeg,colon_aca,train
colonca3789.jpeg,colon_aca/colonca3789.jpeg,colon_aca,train
colonca3790.jpeg,colon_aca/colonca3790.jpeg,colon_aca,train
colonca3791.jpeg,colon_aca/colonca3791.jpeg,colon_aca,train
colonca3792.jpeg,colon_aca/colonca3792.jpeg,colon_aca,train
colonca3795.jpeg,colon_aca/colonca3795.jpeg,colon_aca,train
colonca3796.jpeg,colon_aca/colonca3796.jpeg,colon_aca,train
colonca3798.jpeg,colon_aca/colonca3798.jpeg,colon_aca,train
colonca38.jpeg,colon_aca/colonca38.jpeg,colon_aca,train
colonca3802.jpeg,colon_aca/colonca3802.jpeg,colon_aca,train
colonca3804.jpeg,colon_aca/colonca3804.jpeg,colon_aca,train
colonca3805.jpeg,colon_aca/colonca3805.jpeg,colon_aca,train
colonca3806.jpeg,colon_aca/colonca3806.jpeg,colon_aca,train
colonca3807.jpeg,colon_aca/colonca3807.jpeg,colon_aca,train
colonca3808.jpeg,colon_aca/colonca3808.jpeg,colon_aca,train
colonca3809.jpeg,colon_aca/colonca3809.jpeg,colon_aca,train
colonca381.jpeg,colon_aca/colonca381.jpeg,colon_aca,train
colonca3810.jpeg,colon_aca/colonca3810.jpeg,colon_aca,train
colonca3811.jpeg,colon_aca/colonca3811.jpeg,colon_aca,train
colonca3813.jpeg,colon_aca/colonca3813.jpeg,colon_aca,train
colonca3814.jpeg,colon_aca/colonca3814.jpeg,colon_aca,train
colonca3815.jpeg,colon_aca/colonca3815.jpeg,colon_aca,train
colonca3816.jpeg,colon_aca/colonca3816.jpeg,colon_aca,train
colonca3817.jpeg,colon_aca/colonca3817.jpeg,colon_aca,train
colonca3818.jpeg,colon_aca/colonca3818.jpeg,colon_aca,train
colonca382.jpeg,colon_aca/colonca382.jpeg,colon_aca,train
colonca3820.jpeg,colon_aca/colonca3820.jpeg,colon_aca,train
colonca3821.jpeg,colon_aca/colonca3821.jpeg,colon_aca,train
colonca3823.jpeg,colon_aca/colonca3823.jpeg,colon_aca,train
colonca3824.jpeg,colon_aca/colonca3824.jpeg,colon_aca,train
colonca3825.jpeg,colon_aca/colonca3825.jpeg,colon_aca,train
colonca3826.jpeg,colon_aca/colonca3826.jpeg,colon_aca,train
colonca3828.jpeg,colon_aca/colonca3828.jpeg,colon_aca,train
colonca3829.jpeg,colon_aca/colonca3829.jpeg,colon_aca,train
colonca3830.jpeg,colon_aca/colonca3830.jpeg,colon_aca,train
colonca3831.jpeg,colon_aca/colonca3831.jpeg,colon_aca,train
colonca3832.jpeg,colon_aca/colonca3832.jpeg,colon_aca,train
colonca3833.jpeg,colon_aca/colonca3833.jpeg,colon_aca,train
colonca3834.jpeg,colon_aca/colonca3834.jpeg,colon_aca,train
colonca3835.jpeg,colon_aca/colonca3835.jpeg,colon_aca,train
colonca3837.jpeg,colon_aca/colonca3837.jpeg,colon_aca,train
colonca3838.jpeg,colon_aca/colonca3838.jpeg,colon_aca,train
colonca384.jpeg,colon_aca/colonca384.jpeg,colon_aca,train
colonca3840.jpeg,colon_aca/colonca3840.jpeg,colon_aca,train
colonca3841.jpeg,colon_aca/colonca3841.jpeg,colon_aca,train
colonca3842.jpeg,colon_aca/colonca3842.jpeg,colon_aca,train
colonca3843.jpeg,colon_aca/colonca3843.jpeg,colon_aca,train
colonca3844.jpeg,colon_aca/colonca3844.jpeg,colon_aca,train
colonca3845.jpeg,colon_aca/colonca3845.jpeg,colon_aca,train
colonca3846.jpeg,colon_aca/colonca3846.jpeg,colon_aca,train
colonca3847.jpeg,colon_aca/colonca3847.jpeg,colon_aca,train
colonca3848.jpeg,colon_aca/colonca3848.jpeg,colon_aca,train
colonca3849.jpeg,colon_aca/colonca3849.jpeg,colon_aca,train
colonca385.jpeg,colon_aca/colonca385.jpeg,colon_aca,train
colonca3850.jpeg,colon_aca/colonca3850.jpeg,colon_aca,train
colonca3851.jpeg,colon_aca/colonca3851.jpeg,colon_aca,train
colonca3852.jpeg,colon_aca/colonca3852.jpeg,colon_aca,train
colonca3853.jpeg,colon_aca/colonca3853.jpeg,colon_aca,train
colonca3854.jpeg,colon_aca/colonca3854.jpeg,colon_aca,train
colonca3855.jpeg,colon_aca/colonca3855.jpeg,colon_aca,train
colonca3856.jpeg,colon_aca/colonca3856.jpeg,colon_aca,train
colonca3857.jpeg,colon_aca/colonca3857.jpeg,colon_aca,train
colonca3858.jpeg,colon_aca/colonca3858.jpeg,colon_aca,train
colonca3859.jpeg,colon_aca/colonca3859.jpeg,colon_aca,train
colonca386.jpeg,colon_aca/colonca386.jpeg,colon_aca,train
colonca3860.jpeg,colon_aca/colonca3860.jpeg,colon_aca,train
colonca3861.jpeg,colon_aca/colonca3861.jpeg,colon_aca,train
colonca3862.jpeg,colon_aca/colonca3862.jpeg,colon_aca,train
colonca3863.jpeg,colon_aca/colonca3863.jpeg,colon_aca,train
colonca3864.jpeg,colon_aca/colonca3864.jpeg,colon_aca,train
colonca3865.jpeg,colon_aca/colonca3865.jpeg,colon_aca,train
colonca3867.jpeg,colon_aca/colonca3867.jpeg,colon_aca,train
colonca3868.jpeg,colon_aca/colonca3868.jpeg,colon_aca,train
colonca3869.jpeg,colon_aca/colonca3869.jpeg,colon_aca,train
colonca387.jpeg,colon_aca/colonca387.jpeg,colon_aca,train
colonca3871.jpeg,colon_aca/colonca3871.jpeg,colon_aca,train
colonca3872.jpeg,colon_aca/colonca3872.jpeg,colon_aca,train
colonca3873.jpeg,colon_aca/colonca3873.jpeg,colon_aca,train
colonca3875.jpeg,colon_aca/colonca3875.jpeg,colon_aca,train
colonca3876.jpeg,colon_aca/colonca3876.jpeg,colon_aca,train
colonca3877.jpeg,colon_aca/colonca3877.jpeg,colon_aca,train
colonca3879.jpeg,colon_aca/colonca3879.jpeg,colon_aca,train
colonca388.jpeg,colon_aca/colonca388.jpeg,colon_aca,train
colonca3881.jpeg,colon_aca/colonca3881.jpeg,colon_aca,train
colonca3882.jpeg,colon_aca/colonca3882.jpeg,colon_aca,train
colonca3883.jpeg,colon_aca/colonca3883.jpeg,colon_aca,train
colonca3884.jpeg,colon_aca/colonca3884.jpeg,colon_aca,train
colonca3885.jpeg,colon_aca/colonca3885.jpeg,colon_aca,train
colonca3886.jpeg,colon_aca/colonca3886.jpeg,colon_aca,train
colonca3887.jpeg,colon_aca/colonca3887.jpeg,colon_aca,train
colonca3888.jpeg,colon_aca/colonca3888.jpeg,colon_aca,train
colonca3889.jpeg,colon_aca/colonca3889.jpeg,colon_aca,train
colonca389.jpeg,colon_aca/colonca389.jpeg,colon_aca,train
colonca3890.jpeg,colon_aca/colonca3890.jpeg,colon_aca,train
colonca3891.jpeg,colon_aca/colonca3891.jpeg,colon_aca,train
colonca3892.jpeg,colon_aca/colonca3892.jpeg,colon_aca,train
colonca3893.jpeg,colon_aca/colonca3893.jpeg,colon_aca,train
colonca3894.jpeg,colon_aca/colonca3894.jpeg,colon_aca,train
colonca3895.jpeg,colon_aca/colonca3895.jpeg,colon_aca,train
colonca3896.jpeg,colon_aca/colonca3896.jpeg,colon_aca,train
colonca3897.jpeg,colon_aca/colonca3897.jpeg,colon_aca,train
colonca3898.jpeg,colon_aca/colonca3898.jpeg,colon_aca,train
colonca3899.jpeg,colon_aca/colonca3899.jpeg,colon_aca,train
colonca39.jpeg,colon_aca/colonca39.jpeg,colon_aca,train
colonca390.jpeg,colon_aca/colonca390.jpeg,colon_aca,train
colonca3900.jpeg,colon_aca/colonca3900.jpeg,colon_aca,train
colonca3901.jpeg,colon_aca/colonca3901.jpeg,colon_aca,train
colonca3902.jpeg,colon_aca/colonca3902.jpeg,colon_aca,train
colonca3904.jpeg,colon_aca/colonca3904.jpeg,colon_aca,train
colonca3905.jpeg,colon_aca/colonca3905.jpeg,colon_aca,train
colonca3906.jpeg,colon_aca/colonca3906.jpeg,colon_aca,train
colonca3907.jpeg,colon_aca/colonca3907.jpeg,colon_aca,train
colonca3908.jpeg,colon_aca/colonca3908.jpeg,colon_aca,train
colonca3909.jpeg,colon_aca/colonca3909.jpeg,colon_aca,train
colonca391.jpeg,colon_aca/colonca391.jpeg,colon_aca,train
colonca3910.jpeg,colon_aca/colonca3910.jpeg,colon_aca,train
colonca3911.jpeg,colon_aca/colonca3911.jpeg,colon_aca,train
colonca3912.jpeg,colon_aca/colonca3912.jpeg,colon_aca,train
colonca3913.jpeg,colon_aca/colonca3913.jpeg,colon_aca,train
colonca3914.jpeg,colon_aca/colonca3914.jpeg,colon_aca,train
colonca3915.jpeg,colon_aca/colonca3915.jpeg,colon_aca,train
colonca3918.jpeg,colon_aca/colonca3918.jpeg,colon_aca,train
colonca3919.jpeg,colon_aca/colonca3919.jpeg,colon_aca,train
colonca3920.jpeg,colon_aca/colonca3920.jpeg,colon_aca,train
colonca3921.jpeg,colon_aca/colonca3921.jpeg,colon_aca,train
colonca3922.jpeg,colon_aca/colonca3922.jpeg,colon_aca,train
colonca3924.jpeg,colon_aca/colonca3924.jpeg,colon_aca,train
colonca3925.jpeg,colon_aca/colonca3925.jpeg,colon_aca,train
colonca3926.jpeg,colon_aca/colonca3926.jpeg,colon_aca,train
colonca3927.jpeg,colon_aca/colonca3927.jpeg,colon_aca,train
colonca3928.jpeg,colon_aca/colonca3928.jpeg,colon_aca,train
colonca3929.jpeg,colon_aca/colonca3929.jpeg,colon_aca,train
colonca393.jpeg,colon_aca/colonca393.jpeg,colon_aca,train
colonca3930.jpeg,colon_aca/colonca3930.jpeg,colon_aca,train
colonca3931.jpeg,colon_aca/colonca3931.jpeg,colon_aca,train
colonca3932.jpeg,colon_aca/colonca3932.jpeg,colon_aca,train
colonca3933.jpeg,colon_aca/colonca3933.jpeg,colon_aca,train
colonca3935.jpeg,colon_aca/colonca3935.jpeg,colon_aca,train
colonca3936.jpeg,colon_aca/colonca3936.jpeg,colon_aca,train
colonca3938.jpeg,colon_aca/colonca3938.jpeg,colon_aca,train
colonca3939.jpeg,colon_aca/colonca3939.jpeg,colon_aca,train
colonca394.jpeg,colon_aca/colonca394.jpeg,colon_aca,train
colonca3941.jpeg,colon_aca/colonca3941.jpeg,colon_aca,train
colonca3942.jpeg,colon_aca/colonca3942.jpeg,colon_aca,train
colonca3944.jpeg,colon_aca/colonca3944.jpeg,colon_aca,train
colonca3947.jpeg,colon_aca/colonca3947.jpeg,colon_aca,train
colonca3948.jpeg,colon_aca/colonca3948.jpeg,colon_aca,train
colonca3949.jpeg,colon_aca/colonca3949.jpeg,colon_aca,train
colonca395.jpeg,colon_aca/colonca395.jpeg,colon_aca,train
colonca3950.jpeg,colon_aca/colonca3950.jpeg,colon_aca,train
colonca3952.jpeg,colon_aca/colonca3952.jpeg,colon_aca,train
colonca3954.jpeg,colon_aca/colonca3954.jpeg,colon_aca,train
colonca3955.jpeg,colon_aca/colonca3955.jpeg,colon_aca,train
colonca3958.jpeg,colon_aca/colonca3958.jpeg,colon_aca,train
colonca3959.jpeg,colon_aca/colonca3959.jpeg,colon_aca,train
colonca396.jpeg,colon_aca/colonca396.jpeg,colon_aca,train
colonca3960.jpeg,colon_aca/colonca3960.jpeg,colon_aca,train
colonca3961.jpeg,colon_aca/colonca3961.jpeg,colon_aca,train
colonca3962.jpeg,colon_aca/colonca3962.jpeg,colon_aca,train
colonca3963.jpeg,colon_aca/colonca3963.jpeg,colon_aca,train
colonca3964.jpeg,colon_aca/colonca3964.jpeg,colon_aca,train
colonca3965.jpeg,colon_aca/colonca3965.jpeg,colon_aca,train
colonca3969.jpeg,colon_aca/colonca3969.jpeg,colon_aca,train
colonca397.jpeg,colon_aca/colonca397.jpeg,colon_aca,train
colonca3970.jpeg,colon_aca/colonca3970.jpeg,colon_aca,train
colonca3971.jpeg,colon_aca/colonca3971.jpeg,colon_aca,train
colonca3972.jpeg,colon_aca/colonca3972.jpeg,colon_aca,train
colonca3973.jpeg,colon_aca/colonca3973.jpeg,colon_aca,train
colonca3974.jpeg,colon_aca/colonca3974.jpeg,colon_aca,train
colonca3975.jpeg,colon_aca/colonca3975.jpeg,colon_aca,train
colonca3977.jpeg,colon_aca/colonca3977.jpeg,colon_aca,train
colonca3978.jpeg,colon_aca/colonca3978.jpeg,colon_aca,train
colonca3979.jpeg,colon_aca/colonca3979.jpeg,colon_aca,train
colonca3981.jpeg,colon_aca/colonca3981.jpeg,colon_aca,train
colonca3982.jpeg,colon_aca/colonca3982.jpeg,colon_aca,train
colonca3983.jpeg,colon_aca/colonca3983.jpeg,colon_aca,train
colonca3984.jpeg,colon_aca/colonca3984.jpeg,colon_aca,train
colonca3985.jpeg,colon_aca/colonca3985.jpeg,colon_aca,train
colonca3986.jpeg,colon_aca/colonca3986.jpeg,colon_aca,train
colonca3987.jpeg,colon_aca/colonca3987.jpeg,colon_aca,train
colonca3988.jpeg,colon_aca/colonca3988.jpeg,colon_aca,train
colonca3989.jpeg,colon_aca/colonca3989.jpeg,colon_aca,train
colonca399.jpeg,colon_aca/colonca399.jpeg,colon_aca,train
colonca3991.jpeg,colon_aca/colonca3991.jpeg,colon_aca,train
colonca3992.jpeg,colon_aca/colonca3992.jpeg,colon_aca,train
colonca3994.jpeg,colon_aca/colonca3994.jpeg,colon_aca,train
colonca3995.jpeg,colon_aca/colonca3995.jpeg,colon_aca,train
colonca3997.jpeg,colon_aca/colonca3997.jpeg,colon_aca,train
colonca3998.jpeg,colon_aca/colonca3998.jpeg,colon_aca,train
colonca3999.jpeg,colon_aca/colonca3999.jpeg,colon_aca,train
colonca4.jpeg,colon_aca/colonca4.jpeg,colon_aca,train
colonca400.jpeg,colon_aca/colonca400.jpeg,colon_aca,train
colonca4000.jpeg,colon_aca/colonca4000.jpeg,colon_aca,train
colonca4001.jpeg,colon_aca/colonca4001.jpeg,colon_aca,train
colonca4002.jpeg,colon_aca/colonca4002.jpeg,colon_aca,train
colonca4004.jpeg,colon_aca/colonca4004.jpeg,colon_aca,train
colonca4005.jpeg,colon_aca/colonca4005.jpeg,colon_aca,train
colonca4007.jpeg,colon_aca/colonca4007.jpeg,colon_aca,train
colonca4008.jpeg,colon_aca/colonca4008.jpeg,colon_aca,train
colonca4010.jpeg,colon_aca/colonca4010.jpeg,colon_aca,train
colonca4011.jpeg,colon_aca/colonca4011.jpeg,colon_aca,train
colonca4012.jpeg,colon_aca/colonca4012.jpeg,colon_aca,train
colonca4013.jpeg,colon_aca/colonca4013.jpeg,colon_aca,train
colonca4014.jpeg,colon_aca/colonca4014.jpeg,colon_aca,train
colonca4015.jpeg,colon_aca/colonca4015.jpeg,colon_aca,train
colonca4016.jpeg,colon_aca/colonca4016.jpeg,colon_aca,train
colonca4017.jpeg,colon_aca/colonca4017.jpeg,colon_aca,train
colonca4018.jpeg,colon_aca/colonca4018.jpeg,colon_aca,train
colonca4019.jpeg,colon_aca/colonca4019.jpeg,colon_aca,train
colonca402.jpeg,colon_aca/colonca402.jpeg,colon_aca,train
colonca4020.jpeg,colon_aca/colonca4020.jpeg,colon_aca,train
colonca4021.jpeg,colon_aca/colonca4021.jpeg,colon_aca,train
colonca4022.jpeg,colon_aca/colonca4022.jpeg,colon_aca,train
colonca4024.jpeg,colon_aca/colonca4024.jpeg,colon_aca,train
colonca4025.jpeg,colon_aca/colonca4025.jpeg,colon_aca,train
colonca4026.jpeg,colon_aca/colonca4026.jpeg,colon_aca,train
colonca4028.jpeg,colon_aca/colonca4028.jpeg,colon_aca,train
colonca403.jpeg,colon_aca/colonca403.jpeg,colon_aca,train
colonca4030.jpeg,colon_aca/colonca4030.jpeg,colon_aca,train
colonca4031.jpeg,colon_aca/colonca4031.jpeg,colon_aca,train
colonca4032.jpeg,colon_aca/colonca4032.jpeg,colon_aca,train
colonca4034.jpeg,colon_aca/colonca4034.jpeg,colon_aca,train
colonca4035.jpeg,colon_aca/colonca4035.jpeg,colon_aca,train
colonca4036.jpeg,colon_aca/colonca4036.jpeg,colon_aca,train
colonca4037.jpeg,colon_aca/colonca4037.jpeg,colon_aca,train
colonca4039.jpeg,colon_aca/colonca4039.jpeg,colon_aca,train
colonca404.jpeg,colon_aca/colonca404.jpeg,colon_aca,train
colonca4040.jpeg,colon_aca/colonca4040.jpeg,colon_aca,train
colonca4041.jpeg,colon_aca/colonca4041.jpeg,colon_aca,train
colonca4042.jpeg,colon_aca/colonca4042.jpeg,colon_aca,train
colonca4043.jpeg,colon_aca/colonca4043.jpeg,colon_aca,train
colonca4044.jpeg,colon_aca/colonca4044.jpeg,colon_aca,train
colonca4046.jpeg,colon_aca/colonca4046.jpeg,colon_aca,train
colonca4047.jpeg,colon_aca/colonca4047.jpeg,colon_aca,train
colonca4048.jpeg,colon_aca/colonca4048.jpeg,colon_aca,train
colonca4049.jpeg,colon_aca/colonca4049.jpeg,colon_aca,train
colonca405.jpeg,colon_aca/colonca405.jpeg,colon_aca,train
colonca4050.jpeg,colon_aca/colonca4050.jpeg,colon_aca,train
colonca4051.jpeg,colon_aca/colonca4051.jpeg,colon_aca,train
colonca4052.jpeg,colon_aca/colonca4052.jpeg,colon_aca,train
colonca4053.jpeg,colon_aca/colonca4053.jpeg,colon_aca,train
colonca4055.jpeg,colon_aca/colonca4055.jpeg,colon_aca,train
colonca4056.jpeg,colon_aca/colonca4056.jpeg,colon_aca,train
colonca4059.jpeg,colon_aca/colonca4059.jpeg,colon_aca,train
colonca406.jpeg,colon_aca/colonca406.jpeg,colon_aca,train
colonca4060.jpeg,colon_aca/colonca4060.jpeg,colon_aca,train
colonca4062.jpeg,colon_aca/colonca4062.jpeg,colon_aca,train
colonca4063.jpeg,colon_aca/colonca4063.jpeg,colon_aca,train
colonca4065.jpeg,colon_aca/colonca4065.jpeg,colon_aca,train
colonca4066.jpeg,colon_aca/colonca4066.jpeg,colon_aca,train
colonca4068.jpeg,colon_aca/colonca4068.jpeg,colon_aca,train
colonca4069.jpeg,colon_aca/colonca4069.jpeg,colon_aca,train
colonca407.jpeg,colon_aca/colonca407.jpeg,colon_aca,train
colonca4070.jpeg,colon_aca/colonca4070.jpeg,colon_aca,train
colonca4071.jpeg,colon_aca/colonca4071.jpeg,colon_aca,train
colonca4072.jpeg,colon_aca/colonca4072.jpeg,colon_aca,train
colonca4073.jpeg,colon_aca/colonca4073.jpeg,colon_aca,train
colonca4074.jpeg,colon_aca/colonca4074.jpeg,colon_aca,train
colonca4075.jpeg,colon_aca/colonca4075.jpeg,colon_aca,train
colonca4076.jpeg,colon_aca/colonca4076.jpeg,colon_aca,train
colonca4077.jpeg,colon_aca/colonca4077.jpeg,colon_aca,train
colonca4078.jpeg,colon_aca/colonca4078.jpeg,colon_aca,train
colonca4079.jpeg,colon_aca/colonca4079.jpeg,colon_aca,train
colonca408.jpeg,colon_aca/colonca408.jpeg,colon_aca,train
colonca4080.jpeg,colon_aca/colonca4080.jpeg,colon_aca,train
colonca4081.jpeg,colon_aca/colonca4081.jpeg,colon_aca,train
colonca4082.jpeg,colon_aca/colonca4082.jpeg,colon_aca,train
colonca4083.jpeg,colon_aca/colonca4083.jpeg,colon_aca,train
colonca4084.jpeg,colon_aca/colonca4084.jpeg,colon_aca,train
colonca4085.jpeg,colon_aca/colonca4085.jpeg,colon_aca,train
colonca4086.jpeg,colon_aca/colonca4086.jpeg,colon_aca,train
colonca4087.jpeg,colon_aca/colonca4087.jpeg,colon_aca,train
colonca4089.jpeg,colon_aca/colonca4089.jpeg,colon_aca,train
colonca4090.jpeg,colon_aca/colonca4090.jpeg,colon_aca,train
colonca4092.jpeg,colon_aca/colonca4092.jpeg,colon_aca,train
colonca4093.jpeg,colon_aca/colonca4093.jpeg,colon_aca,train
colonca4094.jpeg,colon_aca/colonca4094.jpeg,colon_aca,train
colonca4095.jpeg,colon_aca/colonca4095.jpeg,colon_aca,train
colonca4097.jpeg,colon_aca/colonca4097.jpeg,colon_aca,train
colonca4098.jpeg,colon_aca/colonca4098.jpeg,colon_aca,train
colonca41.jpeg,colon_aca/colonca41.jpeg,colon_aca,train
colonca410.jpeg,colon_aca/colonca410.jpeg,colon_aca,train
colonca4100.jpeg,colon_aca/colonca4100.jpeg,colon_aca,train
colonca4101.jpeg,colon_aca/colonca4101.jpeg,colon_aca,train
colonca4102.jpeg,colon_aca/colonca4102.jpeg,colon_aca,train
colonca4103.jpeg,colon_aca/colonca4103.jpeg,colon_aca,train
colonca4104.jpeg,colon_aca/colonca4104.jpeg,colon_aca,train
colonca4105.jpeg,colon_aca/colonca4105.jpeg,colon_aca,train
colonca4107.jpeg,colon_aca/colonca4107.jpeg,colon_aca,train
colonca4108.jpeg,colon_aca/colonca4108.jpeg,colon_aca,train
colonca411.jpeg,colon_aca/colonca411.jpeg,colon_aca,train
colonca4111.jpeg,colon_aca/colonca4111.jpeg,colon_aca,train
colonca4112.jpeg,colon_aca/colonca4112.jpeg,colon_aca,train
colonca4115.jpeg,colon_aca/colonca4115.jpeg,colon_aca,train
colonca4116.jpeg,colon_aca/colonca4116.jpeg,colon_aca,train
colonca4119.jpeg,colon_aca/colonca4119.jpeg,colon_aca,train
colonca412.jpeg,colon_aca/colonca412.jpeg,colon_aca,train
colonca4121.jpeg,colon_aca/colonca4121.jpeg,colon_aca,train
colonca4122.jpeg,colon_aca/colonca4122.jpeg,colon_aca,train
colonca4123.jpeg,colon_aca/colonca4123.jpeg,colon_aca,train
colonca4124.jpeg,colon_aca/colonca4124.jpeg,colon_aca,train
colonca4125.jpeg,colon_aca/colonca4125.jpeg,colon_aca,train
colonca4126.jpeg,colon_aca/colonca4126.jpeg,colon_aca,train
colonca4127.jpeg,colon_aca/colonca4127.jpeg,colon_aca,train
colonca4128.jpeg,colon_aca/colonca4128.jpeg,colon_aca,train
colonca4129.jpeg,colon_aca/colonca4129.jpeg,colon_aca,train
colonca413.jpeg,colon_aca/colonca413.jpeg,colon_aca,train
colonca4130.jpeg,colon_aca/colonca4130.jpeg,colon_aca,train
colonca4131.jpeg,colon_aca/colonca4131.jpeg,colon_aca,train
colonca4133.jpeg,colon_aca/colonca4133.jpeg,colon_aca,train
colonca4134.jpeg,colon_aca/colonca4134.jpeg,colon_aca,train
colonca4136.jpeg,colon_aca/colonca4136.jpeg,colon_aca,train
colonca4137.jpeg,colon_aca/colonca4137.jpeg,colon_aca,train
colonca4139.jpeg,colon_aca/colonca4139.jpeg,colon_aca,train
colonca414.jpeg,colon_aca/colonca414.jpeg,colon_aca,train
colonca4141.jpeg,colon_aca/colonca4141.jpeg,colon_aca,train
colonca4142.jpeg,colon_aca/colonca4142.jpeg,colon_aca,train
colonca4143.jpeg,colon_aca/colonca4143.jpeg,colon_aca,train
colonca4145.jpeg,colon_aca/colonca4145.jpeg,colon_aca,train
colonca4146.jpeg,colon_aca/colonca4146.jpeg,colon_aca,train
colonca4147.jpeg,colon_aca/colonca4147.jpeg,colon_aca,train
colonca4148.jpeg,colon_aca/colonca4148.jpeg,colon_aca,train
colonca4149.jpeg,colon_aca/colonca4149.jpeg,colon_aca,train
colonca415.jpeg,colon_aca/colonca415.jpeg,colon_aca,train
colonca4150.jpeg,colon_aca/colonca4150.jpeg,colon_aca,train
colonca4152.jpeg,colon_aca/colonca4152.jpeg,colon_aca,train
colonca4153.jpeg,colon_aca/colonca4153.jpeg,colon_aca,train
colonca4154.jpeg,colon_aca/colonca4154.jpeg,colon_aca,train
colonca4155.jpeg,colon_aca/colonca4155.jpeg,colon_aca,train
colonca4156.jpeg,colon_aca/colonca4156.jpeg,colon_aca,train
colonca4158.jpeg,colon_aca/colonca4158.jpeg,colon_aca,train
colonca4160.jpeg,colon_aca/colonca4160.jpeg,colon_aca,train
colonca4161.jpeg,colon_aca/colonca4161.jpeg,colon_aca,train
colonca4162.jpeg,colon_aca/colonca4162.jpeg,colon_aca,train
colonca4163.jpeg,colon_aca/colonca4163.jpeg,colon_aca,train
colonca4164.jpeg,colon_aca/colonca4164.jpeg,colon_aca,train
colonca4165.jpeg,colon_aca/colonca4165.jpeg,colon_aca,train
colonca4169.jpeg,colon_aca/colonca4169.jpeg,colon_aca,train
colonca417.jpeg,colon_aca/colonca417.jpeg,colon_aca,train
colonca4170.jpeg,colon_aca/colonca4170.jpeg,colon_aca,train
colonca4171.jpeg,colon_aca/colonca4171.jpeg,colon_aca,train
colonca4172.jpeg,colon_aca/colonca4172.jpeg,colon_aca,train
colonca4173.jpeg,colon_aca/colonca4173.jpeg,colon_aca,train
colonca4174.jpeg,colon_aca/colonca4174.jpeg,colon_aca,train
colonca4175.jpeg,colon_aca/colonca4175.jpeg,colon_aca,train
colonca4176.jpeg,colon_aca/colonca4176.jpeg,colon_aca,train
colonca4178.jpeg,colon_aca/colonca4178.jpeg,colon_aca,train
colonca418.jpeg,colon_aca/colonca418.jpeg,colon_aca,train
colonca4180.jpeg,colon_aca/colonca4180.jpeg,colon_aca,train
colonca4181.jpeg,colon_aca/colonca4181.jpeg,colon_aca,train
colonca4182.jpeg,colon_aca/colonca4182.jpeg,colon_aca,train
colonca4183.jpeg,colon_aca/colonca4183.jpeg,colon_aca,train
colonca4185.jpeg,colon_aca/colonca4185.jpeg,colon_aca,train
colonca4186.jpeg,colon_aca/colonca4186.jpeg,colon_aca,train
colonca4187.jpeg,colon_aca/colonca4187.jpeg,colon_aca,train
colonca4188.jpeg,colon_aca/colonca4188.jpeg,colon_aca,train
colonca4189.jpeg,colon_aca/colonca4189.jpeg,colon_aca,train
colonca419.jpeg,colon_aca/colonca419.jpeg,colon_aca,train
colonca4190.jpeg,colon_aca/colonca4190.jpeg,colon_aca,train
colonca4191.jpeg,colon_aca/colonca4191.jpeg,colon_aca,train
colonca4192.jpeg,colon_aca/colonca4192.jpeg,colon_aca,train
colonca4193.jpeg,colon_aca/colonca4193.jpeg,colon_aca,train
colonca4194.jpeg,colon_aca/colonca4194.jpeg,colon_aca,train
colonca4196.jpeg,colon_aca/colonca4196.jpeg,colon_aca,train
colonca4197.jpeg,colon_aca/colonca4197.jpeg,colon_aca,train
colonca4198.jpeg,colon_aca/colonca4198.jpeg,colon_aca,train
colonca4199.jpeg,colon_aca/colonca4199.jpeg,colon_aca,train
colonca42.jpeg,colon_aca/colonca42.jpeg,colon_aca,train
colonca420.jpeg,colon_aca/colonca420.jpeg,colon_aca,train
colonca4200.jpeg,colon_aca/colonca4200.jpeg,colon_aca,train
colonca4202.jpeg,colon_aca/colonca4202.jpeg,colon_aca,train
colonca4205.jpeg,colon_aca/colonca4205.jpeg,colon_aca,train
colonca4206.jpeg,colon_aca/colonca4206.jpeg,colon_aca,train
colonca4207.jpeg,colon_aca/colonca4207.jpeg,colon_aca,train
colonca4208.jpeg,colon_aca/colonca4208.jpeg,colon_aca,train
colonca4210.jpeg,colon_aca/colonca4210.jpeg,colon_aca,train
colonca4212.jpeg,colon_aca/colonca4212.jpeg,colon_aca,train
colonca4216.jpeg,colon_aca/colonca4216.jpeg,colon_aca,train
colonca4217.jpeg,colon_aca/colonca4217.jpeg,colon_aca,train
colonca4218.jpeg,colon_aca/colonca4218.jpeg,colon_aca,train
colonca4219.jpeg,colon_aca/colonca4219.jpeg,colon_aca,train
colonca422.jpeg,colon_aca/colonca422.jpeg,colon_aca,train
colonca4221.jpeg,colon_aca/colonca4221.jpeg,colon_aca,train
colonca4222.jpeg,colon_aca/colonca4222.jpeg,colon_aca,train
colonca4223.jpeg,colon_aca/colonca4223.jpeg,colon_aca,train
colonca4224.jpeg,colon_aca/colonca4224.jpeg,colon_aca,train
colonca4225.jpeg,colon_aca/colonca4225.jpeg,colon_aca,train
colonca4227.jpeg,colon_aca/colonca4227.jpeg,colon_aca,train
colonca423.jpeg,colon_aca/colonca423.jpeg,colon_aca,train
colonca4230.jpeg,colon_aca/colonca4230.jpeg,colon_aca,train
colonca4231.jpeg,colon_aca/colonca4231.jpeg,colon_aca,train
colonca4232.jpeg,colon_aca/colonca4232.jpeg,colon_aca,train
colonca4233.jpeg,colon_aca/colonca4233.jpeg,colon_aca,train
colonca4234.jpeg,colon_aca/colonca4234.jpeg,colon_aca,train
colonca4235.jpeg,colon_aca/colonca4235.jpeg,colon_aca,train
colonca4237.jpeg,colon_aca/colonca4237.jpeg,colon_aca,train
colonca4238.jpeg,colon_aca/colonca4238.jpeg,colon_aca,train
colonca4239.jpeg,colon_aca/colonca4239.jpeg,colon_aca,train
colonca424.jpeg,colon_aca/colonca424.jpeg,colon_aca,train
colonca4240.jpeg,colon_aca/colonca4240.jpeg,colon_aca,train
colonca4242.jpeg,colon_aca/colonca4242.jpeg,colon_aca,train
colonca4243.jpeg,colon_aca/colonca4243.jpeg,colon_aca,train
colonca4244.jpeg,colon_aca/colonca4244.jpeg,colon_aca,train
colonca4245.jpeg,colon_aca/colonca4245.jpeg,colon_aca,train
colonca4247.jpeg,colon_aca/colonca4247.jpeg,colon_aca,train
colonca4248.jpeg,colon_aca/colonca4248.jpeg,colon_aca,train
colonca4249.jpeg,colon_aca/colonca4249.jpeg,colon_aca,train
colonca425.jpeg,colon_aca/colonca425.jpeg,colon_aca,train
colonca4250.jpeg,colon_aca/colonca4250.jpeg,colon_aca,train
colonca4251.jpeg,colon_aca/colonca4251.jpeg,colon_aca,train
colonca4252.jpeg,colon_aca/colonca4252.jpeg,colon_aca,train
colonca4253.jpeg,colon_aca/colonca4253.jpeg,colon_aca,train
colonca4254.jpeg,colon_aca/colonca4254.jpeg,colon_aca,train
colonca4255.jpeg,colon_aca/colonca4255.jpeg,colon_aca,train
colonca4257.jpeg,colon_aca/colonca4257.jpeg,colon_aca,train
colonca426.jpeg,colon_aca/colonca426.jpeg,colon_aca,train
colonca4260.jpeg,colon_aca/colonca4260.jpeg,colon_aca,train
colonca4263.jpeg,colon_aca/colonca4263.jpeg,colon_aca,train
colonca4264.jpeg,colon_aca/colonca4264.jpeg,colon_aca,train
colonca4265.jpeg,colon_aca/colonca4265.jpeg,colon_aca,train
colonca4267.jpeg,colon_aca/colonca4267.jpeg,colon_aca,train
colonca4268.jpeg,colon_aca/colonca4268.jpeg,colon_aca,train
colonca4269.jpeg,colon_aca/colonca4269.jpeg,colon_aca,train
colonca4270.jpeg,colon_aca/colonca4270.jpeg,colon_aca,train
colonca4271.jpeg,colon_aca/colonca4271.jpeg,colon_aca,train
colonca4272.jpeg,colon_aca/colonca4272.jpeg,colon_aca,train
colonca4273.jpeg,colon_aca/colonca4273.jpeg,colon_aca,train
colonca4274.jpeg,colon_aca/colonca4274.jpeg,colon_aca,train
colonca4275.jpeg,colon_aca/colonca4275.jpeg,colon_aca,train
colonca4276.jpeg,colon_aca/colonca4276.jpeg,colon_aca,train
colonca4277.jpeg,colon_aca/colonca4277.jpeg,colon_aca,train
colonca4278.jpeg,colon_aca/colonca4278.jpeg,colon_aca,train
colonca4279.jpeg,colon_aca/colonca4279.jpeg,colon_aca,train
colonca428.jpeg,colon_aca/colonca428.jpeg,colon_aca,train
colonca4280.jpeg,colon_aca/colonca4280.jpeg,colon_aca,train
colonca4281.jpeg,colon_aca/colonca4281.jpeg,colon_aca,train
colonca4282.jpeg,colon_aca/colonca4282.jpeg,colon_aca,train
colonca4283.jpeg,colon_aca/colonca4283.jpeg,colon_aca,train
colonca4284.jpeg,colon_aca/colonca4284.jpeg,colon_aca,train
colonca4285.jpeg,colon_aca/colonca4285.jpeg,colon_aca,train
colonca4287.jpeg,colon_aca/colonca4287.jpeg,colon_aca,train
colonca4288.jpeg,colon_aca/colonca4288.jpeg,colon_aca,train
colonca4289.jpeg,colon_aca/colonca4289.jpeg,colon_aca,train
colonca429.jpeg,colon_aca/colonca429.jpeg,colon_aca,train
colonca4290.jpeg,colon_aca/colonca4290.jpeg,colon_aca,train
colonca4292.jpeg,colon_aca/colonca4292.jpeg,colon_aca,train
colonca4293.jpeg,colon_aca/colonca4293.jpeg,colon_aca,train
colonca4294.jpeg,colon_aca/colonca4294.jpeg,colon_aca,train
colonca4295.jpeg,colon_aca/colonca4295.jpeg,colon_aca,train
colonca4296.jpeg,colon_aca/colonca4296.jpeg,colon_aca,train
colonca4297.jpeg,colon_aca/colonca4297.jpeg,colon_aca,train
colonca4298.jpeg,colon_aca/colonca4298.jpeg,colon_aca,train
colonca4299.jpeg,colon_aca/colonca4299.jpeg,colon_aca,train
colonca43.jpeg,colon_aca/colonca43.jpeg,colon_aca,train
colonca430.jpeg,colon_aca/colonca430.jpeg,colon_aca,train
colonca4300.jpeg,colon_aca/colonca4300.jpeg,colon_aca,train
colonca4301.jpeg,colon_aca/colonca4301.jpeg,colon_aca,train
colonca4303.jpeg,colon_aca/colonca4303.jpeg,colon_aca,train
colonca4304.jpeg,colon_aca/colonca4304.jpeg,colon_aca,train
colonca4305.jpeg,colon_aca/colonca4305.jpeg,colon_aca,train
colonca4307.jpeg,colon_aca/colonca4307.jpeg,colon_aca,train
colonca4308.jpeg,colon_aca/colonca4308.jpeg,colon_aca,train
colonca4309.jpeg,colon_aca/colonca4309.jpeg,colon_aca,train
colonca4310.jpeg,colon_aca/colonca4310.jpeg,colon_aca,train
colonca4311.jpeg,colon_aca/colonca4311.jpeg,colon_aca,train
colonca4312.jpeg,colon_aca/colonca4312.jpeg,colon_aca,train
colonca4313.jpeg,colon_aca/colonca4313.jpeg,colon_aca,train
colonca4314.jpeg,colon_aca/colonca4314.jpeg,colon_aca,train
colonca4315.jpeg,colon_aca/colonca4315.jpeg,colon_aca,train
colonca4317.jpeg,colon_aca/colonca4317.jpeg,colon_aca,train
colonca4318.jpeg,colon_aca/colonca4318.jpeg,colon_aca,train
colonca4319.jpeg,colon_aca/colonca4319.jpeg,colon_aca,train
colonca4320.jpeg,colon_aca/colonca4320.jpeg,colon_aca,train
colonca4322.jpeg,colon_aca/colonca4322.jpeg,colon_aca,train
colonca4323.jpeg,colon_aca/colonca4323.jpeg,colon_aca,train
colonca4324.jpeg,colon_aca/colonca4324.jpeg,colon_aca,train
colonca4325.jpeg,colon_aca/colonca4325.jpeg,colon_aca,train
colonca4326.jpeg,colon_aca/colonca4326.jpeg,colon_aca,train
colonca4328.jpeg,colon_aca/colonca4328.jpeg,colon_aca,train
colonca433.jpeg,colon_aca/colonca433.jpeg,colon_aca,train
colonca4330.jpeg,colon_aca/colonca4330.jpeg,colon_aca,train
colonca4331.jpeg,colon_aca/colonca4331.jpeg,colon_aca,train
colonca4332.jpeg,colon_aca/colonca4332.jpeg,colon_aca,train
colonca4333.jpeg,colon_aca/colonca4333.jpeg,colon_aca,train
colonca4334.jpeg,colon_aca/colonca4334.jpeg,colon_aca,train
colonca4335.jpeg,colon_aca/colonca4335.jpeg,colon_aca,train
colonca4336.jpeg,colon_aca/colonca4336.jpeg,colon_aca,train
colonca4337.jpeg,colon_aca/colonca4337.jpeg,colon_aca,train
colonca4338.jpeg,colon_aca/colonca4338.jpeg,colon_aca,train
colonca4339.jpeg,colon_aca/colonca4339.jpeg,colon_aca,train
colonca434.jpeg,colon_aca/colonca434.jpeg,colon_aca,train
colonca4340.jpeg,colon_aca/colonca4340.jpeg,colon_aca,train
colonca4342.jpeg,colon_aca/colonca4342.jpeg,colon_aca,train
colonca4345.jpeg,colon_aca/colonca4345.jpeg,colon_aca,train
colonca4347.jpeg,colon_aca/colonca4347.jpeg,colon_aca,train
colonca4348.jpeg,colon_aca/colonca4348.jpeg,colon_aca,train
colonca4349.jpeg,colon_aca/colonca4349.jpeg,colon_aca,train
colonca435.jpeg,colon_aca/colonca435.jpeg,colon_aca,train
colonca4352.jpeg,colon_aca/colonca4352.jpeg,colon_aca,train
colonca4354.jpeg,colon_aca/colonca4354.jpeg,colon_aca,train
colonca4357.jpeg,colon_aca/colonca4357.jpeg,colon_aca,train
colonca4358.jpeg,colon_aca/colonca4358.jpeg,colon_aca,train
colonca4359.jpeg,colon_aca/colonca4359.jpeg,colon_aca,train
colonca436.jpeg,colon_aca/colonca436.jpeg,colon_aca,train
colonca4360.jpeg,colon_aca/colonca4360.jpeg,colon_aca,train
colonca4361.jpeg,colon_aca/colonca4361.jpeg,colon_aca,train
colonca4362.jpeg,colon_aca/colonca4362.jpeg,colon_aca,train
colonca4363.jpeg,colon_aca/colonca4363.jpeg,colon_aca,train
colonca4365.jpeg,colon_aca/colonca4365.jpeg,colon_aca,train
colonca4367.jpeg,colon_aca/colonca4367.jpeg,colon_aca,train
colonca4368.jpeg,colon_aca/colonca4368.jpeg,colon_aca,train
colonca4369.jpeg,colon_aca/colonca4369.jpeg,colon_aca,train
colonca4370.jpeg,colon_aca/colonca4370.jpeg,colon_aca,train
colonca4371.jpeg,colon_aca/colonca4371.jpeg,colon_aca,train
colonca4372.jpeg,colon_aca/colonca4372.jpeg,colon_aca,train
colonca4373.jpeg,colon_aca/colonca4373.jpeg,colon_aca,train
colonca4374.jpeg,colon_aca/colonca4374.jpeg,colon_aca,train
colonca4375.jpeg,colon_aca/colonca4375.jpeg,colon_aca,train
colonca4376.jpeg,colon_aca/colonca4376.jpeg,colon_aca,train
colonca4377.jpeg,colon_aca/colonca4377.jpeg,colon_aca,train
colonca4379.jpeg,colon_aca/colonca4379.jpeg,colon_aca,train
colonca438.jpeg,colon_aca/colonca438.jpeg,colon_aca,train
colonca4380.jpeg,colon_aca/colonca4380.jpeg,colon_aca,train
colonca4382.jpeg,colon_aca/colonca4382.jpeg,colon_aca,train
colonca4383.jpeg,colon_aca/colonca4383.jpeg,colon_aca,train
colonca4384.jpeg,colon_aca/colonca4384.jpeg,colon_aca,train
colonca4385.jpeg,colon_aca/colonca4385.jpeg,colon_aca,train
colonca4387.jpeg,colon_aca/colonca4387.jpeg,colon_aca,train
colonca4388.jpeg,colon_aca/colonca4388.jpeg,colon_aca,train
colonca439.jpeg,colon_aca/colonca439.jpeg,colon_aca,train
colonca4390.jpeg,colon_aca/colonca4390.jpeg,colon_aca,train
colonca4391.jpeg,colon_aca/colonca4391.jpeg,colon_aca,train
colonca4393.jpeg,colon_aca/colonca4393.jpeg,colon_aca,train
colonca4395.jpeg,colon_aca/colonca4395.jpeg,colon_aca,train
colonca4396.jpeg,colon_aca/colonca4396.jpeg,colon_aca,train
colonca4397.jpeg,colon_aca/colonca4397.jpeg,colon_aca,train
colonca4398.jpeg,colon_aca/colonca4398.jpeg,colon_aca,train
colonca4399.jpeg,colon_aca/colonca4399.jpeg,colon_aca,train
colonca44.jpeg,colon_aca/colonca44.jpeg,colon_aca,train
colonca440.jpeg,colon_aca/colonca440.jpeg,colon_aca,train
colonca4401.jpeg,colon_aca/colonca4401.jpeg,colon_aca,train
colonca4403.jpeg,colon_aca/colonca4403.jpeg,colon_aca,train
colonca4405.jpeg,colon_aca/colonca4405.jpeg,colon_aca,train
colonca4407.jpeg,colon_aca/colonca4407.jpeg,colon_aca,train
colonca4408.jpeg,colon_aca/colonca4408.jpeg,colon_aca,train
colonca441.jpeg,colon_aca/colonca441.jpeg,colon_aca,train
colonca4410.jpeg,colon_aca/colonca4410.jpeg,colon_aca,train
colonca4411.jpeg,colon_aca/colonca4411.jpeg,colon_aca,train
colonca4412.jpeg,colon_aca/colonca4412.jpeg,colon_aca,train
colonca4413.jpeg,colon_aca/colonca4413.jpeg,colon_aca,train
colonca4414.jpeg,colon_aca/colonca4414.jpeg,colon_aca,train
colonca4415.jpeg,colon_aca/colonca4415.jpeg,colon_aca,train
colonca4416.jpeg,colon_aca/colonca4416.jpeg,colon_aca,train
colonca4417.jpeg,colon_aca/colonca4417.jpeg,colon_aca,train
colonca4418.jpeg,colon_aca/colonca4418.jpeg,colon_aca,train
colonca4419.jpeg,colon_aca/colonca4419.jpeg,colon_aca,train
colonca442.jpeg,colon_aca/colonca442.jpeg,colon_aca,train
colonca4420.jpeg,colon_aca/colonca4420.jpeg,colon_aca,train
colonca4421.jpeg,colon_aca/colonca4421.jpeg,colon_aca,train
colonca4422.jpeg,colon_aca/colonca4422.jpeg,colon_aca,train
colonca4425.jpeg,colon_aca/colonca4425.jpeg,colon_aca,train
colonca4428.jpeg,colon_aca/colonca4428.jpeg,colon_aca,train
colonca4429.jpeg,colon_aca/colonca4429.jpeg,colon_aca,train
colonca443.jpeg,colon_aca/colonca443.jpeg,colon_aca,train
colonca4430.jpeg,colon_aca/colonca4430.jpeg,colon_aca,train
colonca4431.jpeg,colon_aca/colonca4431.jpeg,colon_aca,train
colonca4432.jpeg,colon_aca/colonca4432.jpeg,colon_aca,train
colonca4434.jpeg,colon_aca/colonca4434.jpeg,colon_aca,train
colonca4435.jpeg,colon_aca/colonca4435.jpeg,colon_aca,train
colonca4436.jpeg,colon_aca/colonca4436.jpeg,colon_aca,train
colonca4437.jpeg,colon_aca/colonca4437.jpeg,colon_aca,train
colonca4438.jpeg,colon_aca/colonca4438.jpeg,colon_aca,train
colonca4439.jpeg,colon_aca/colonca4439.jpeg,colon_aca,train
colonca444.jpeg,colon_aca/colonca444.jpeg,colon_aca,train
colonca4440.jpeg,colon_aca/colonca4440.jpeg,colon_aca,train
colonca4442.jpeg,colon_aca/colonca4442.jpeg,colon_aca,train
colonca4443.jpeg,colon_aca/colonca4443.jpeg,colon_aca,train
colonca4445.jpeg,colon_aca/colonca4445.jpeg,colon_aca,train
colonca4446.jpeg,colon_aca/colonca4446.jpeg,colon_aca,train
colonca4447.jpeg,colon_aca/colonca4447.jpeg,colon_aca,train
colonca4448.jpeg,colon_aca/colonca4448.jpeg,colon_aca,train
colonca4449.jpeg,colon_aca/colonca4449.jpeg,colon_aca,train
colonca4450.jpeg,colon_aca/colonca4450.jpeg,colon_aca,train
colonca4451.jpeg,colon_aca/colonca4451.jpeg,colon_aca,train
colonca4452.jpeg,colon_aca/colonca4452.jpeg,colon_aca,train
colonca4453.jpeg,colon_aca/colonca4453.jpeg,colon_aca,train
colonca4455.jpeg,colon_aca/colonca4455.jpeg,colon_aca,train
colonca4456.jpeg,colon_aca/colonca4456.jpeg,colon_aca,train
colonca4457.jpeg,colon_aca/colonca4457.jpeg,colon_aca,train
colonca4458.jpeg,colon_aca/colonca4458.jpeg,colon_aca,train
colonca4459.jpeg,colon_aca/colonca4459.jpeg,colon_aca,train
colonca4460.jpeg,colon_aca/colonca4460.jpeg,colon_aca,train
colonca4461.jpeg,colon_aca/colonca4461.jpeg,colon_aca,train
colonca4462.jpeg,colon_aca/colonca4462.jpeg,colon_aca,train
colonca4465.jpeg,colon_aca/colonca4465.jpeg,colon_aca,train
colonca4467.jpeg,colon_aca/colonca4467.jpeg,colon_aca,train
colonca447.jpeg,colon_aca/colonca447.jpeg,colon_aca,train
colonca4470.jpeg,colon_aca/colonca4470.jpeg,colon_aca,train
colonca4471.jpeg,colon_aca/colonca4471.jpeg,colon_aca,train
colonca4472.jpeg,colon_aca/colonca4472.jpeg,colon_aca,train
colonca4473.jpeg,colon_aca/colonca4473.jpeg,colon_aca,train
colonca4474.jpeg,colon_aca/colonca4474.jpeg,colon_aca,train
colonca4475.jpeg,colon_aca/colonca4475.jpeg,colon_aca,train
colonca4476.jpeg,colon_aca/colonca4476.jpeg,colon_aca,train
colonca4477.jpeg,colon_aca/colonca4477.jpeg,colon_aca,train
colonca4478.jpeg,colon_aca/colonca4478.jpeg,colon_aca,train
colonca4479.jpeg,colon_aca/colonca4479.jpeg,colon_aca,train
colonca448.jpeg,colon_aca/colonca448.jpeg,colon_aca,train
colonca4481.jpeg,colon_aca/colonca4481.jpeg,colon_aca,train
colonca4482.jpeg,colon_aca/colonca4482.jpeg,colon_aca,train
colonca4483.jpeg,colon_aca/colonca4483.jpeg,colon_aca,train
colonca4485.jpeg,colon_aca/colonca4485.jpeg,colon_aca,train
colonca4487.jpeg,colon_aca/colonca4487.jpeg,colon_aca,train
colonca4489.jpeg,colon_aca/colonca4489.jpeg,colon_aca,train
colonca449.jpeg,colon_aca/colonca449.jpeg,colon_aca,train
colonca4491.jpeg,colon_aca/colonca4491.jpeg,colon_aca,train
colonca4492.jpeg,colon_aca/colonca4492.jpeg,colon_aca,train
colonca4493.jpeg,colon_aca/colonca4493.jpeg,colon_aca,train
colonca4494.jpeg,colon_aca/colonca4494.jpeg,colon_aca,train
colonca4495.jpeg,colon_aca/colonca4495.jpeg,colon_aca,train
colonca4496.jpeg,colon_aca/colonca4496.jpeg,colon_aca,train
colonca4497.jpeg,colon_aca/colonca4497.jpeg,colon_aca,train
colonca4498.jpeg,colon_aca/colonca4498.jpeg,colon_aca,train
colonca45.jpeg,colon_aca/colonca45.jpeg,colon_aca,train
colonca450.jpeg,colon_aca/colonca450.jpeg,colon_aca,train
colonca4500.jpeg,colon_aca/colonca4500.jpeg,colon_aca,train
colonca4503.jpeg,colon_aca/colonca4503.jpeg,colon_aca,train
colonca4504.jpeg,colon_aca/colonca4504.jpeg,colon_aca,train
colonca4505.jpeg,colon_aca/colonca4505.jpeg,colon_aca,train
colonca4506.jpeg,colon_aca/colonca4506.jpeg,colon_aca,train
colonca4507.jpeg,colon_aca/colonca4507.jpeg,colon_aca,train
colonca4508.jpeg,colon_aca/colonca4508.jpeg,colon_aca,train
colonca451.jpeg,colon_aca/colonca451.jpeg,colon_aca,train
colonca4510.jpeg,colon_aca/colonca4510.jpeg,colon_aca,train
colonca4511.jpeg,colon_aca/colonca4511.jpeg,colon_aca,train
colonca4512.jpeg,colon_aca/colonca4512.jpeg,colon_aca,train
colonca4514.jpeg,colon_aca/colonca4514.jpeg,colon_aca,train
colonca4517.jpeg,colon_aca/colonca4517.jpeg,colon_aca,train
colonca4518.jpeg,colon_aca/colonca4518.jpeg,colon_aca,train
colonca4519.jpeg,colon_aca/colonca4519.jpeg,colon_aca,train
colonca452.jpeg,colon_aca/colonca452.jpeg,colon_aca,train
colonca4521.jpeg,colon_aca/colonca4521.jpeg,colon_aca,train
colonca4522.jpeg,colon_aca/colonca4522.jpeg,colon_aca,train
colonca4523.jpeg,colon_aca/colonca4523.jpeg,colon_aca,train
colonca4524.jpeg,colon_aca/colonca4524.jpeg,colon_aca,train
colonca4525.jpeg,colon_aca/colonca4525.jpeg,colon_aca,train
colonca4526.jpeg,colon_aca/colonca4526.jpeg,colon_aca,train
colonca4527.jpeg,colon_aca/colonca4527.jpeg,colon_aca,train
colonca4529.jpeg,colon_aca/colonca4529.jpeg,colon_aca,train
colonca453.jpeg,colon_aca/colonca453.jpeg,colon_aca,train
colonca4530.jpeg,colon_aca/colonca4530.jpeg,colon_aca,train
colonca4531.jpeg,colon_aca/colonca4531.jpeg,colon_aca,train
colonca4532.jpeg,colon_aca/colonca4532.jpeg,colon_aca,train
colonca4533.jpeg,colon_aca/colonca4533.jpeg,colon_aca,train
colonca4534.jpeg,colon_aca/colonca4534.jpeg,colon_aca,train
colonca4535.jpeg,colon_aca/colonca4535.jpeg,colon_aca,train
colonca4536.jpeg,colon_aca/colonca4536.jpeg,colon_aca,train
colonca4537.jpeg,colon_aca/colonca4537.jpeg,colon_aca,train
colonca4538.jpeg,colon_aca/colonca4538.jpeg,colon_aca,train
colonca4539.jpeg,colon_aca/colonca4539.jpeg,colon_aca,train
colonca454.jpeg,colon_aca/colonca454.jpeg,colon_aca,train
colonca4540.jpeg,colon_aca/colonca4540.jpeg,colon_aca,train
colonca4541.jpeg,colon_aca/colonca4541.jpeg,colon_aca,train
colonca4542.jpeg,colon_aca/colonca4542.jpeg,colon_aca,train
colonca4543.jpeg,colon_aca/colonca4543.jpeg,colon_aca,train
colonca4544.jpeg,colon_aca/colonca4544.jpeg,colon_aca,train
colonca4545.jpeg,colon_aca/colonca4545.jpeg,colon_aca,train
colonca4546.jpeg,colon_aca/colonca4546.jpeg,colon_aca,train
colonca4547.jpeg,colon_aca/colonca4547.jpeg,colon_aca,train
colonca4549.jpeg,colon_aca/colonca4549.jpeg,colon_aca,train
colonca455.jpeg,colon_aca/colonca455.jpeg,colon_aca,train
colonca4550.jpeg,colon_aca/colonca4550.jpeg,colon_aca,train
colonca4551.jpeg,colon_aca/colonca4551.jpeg,colon_aca,train
colonca4552.jpeg,colon_aca/colonca4552.jpeg,colon_aca,train
colonca4553.jpeg,colon_aca/colonca4553.jpeg,colon_aca,train
colonca4554.jpeg,colon_aca/colonca4554.jpeg,colon_aca,train
colonca4557.jpeg,colon_aca/colonca4557.jpeg,colon_aca,train
colonca4559.jpeg,colon_aca/colonca4559.jpeg,colon_aca,train
colonca456.jpeg,colon_aca/colonca456.jpeg,colon_aca,train
colonca4560.jpeg,colon_aca/colonca4560.jpeg,colon_aca,train
colonca4561.jpeg,colon_aca/colonca4561.jpeg,colon_aca,train
colonca4562.jpeg,colon_aca/colonca4562.jpeg,colon_aca,train
colonca4564.jpeg,colon_aca/colonca4564.jpeg,colon_aca,train
colonca4565.jpeg,colon_aca/colonca4565.jpeg,colon_aca,train
colonca4566.jpeg,colon_aca/colonca4566.jpeg,colon_aca,train
colonca4567.jpeg,colon_aca/colonca4567.jpeg,colon_aca,train
colonca4568.jpeg,colon_aca/colonca4568.jpeg,colon_aca,train
colonca4570.jpeg,colon_aca/colonca4570.jpeg,colon_aca,train
colonca4573.jpeg,colon_aca/colonca4573.jpeg,colon_aca,train
colonca4575.jpeg,colon_aca/colonca4575.jpeg,colon_aca,train
colonca4576.jpeg,colon_aca/colonca4576.jpeg,colon_aca,train
colonca4577.jpeg,colon_aca/colonca4577.jpeg,colon_aca,train
colonca4579.jpeg,colon_aca/colonca4579.jpeg,colon_aca,train
colonca4580.jpeg,colon_aca/colonca4580.jpeg,colon_aca,train
colonca4581.jpeg,colon_aca/colonca4581.jpeg,colon_aca,train
colonca4583.jpeg,colon_aca/colonca4583.jpeg,colon_aca,train
colonca4584.jpeg,colon_aca/colonca4584.jpeg,colon_aca,train
colonca4585.jpeg,colon_aca/colonca4585.jpeg,colon_aca,train
colonca4586.jpeg,colon_aca/colonca4586.jpeg,colon_aca,train
colonca4588.jpeg,colon_aca/colonca4588.jpeg,colon_aca,train
colonca4589.jpeg,colon_aca/colonca4589.jpeg,colon_aca,train
colonca459.jpeg,colon_aca/colonca459.jpeg,colon_aca,train
colonca4590.jpeg,colon_aca/colonca4590.jpeg,colon_aca,train
colonca4591.jpeg,colon_aca/colonca4591.jpeg,colon_aca,train
colonca4592.jpeg,colon_aca/colonca4592.jpeg,colon_aca,train
colonca4593.jpeg,colon_aca/colonca4593.jpeg,colon_aca,train
colonca4595.jpeg,colon_aca/colonca4595.jpeg,colon_aca,train
colonca4596.jpeg,colon_aca/colonca4596.jpeg,colon_aca,train
colonca4597.jpeg,colon_aca/colonca4597.jpeg,colon_aca,train
colonca4598.jpeg,colon_aca/colonca4598.jpeg,colon_aca,train
colonca46.jpeg,colon_aca/colonca46.jpeg,colon_aca,train
colonca460.jpeg,colon_aca/colonca460.jpeg,colon_aca,train
colonca4601.jpeg,colon_aca/colonca4601.jpeg,colon_aca,train
colonca4602.jpeg,colon_aca/colonca4602.jpeg,colon_aca,train
colonca4603.jpeg,colon_aca/colonca4603.jpeg,colon_aca,train
colonca4604.jpeg,colon_aca/colonca4604.jpeg,colon_aca,train
colonca4606.jpeg,colon_aca/colonca4606.jpeg,colon_aca,train
colonca4607.jpeg,colon_aca/colonca4607.jpeg,colon_aca,train
colonca4608.jpeg,colon_aca/colonca4608.jpeg,colon_aca,train
colonca461.jpeg,colon_aca/colonca461.jpeg,colon_aca,train
colonca4610.jpeg,colon_aca/colonca4610.jpeg,colon_aca,train
colonca4611.jpeg,colon_aca/colonca4611.jpeg,colon_aca,train
colonca4613.jpeg,colon_aca/colonca4613.jpeg,colon_aca,train
colonca4615.jpeg,colon_aca/colonca4615.jpeg,colon_aca,train
colonca4616.jpeg,colon_aca/colonca4616.jpeg,colon_aca,train
colonca4619.jpeg,colon_aca/colonca4619.jpeg,colon_aca,train
colonca462.jpeg,colon_aca/colonca462.jpeg,colon_aca,train
colonca4620.jpeg,colon_aca/colonca4620.jpeg,colon_aca,train
colonca4621.jpeg,colon_aca/colonca4621.jpeg,colon_aca,train
colonca4622.jpeg,colon_aca/colonca4622.jpeg,colon_aca,train
colonca4623.jpeg,colon_aca/colonca4623.jpeg,colon_aca,train
colonca4625.jpeg,colon_aca/colonca4625.jpeg,colon_aca,train
colonca4626.jpeg,colon_aca/colonca4626.jpeg,colon_aca,train
colonca4627.jpeg,colon_aca/colonca4627.jpeg,colon_aca,train
colonca4628.jpeg,colon_aca/colonca4628.jpeg,colon_aca,train
colonca4629.jpeg,colon_aca/colonca4629.jpeg,colon_aca,train
colonca463.jpeg,colon_aca/colonca463.jpeg,colon_aca,train
colonca4630.jpeg,colon_aca/colonca4630.jpeg,colon_aca,train
colonca4631.jpeg,colon_aca/colonca4631.jpeg,colon_aca,train
colonca4632.jpeg,colon_aca/colonca4632.jpeg,colon_aca,train
colonca4633.jpeg,colon_aca/colonca4633.jpeg,colon_aca,train
colonca4634.jpeg,colon_aca/colonca4634.jpeg,colon_aca,train
colonca4635.jpeg,colon_aca/colonca4635.jpeg,colon_aca,train
colonca4636.jpeg,colon_aca/colonca4636.jpeg,colon_aca,train
colonca4638.jpeg,colon_aca/colonca4638.jpeg,colon_aca,train
colonca4639.jpeg,colon_aca/colonca4639.jpeg,colon_aca,train
colonca4640.jpeg,colon_aca/colonca4640.jpeg,colon_aca,train
colonca4641.jpeg,colon_aca/colonca4641.jpeg,colon_aca,train
colonca4644.jpeg,colon_aca/colonca4644.jpeg,colon_aca,train
colonca4645.jpeg,colon_aca/colonca4645.jpeg,colon_aca,train
colonca4646.jpeg,colon_aca/colonca4646.jpeg,colon_aca,train
colonca4647.jpeg,colon_aca/colonca4647.jpeg,colon_aca,train
colonca4648.jpeg,colon_aca/colonca4648.jpeg,colon_aca,train
colonca4649.jpeg,colon_aca/colonca4649.jpeg,colon_aca,train
colonca465.jpeg,colon_aca/colonca465.jpeg,colon_aca,train
colonca4650.jpeg,colon_aca/colonca4650.jpeg,colon_aca,train
colonca4652.jpeg,colon_aca/colonca4652.jpeg,colon_aca,train
colonca4653.jpeg,colon_aca/colonca4653.jpeg,colon_aca,train
colonca4654.jpeg,colon_aca/colonca4654.jpeg,colon_aca,train
colonca4655.jpeg,colon_aca/colonca4655.jpeg,colon_aca,train
colonca4656.jpeg,colon_aca/colonca4656.jpeg,colon_aca,train
colonca4657.jpeg,colon_aca/colonca4657.jpeg,colon_aca,train
colonca4658.jpeg,colon_aca/colonca4658.jpeg,colon_aca,train
colonca4659.jpeg,colon_aca/colonca4659.jpeg,colon_aca,train
colonca466.jpeg,colon_aca/colonca466.jpeg,colon_aca,train
colonca4660.jpeg,colon_aca/colonca4660.jpeg,colon_aca,train
colonca4661.jpeg,colon_aca/colonca4661.jpeg,colon_aca,train
colonca4662.jpeg,colon_aca/colonca4662.jpeg,colon_aca,train
colonca4664.jpeg,colon_aca/colonca4664.jpeg,colon_aca,train
colonca4665.jpeg,colon_aca/colonca4665.jpeg,colon_aca,train
colonca4666.jpeg,colon_aca/colonca4666.jpeg,colon_aca,train
colonca4667.jpeg,colon_aca/colonca4667.jpeg,colon_aca,train
colonca4668.jpeg,colon_aca/colonca4668.jpeg,colon_aca,train
colonca4669.jpeg,colon_aca/colonca4669.jpeg,colon_aca,train
colonca467.jpeg,colon_aca/colonca467.jpeg,colon_aca,train
colonca4670.jpeg,colon_aca/colonca4670.jpeg,colon_aca,train
colonca4671.jpeg,colon_aca/colonca4671.jpeg,colon_aca,train
colonca4672.jpeg,colon_aca/colonca4672.jpeg,colon_aca,train
colonca4675.jpeg,colon_aca/colonca4675.jpeg,colon_aca,train
colonca4676.jpeg,colon_aca/colonca4676.jpeg,colon_aca,train
colonca4677.jpeg,colon_aca/colonca4677.jpeg,colon_aca,train
colonca4678.jpeg,colon_aca/colonca4678.jpeg,colon_aca,train
colonca4679.jpeg,colon_aca/colonca4679.jpeg,colon_aca,train
colonca4680.jpeg,colon_aca/colonca4680.jpeg,colon_aca,train
colonca4681.jpeg,colon_aca/colonca4681.jpeg,colon_aca,train
colonca4682.jpeg,colon_aca/colonca4682.jpeg,colon_aca,train
colonca4683.jpeg,colon_aca/colonca4683.jpeg,colon_aca,train
colonca4684.jpeg,colon_aca/colonca4684.jpeg,colon_aca,train
colonca4685.jpeg,colon_aca/colonca4685.jpeg,colon_aca,train
colonca4686.jpeg,colon_aca/colonca4686.jpeg,colon_aca,train
colonca4687.jpeg,colon_aca/colonca4687.jpeg,colon_aca,train
colonca4688.jpeg,colon_aca/colonca4688.jpeg,colon_aca,train
colonca4690.jpeg,colon_aca/colonca4690.jpeg,colon_aca,train
colonca4691.jpeg,colon_aca/colonca4691.jpeg,colon_aca,train
colonca4692.jpeg,colon_aca/colonca4692.jpeg,colon_aca,train
colonca4693.jpeg,colon_aca/colonca4693.jpeg,colon_aca,train
colonca4694.jpeg,colon_aca/colonca4694.jpeg,colon_aca,train
colonca4695.jpeg,colon_aca/colonca4695.jpeg,colon_aca,train
colonca4696.jpeg,colon_aca/colonca4696.jpeg,colon_aca,train
colonca4697.jpeg,colon_aca/colonca4697.jpeg,colon_aca,train
colonca4698.jpeg,colon_aca/colonca4698.jpeg,colon_aca,train
colonca4699.jpeg,colon_aca/colonca4699.jpeg,colon_aca,train
colonca47.jpeg,colon_aca/colonca47.jpeg,colon_aca,train
colonca470.jpeg,colon_aca/colonca470.jpeg,colon_aca,train
colonca4700.jpeg,colon_aca/colonca4700.jpeg,colon_aca,train
colonca4701.jpeg,colon_aca/colonca4701.jpeg,colon_aca,train
colonca4702.jpeg,colon_aca/colonca4702.jpeg,colon_aca,train
colonca4703.jpeg,colon_aca/colonca4703.jpeg,colon_aca,train
colonca4704.jpeg,colon_aca/colonca4704.jpeg,colon_aca,train
colonca4705.jpeg,colon_aca/colonca4705.jpeg,colon_aca,train
colonca4708.jpeg,colon_aca/colonca4708.jpeg,colon_aca,train
colonca4709.jpeg,colon_aca/colonca4709.jpeg,colon_aca,train
colonca4710.jpeg,colon_aca/colonca4710.jpeg,colon_aca,train
colonca4711.jpeg,colon_aca/colonca4711.jpeg,colon_aca,train
colonca4712.jpeg,colon_aca/colonca4712.jpeg,colon_aca,train
colonca4713.jpeg,colon_aca/colonca4713.jpeg,colon_aca,train
colonca4714.jpeg,colon_aca/colonca4714.jpeg,colon_aca,train
colonca4715.jpeg,colon_aca/colonca4715.jpeg,colon_aca,train
colonca4716.jpeg,colon_aca/colonca4716.jpeg,colon_aca,train
colonca4717.jpeg,colon_aca/colonca4717.jpeg,colon_aca,train
colonca4718.jpeg,colon_aca/colonca4718.jpeg,colon_aca,train
colonca4719.jpeg,colon_aca/colonca4719.jpeg,colon_aca,train
colonca472.jpeg,colon_aca/colonca472.jpeg,colon_aca,train
colonca4721.jpeg,colon_aca/colonca4721.jpeg,colon_aca,train
colonca4722.jpeg,colon_aca/colonca4722.jpeg,colon_aca,train
colonca4723.jpeg,colon_aca/colonca4723.jpeg,colon_aca,train
colonca4726.jpeg,colon_aca/colonca4726.jpeg,colon_aca,train
colonca4727.jpeg,colon_aca/colonca4727.jpeg,colon_aca,train
colonca4728.jpeg,colon_aca/colonca4728.jpeg,colon_aca,train
colonca473.jpeg,colon_aca/colonca473.jpeg,colon_aca,train
colonca4730.jpeg,colon_aca/colonca4730.jpeg,colon_aca,train
colonca4731.jpeg,colon_aca/colonca4731.jpeg,colon_aca,train
colonca4732.jpeg,colon_aca/colonca4732.jpeg,colon_aca,train
colonca4733.jpeg,colon_aca/colonca4733.jpeg,colon_aca,train
colonca4734.jpeg,colon_aca/colonca4734.jpeg,colon_aca,train
colonca4735.jpeg,colon_aca/colonca4735.jpeg,colon_aca,train
colonca4736.jpeg,colon_aca/colonca4736.jpeg,colon_aca,train
colonca4737.jpeg,colon_aca/colonca4737.jpeg,colon_aca,train
colonca4739.jpeg,colon_aca/colonca4739.jpeg,colon_aca,train
colonca474.jpeg,colon_aca/colonca474.jpeg,colon_aca,train
colonca4740.jpeg,colon_aca/colonca4740.jpeg,colon_aca,train
colonca4742.jpeg,colon_aca/colonca4742.jpeg,colon_aca,train
colonca4744.jpeg,colon_aca/colonca4744.jpeg,colon_aca,train
colonca4745.jpeg,colon_aca/colonca4745.jpeg,colon_aca,train
colonca4746.jpeg,colon_aca/colonca4746.jpeg,colon_aca,train
colonca4747.jpeg,colon_aca/colonca4747.jpeg,colon_aca,train
colonca4748.jpeg,colon_aca/colonca4748.jpeg,colon_aca,train
colonca4749.jpeg,colon_aca/colonca4749.jpeg,colon_aca,train
colonca475.jpeg,colon_aca/colonca475.jpeg,colon_aca,train
colonca4750.jpeg,colon_aca/colonca4750.jpeg,colon_aca,train
colonca4751.jpeg,colon_aca/colonca4751.jpeg,colon_aca,train
colonca4752.jpeg,colon_aca/colonca4752.jpeg,colon_aca,train
colonca4753.jpeg,colon_aca/colonca4753.jpeg,colon_aca,train
colonca4754.jpeg,colon_aca/colonca4754.jpeg,colon_aca,train
colonca4757.jpeg,colon_aca/colonca4757.jpeg,colon_aca,train
colonca4758.jpeg,colon_aca/colonca4758.jpeg,colon_aca,train
colonca4759.jpeg,colon_aca/colonca4759.jpeg,colon_aca,train
colonca476.jpeg,colon_aca/colonca476.jpeg,colon_aca,train
colonca4760.jpeg,colon_aca/colonca4760.jpeg,colon_aca,train
colonca4761.jpeg,colon_aca/colonca4761.jpeg,colon_aca,train
colonca4762.jpeg,colon_aca/colonca4762.jpeg,colon_aca,train
colonca4763.jpeg,colon_aca/colonca4763.jpeg,colon_aca,train
colonca4764.jpeg,colon_aca/colonca4764.jpeg,colon_aca,train
colonca4765.jpeg,colon_aca/colonca4765.jpeg,colon_aca,train
colonca4766.jpeg,colon_aca/colonca4766.jpeg,colon_aca,train
colonca4767.jpeg,colon_aca/colonca4767.jpeg,colon_aca,train
colonca4769.jpeg,colon_aca/colonca4769.jpeg,colon_aca,train
colonca4770.jpeg,colon_aca/colonca4770.jpeg,colon_aca,train
colonca4771.jpeg,colon_aca/colonca4771.jpeg,colon_aca,train
colonca4772.jpeg,colon_aca/colonca4772.jpeg,colon_aca,train
colonca4773.jpeg,colon_aca/colonca4773.jpeg,colon_aca,train
colonca4774.jpeg,colon_aca/colonca4774.jpeg,colon_aca,train
colonca4775.jpeg,colon_aca/colonca4775.jpeg,colon_aca,train
colonca4776.jpeg,colon_aca/colonca4776.jpeg,colon_aca,train
colonca4777.jpeg,colon_aca/colonca4777.jpeg,colon_aca,train
colonca4778.jpeg,colon_aca/colonca4778.jpeg,colon_aca,train
colonca4779.jpeg,colon_aca/colonca4779.jpeg,colon_aca,train
colonca478.jpeg,colon_aca/colonca478.jpeg,colon_aca,train
colonca4780.jpeg,colon_aca/colonca4780.jpeg,colon_aca,train
colonca4781.jpeg,colon_aca/colonca4781.jpeg,colon_aca,train
colonca4782.jpeg,colon_aca/colonca4782.jpeg,colon_aca,train
colonca4783.jpeg,colon_aca/colonca4783.jpeg,colon_aca,train
colonca4784.jpeg,colon_aca/colonca4784.jpeg,colon_aca,train
colonca4785.jpeg,colon_aca/colonca4785.jpeg,colon_aca,train
colonca4786.jpeg,colon_aca/colonca4786.jpeg,colon_aca,train
colonca4787.jpeg,colon_aca/colonca4787.jpeg,colon_aca,train
colonca4789.jpeg,colon_aca/colonca4789.jpeg,colon_aca,train
colonca4790.jpeg,colon_aca/colonca4790.jpeg,colon_aca,train
colonca4791.jpeg,colon_aca/colonca4791.jpeg,colon_aca,train
colonca4792.jpeg,colon_aca/colonca4792.jpeg,colon_aca,train
colonca4793.jpeg,colon_aca/colonca4793.jpeg,colon_aca,train
colonca4794.jpeg,colon_aca/colonca4794.jpeg,colon_aca,train
colonca4795.jpeg,colon_aca/colonca4795.jpeg,colon_aca,train
colonca4796.jpeg,colon_aca/colonca4796.jpeg,colon_aca,train
colonca4797.jpeg,colon_aca/colonca4797.jpeg,colon_aca,train
colonca4798.jpeg,colon_aca/colonca4798.jpeg,colon_aca,train
colonca4799.jpeg,colon_aca/colonca4799.jpeg,colon_aca,train
colonca480.jpeg,colon_aca/colonca480.jpeg,colon_aca,train
colonca4800.jpeg,colon_aca/colonca4800.jpeg,colon_aca,train
colonca4801.jpeg,colon_aca/colonca4801.jpeg,colon_aca,train
colonca4802.jpeg,colon_aca/colonca4802.jpeg,colon_aca,train
colonca4803.jpeg,colon_aca/colonca4803.jpeg,colon_aca,train
colonca4804.jpeg,colon_aca/colonca4804.jpeg,colon_aca,train
colonca4805.jpeg,colon_aca/colonca4805.jpeg,colon_aca,train
colonca4806.jpeg,colon_aca/colonca4806.jpeg,colon_aca,train
colonca4809.jpeg,colon_aca/colonca4809.jpeg,colon_aca,train
colonca481.jpeg,colon_aca/colonca481.jpeg,colon_aca,train
colonca4810.jpeg,colon_aca/colonca4810.jpeg,colon_aca,train
colonca4811.jpeg,colon_aca/colonca4811.jpeg,colon_aca,train
colonca4812.jpeg,colon_aca/colonca4812.jpeg,colon_aca,train
colonca4815.jpeg,colon_aca/colonca4815.jpeg,colon_aca,train
colonca4816.jpeg,colon_aca/colonca4816.jpeg,colon_aca,train
colonca4817.jpeg,colon_aca/colonca4817.jpeg,colon_aca,train
colonca4819.jpeg,colon_aca/colonca4819.jpeg,colon_aca,train
colonca482.jpeg,colon_aca/colonca482.jpeg,colon_aca,train
colonca4820.jpeg,colon_aca/colonca4820.jpeg,colon_aca,train
colonca4822.jpeg,colon_aca/colonca4822.jpeg,colon_aca,train
colonca4823.jpeg,colon_aca/colonca4823.jpeg,colon_aca,train
colonca4824.jpeg,colon_aca/colonca4824.jpeg,colon_aca,train
colonca4825.jpeg,colon_aca/colonca4825.jpeg,colon_aca,train
colonca4826.jpeg,colon_aca/colonca4826.jpeg,colon_aca,train
colonca4827.jpeg,colon_aca/colonca4827.jpeg,colon_aca,train
colonca4828.jpeg,colon_aca/colonca4828.jpeg,colon_aca,train
colonca4829.jpeg,colon_aca/colonca4829.jpeg,colon_aca,train
colonca483.jpeg,colon_aca/colonca483.jpeg,colon_aca,train
colonca4830.jpeg,colon_aca/colonca4830.jpeg,colon_aca,train
colonca4831.jpeg,colon_aca/colonca4831.jpeg,colon_aca,train
colonca4833.jpeg,colon_aca/colonca4833.jpeg,colon_aca,train
colonca4834.jpeg,colon_aca/colonca4834.jpeg,colon_aca,train
colonca4835.jpeg,colon_aca/colonca4835.jpeg,colon_aca,train
colonca4836.jpeg,colon_aca/colonca4836.jpeg,colon_aca,train
colonca4837.jpeg,colon_aca/colonca4837.jpeg,colon_aca,train
colonca4838.jpeg,colon_aca/colonca4838.jpeg,colon_aca,train
colonca4839.jpeg,colon_aca/colonca4839.jpeg,colon_aca,train
colonca484.jpeg,colon_aca/colonca484.jpeg,colon_aca,train
colonca4840.jpeg,colon_aca/colonca4840.jpeg,colon_aca,train
colonca4841.jpeg,colon_aca/colonca4841.jpeg,colon_aca,train
colonca4843.jpeg,colon_aca/colonca4843.jpeg,colon_aca,train
colonca4844.jpeg,colon_aca/colonca4844.jpeg,colon_aca,train
colonca4845.jpeg,colon_aca/colonca4845.jpeg,colon_aca,train
colonca4847.jpeg,colon_aca/colonca4847.jpeg,colon_aca,train
colonca4848.jpeg,colon_aca/colonca4848.jpeg,colon_aca,train
colonca4849.jpeg,colon_aca/colonca4849.jpeg,colon_aca,train
colonca485.jpeg,colon_aca/colonca485.jpeg,colon_aca,train
colonca4850.jpeg,colon_aca/colonca4850.jpeg,colon_aca,train
colonca4851.jpeg,colon_aca/colonca4851.jpeg,colon_aca,train
colonca4852.jpeg,colon_aca/colonca4852.jpeg,colon_aca,train
colonca4854.jpeg,colon_aca/colonca4854.jpeg,colon_aca,train
colonca4855.jpeg,colon_aca/colonca4855.jpeg,colon_aca,train
colonca4856.jpeg,colon_aca/colonca4856.jpeg,colon_aca,train
colonca4857.jpeg,colon_aca/colonca4857.jpeg,colon_aca,train
colonca4858.jpeg,colon_aca/colonca4858.jpeg,colon_aca,train
colonca4859.jpeg,colon_aca/colonca4859.jpeg,colon_aca,train
colonca486.jpeg,colon_aca/colonca486.jpeg,colon_aca,train
colonca4860.jpeg,colon_aca/colonca4860.jpeg,colon_aca,train
colonca4861.jpeg,colon_aca/colonca4861.jpeg,colon_aca,train
colonca4862.jpeg,colon_aca/colonca4862.jpeg,colon_aca,train
colonca4863.jpeg,colon_aca/colonca4863.jpeg,colon_aca,train
colonca4864.jpeg,colon_aca/colonca4864.jpeg,colon_aca,train
colonca4865.jpeg,colon_aca/colonca4865.jpeg,colon_aca,train
colonca4866.jpeg,colon_aca/colonca4866.jpeg,colon_aca,train
colonca4867.jpeg,colon_aca/colonca4867.jpeg,colon_aca,train
colonca4868.jpeg,colon_aca/colonca4868.jpeg,colon_aca,train
colonca4869.jpeg,colon_aca/colonca4869.jpeg,colon_aca,train
colonca487.jpeg,colon_aca/colonca487.jpeg,colon_aca,train
colonca4870.jpeg,colon_aca/colonca4870.jpeg,colon_aca,train
colonca4871.jpeg,colon_aca/colonca4871.jpeg,colon_aca,train
colonca4872.jpeg,colon_aca/colonca4872.jpeg,colon_aca,train
colonca4873.jpeg,colon_aca/colonca4873.jpeg,colon_aca,train
colonca4874.jpeg,colon_aca/colonca4874.jpeg,colon_aca,train
colonca4875.jpeg,colon_aca/colonca4875.jpeg,colon_aca,train
colonca4876.jpeg,colon_aca/colonca4876.jpeg,colon_aca,train
colonca4877.jpeg,colon_aca/colonca4877.jpeg,colon_aca,train
colonca4878.jpeg,colon_aca/colonca4878.jpeg,colon_aca,train
colonca4879.jpeg,colon_aca/colonca4879.jpeg,colon_aca,train
colonca488.jpeg,colon_aca/colonca488.jpeg,colon_aca,train
colonca4880.jpeg,colon_aca/colonca4880.jpeg,colon_aca,train
colonca4881.jpeg,colon_aca/colonca4881.jpeg,colon_aca,train
colonca4882.jpeg,colon_aca/colonca4882.jpeg,colon_aca,train
colonca4883.jpeg,colon_aca/colonca4883.jpeg,colon_aca,train
colonca4884.jpeg,colon_aca/colonca4884.jpeg,colon_aca,train
colonca4885.jpeg,colon_aca/colonca4885.jpeg,colon_aca,train
colonca4886.jpeg,colon_aca/colonca4886.jpeg,colon_aca,train
colonca4887.jpeg,colon_aca/colonca4887.jpeg,colon_aca,train
colonca4888.jpeg,colon_aca/colonca4888.jpeg,colon_aca,train
colonca4889.jpeg,colon_aca/colonca4889.jpeg,colon_aca,train
colonca4890.jpeg,colon_aca/colonca4890.jpeg,colon_aca,train
colonca4891.jpeg,colon_aca/colonca4891.jpeg,colon_aca,train
colonca4892.jpeg,colon_aca/colonca4892.jpeg,colon_aca,train
colonca4893.jpeg,colon_aca/colonca4893.jpeg,colon_aca,train
colonca4894.jpeg,colon_aca/colonca4894.jpeg,colon_aca,train
colonca4896.jpeg,colon_aca/colonca4896.jpeg,colon_aca,train
colonca4897.jpeg,colon_aca/colonca4897.jpeg,colon_aca,train
colonca4898.jpeg,colon_aca/colonca4898.jpeg,colon_aca,train
colonca4899.jpeg,colon_aca/colonca4899.jpeg,colon_aca,train
colonca4900.jpeg,colon_aca/colonca4900.jpeg,colon_aca,train
colonca4901.jpeg,colon_aca/colonca4901.jpeg,colon_aca,train
colonca4902.jpeg,colon_aca/colonca4902.jpeg,colon_aca,train
colonca4903.jpeg,colon_aca/colonca4903.jpeg,colon_aca,train
colonca4904.jpeg,colon_aca/colonca4904.jpeg,colon_aca,train
colonca4905.jpeg,colon_aca/colonca4905.jpeg,colon_aca,train
colonca4906.jpeg,colon_aca/colonca4906.jpeg,colon_aca,train
colonca4907.jpeg,colon_aca/colonca4907.jpeg,colon_aca,train
colonca4908.jpeg,colon_aca/colonca4908.jpeg,colon_aca,train
colonca491.jpeg,colon_aca/colonca491.jpeg,colon_aca,train
colonca4910.jpeg,colon_aca/colonca4910.jpeg,colon_aca,train
colonca4912.jpeg,colon_aca/colonca4912.jpeg,colon_aca,train
colonca4913.jpeg,colon_aca/colonca4913.jpeg,colon_aca,train
colonca4916.jpeg,colon_aca/colonca4916.jpeg,colon_aca,train
colonca4917.jpeg,colon_aca/colonca4917.jpeg,colon_aca,train
colonca4918.jpeg,colon_aca/colonca4918.jpeg,colon_aca,train
colonca492.jpeg,colon_aca/colonca492.jpeg,colon_aca,train
colonca4920.jpeg,colon_aca/colonca4920.jpeg,colon_aca,train
colonca4921.jpeg,colon_aca/colonca4921.jpeg,colon_aca,train
colonca4922.jpeg,colon_aca/colonca4922.jpeg,colon_aca,train
colonca4923.jpeg,colon_aca/colonca4923.jpeg,colon_aca,train
colonca4924.jpeg,colon_aca/colonca4924.jpeg,colon_aca,train
colonca4925.jpeg,colon_aca/colonca4925.jpeg,colon_aca,train
colonca4928.jpeg,colon_aca/colonca4928.jpeg,colon_aca,train
colonca4929.jpeg,colon_aca/colonca4929.jpeg,colon_aca,train
colonca493.jpeg,colon_aca/colonca493.jpeg,colon_aca,train
colonca4930.jpeg,colon_aca/colonca4930.jpeg,colon_aca,train
colonca4931.jpeg,colon_aca/colonca4931.jpeg,colon_aca,train
colonca4932.jpeg,colon_aca/colonca4932.jpeg,colon_aca,train
colonca4933.jpeg,colon_aca/colonca4933.jpeg,colon_aca,train
colonca4934.jpeg,colon_aca/colonca4934.jpeg,colon_aca,train
colonca4935.jpeg,colon_aca/colonca4935.jpeg,colon_aca,train
colonca4936.jpeg,colon_aca/colonca4936.jpeg,colon_aca,train
colonca4938.jpeg,colon_aca/colonca4938.jpeg,colon_aca,train
colonca4939.jpeg,colon_aca/colonca4939.jpeg,colon_aca,train
colonca494.jpeg,colon_aca/colonca494.jpeg,colon_aca,train
colonca4940.jpeg,colon_aca/colonca4940.jpeg,colon_aca,train
colonca4941.jpeg,colon_aca/colonca4941.jpeg,colon_aca,train
colonca4942.jpeg,colon_aca/colonca4942.jpeg,colon_aca,train
colonca4943.jpeg,colon_aca/colonca4943.jpeg,colon_aca,train
colonca4944.jpeg,colon_aca/colonca4944.jpeg,colon_aca,train
colonca4945.jpeg,colon_aca/colonca4945.jpeg,colon_aca,train
colonca4946.jpeg,colon_aca/colonca4946.jpeg,colon_aca,train
colonca4947.jpeg,colon_aca/colonca4947.jpeg,colon_aca,train
colonca4948.jpeg,colon_aca/colonca4948.jpeg,colon_aca,train
colonca4949.jpeg,colon_aca/colonca4949.jpeg,colon_aca,train
colonca495.jpeg,colon_aca/colonca495.jpeg,colon_aca,train
colonca4950.jpeg,colon_aca/colonca4950.jpeg,colon_aca,train
colonca4951.jpeg,colon_aca/colonca4951.jpeg,colon_aca,train
colonca4954.jpeg,colon_aca/colonca4954.jpeg,colon_aca,train
colonca4955.jpeg,colon_aca/colonca4955.jpeg,colon_aca,train
colonca4956.jpeg,colon_aca/colonca4956.jpeg,colon_aca,train
colonca4957.jpeg,colon_aca/colonca4957.jpeg,colon_aca,train
colonca4959.jpeg,colon_aca/colonca4959.jpeg,colon_aca,train
colonca4960.jpeg,colon_aca/colonca4960.jpeg,colon_aca,train
colonca4961.jpeg,colon_aca/colonca4961.jpeg,colon_aca,train
colonca4962.jpeg,colon_aca/colonca4962.jpeg,colon_aca,train
colonca4964.jpeg,colon_aca/colonca4964.jpeg,colon_aca,train
colonca4965.jpeg,colon_aca/colonca4965.jpeg,colon_aca,train
colonca4966.jpeg,colon_aca/colonca4966.jpeg,colon_aca,train
colonca4967.jpeg,colon_aca/colonca4967.jpeg,colon_aca,train
colonca497.jpeg,colon_aca/colonca497.jpeg,colon_aca,train
colonca4970.jpeg,colon_aca/colonca4970.jpeg,colon_aca,train
colonca4971.jpeg,colon_aca/colonca4971.jpeg,colon_aca,train
colonca4972.jpeg,colon_aca/colonca4972.jpeg,colon_aca,train
colonca4978.jpeg,colon_aca/colonca4978.jpeg,colon_aca,train
colonca4979.jpeg,colon_aca/colonca4979.jpeg,colon_aca,train
colonca498.jpeg,colon_aca/colonca498.jpeg,colon_aca,train
colonca4980.jpeg,colon_aca/colonca4980.jpeg,colon_aca,train
colonca4982.jpeg,colon_aca/colonca4982.jpeg,colon_aca,train
colonca4983.jpeg,colon_aca/colonca4983.jpeg,colon_aca,train
colonca4984.jpeg,colon_aca/colonca4984.jpeg,colon_aca,train
colonca4986.jpeg,colon_aca/colonca4986.jpeg,colon_aca,train
colonca4987.jpeg,colon_aca/colonca4987.jpeg,colon_aca,train
colonca4988.jpeg,colon_aca/colonca4988.jpeg,colon_aca,train
colonca499.jpeg,colon_aca/colonca499.jpeg,colon_aca,train
colonca4990.jpeg,colon_aca/colonca4990.jpeg,colon_aca,train
colonca4991.jpeg,colon_aca/colonca4991.jpeg,colon_aca,train
colonca4992.jpeg,colon_aca/colonca4992.jpeg,colon_aca,train
colonca4994.jpeg,colon_aca/colonca4994.jpeg,colon_aca,train
colonca4995.jpeg,colon_aca/colonca4995.jpeg,colon_aca,train
colonca4996.jpeg,colon_aca/colonca4996.jpeg,colon_aca,train
colonca4998.jpeg,colon_aca/colonca4998.jpeg,colon_aca,train
colonca4999.jpeg,colon_aca/colonca4999.jpeg,colon_aca,train
colonca5.jpeg,colon_aca/colonca5.jpeg,colon_aca,train
colonca500.jpeg,colon_aca/colonca500.jpeg,colon_aca,train
colonca5000.jpeg,colon_aca/colonca5000.jpeg,colon_aca,train
colonca501.jpeg,colon_aca/colonca501.jpeg,colon_aca,train
colonca504.jpeg,colon_aca/colonca504.jpeg,colon_aca,train
colonca506.jpeg,colon_aca/colonca506.jpeg,colon_aca,train
colonca507.jpeg,colon_aca/colonca507.jpeg,colon_aca,train
colonca508.jpeg,colon_aca/colonca508.jpeg,colon_aca,train
colonca509.jpeg,colon_aca/colonca509.jpeg,colon_aca,train
colonca51.jpeg,colon_aca/colonca51.jpeg,colon_aca,train
colonca510.jpeg,colon_aca/colonca510.jpeg,colon_aca,train
colonca511.jpeg,colon_aca/colonca511.jpeg,colon_aca,train
colonca512.jpeg,colon_aca/colonca512.jpeg,colon_aca,train
colonca513.jpeg,colon_aca/colonca513.jpeg,colon_aca,train
colonca514.jpeg,colon_aca/colonca514.jpeg,colon_aca,train
colonca515.jpeg,colon_aca/colonca515.jpeg,colon_aca,train
colonca517.jpeg,colon_aca/colonca517.jpeg,colon_aca,train
colonca518.jpeg,colon_aca/colonca518.jpeg,colon_aca,train
colonca52.jpeg,colon_aca/colonca52.jpeg,colon_aca,train
colonca521.jpeg,colon_aca/colonca521.jpeg,colon_aca,train
colonca522.jpeg,colon_aca/colonca522.jpeg,colon_aca,train
colonca523.jpeg,colon_aca/colonca523.jpeg,colon_aca,train
colonca524.jpeg,colon_aca/colonca524.jpeg,colon_aca,train
colonca525.jpeg,colon_aca/colonca525.jpeg,colon_aca,train
colonca526.jpeg,colon_aca/colonca526.jpeg,colon_aca,train
colonca527.jpeg,colon_aca/colonca527.jpeg,colon_aca,train
colonca528.jpeg,colon_aca/colonca528.jpeg,colon_aca,train
colonca529.jpeg,colon_aca/colonca529.jpeg,colon_aca,train
colonca530.jpeg,colon_aca/colonca530.jpeg,colon_aca,train
colonca531.jpeg,colon_aca/colonca531.jpeg,colon_aca,train
colonca533.jpeg,colon_aca/colonca533.jpeg,colon_aca,train
colonca534.jpeg,colon_aca/colonca534.jpeg,colon_aca,train
colonca535.jpeg,colon_aca/colonca535.jpeg,colon_aca,train
colonca536.jpeg,colon_aca/colonca536.jpeg,colon_aca,train
colonca537.jpeg,colon_aca/colonca537.jpeg,colon_aca,train
colonca539.jpeg,colon_aca/colonca539.jpeg,colon_aca,train
colonca54.jpeg,colon_aca/colonca54.jpeg,colon_aca,train
colonca540.jpeg,colon_aca/colonca540.jpeg,colon_aca,train
colonca541.jpeg,colon_aca/colonca541.jpeg,colon_aca,train
colonca543.jpeg,colon_aca/colonca543.jpeg,colon_aca,train
colonca544.jpeg,colon_aca/colonca544.jpeg,colon_aca,train
colonca546.jpeg,colon_aca/colonca546.jpeg,colon_aca,train
colonca548.jpeg,colon_aca/colonca548.jpeg,colon_aca,train
colonca549.jpeg,colon_aca/colonca549.jpeg,colon_aca,train
colonca55.jpeg,colon_aca/colonca55.jpeg,colon_aca,train
colonca550.jpeg,colon_aca/colonca550.jpeg,colon_aca,train
colonca552.jpeg,colon_aca/colonca552.jpeg,colon_aca,train
colonca553.jpeg,colon_aca/colonca553.jpeg,colon_aca,train
colonca554.jpeg,colon_aca/colonca554.jpeg,colon_aca,train
colonca558.jpeg,colon_aca/colonca558.jpeg,colon_aca,train
colonca559.jpeg,colon_aca/colonca559.jpeg,colon_aca,train
colonca56.jpeg,colon_aca/colonca56.jpeg,colon_aca,train
colonca561.jpeg,colon_aca/colonca561.jpeg,colon_aca,train
colonca562.jpeg,colon_aca/colonca562.jpeg,colon_aca,train
colonca563.jpeg,colon_aca/colonca563.jpeg,colon_aca,train
colonca564.jpeg,colon_aca/colonca564.jpeg,colon_aca,train
colonca565.jpeg,colon_aca/colonca565.jpeg,colon_aca,train
colonca567.jpeg,colon_aca/colonca567.jpeg,colon_aca,train
colonca57.jpeg,colon_aca/colonca57.jpeg,colon_aca,train
colonca570.jpeg,colon_aca/colonca570.jpeg,colon_aca,train
colonca571.jpeg,colon_aca/colonca571.jpeg,colon_aca,train
colonca573.jpeg,colon_aca/colonca573.jpeg,colon_aca,train
colonca574.jpeg,colon_aca/colonca574.jpeg,colon_aca,train
colonca575.jpeg,colon_aca/colonca575.jpeg,colon_aca,train
colonca577.jpeg,colon_aca/colonca577.jpeg,colon_aca,train
colonca58.jpeg,colon_aca/colonca58.jpeg,colon_aca,train
colonca581.jpeg,colon_aca/colonca581.jpeg,colon_aca,train
colonca583.jpeg,colon_aca/colonca583.jpeg,colon_aca,train
colonca584.jpeg,colon_aca/colonca584.jpeg,colon_aca,train
colonca587.jpeg,colon_aca/colonca587.jpeg,colon_aca,train
colonca589.jpeg,colon_aca/colonca589.jpeg,colon_aca,train
colonca59.jpeg,colon_aca/colonca59.jpeg,colon_aca,train
colonca591.jpeg,colon_aca/colonca591.jpeg,colon_aca,train
colonca592.jpeg,colon_aca/colonca592.jpeg,colon_aca,train
colonca593.jpeg,colon_aca/colonca593.jpeg,colon_aca,train
colonca594.jpeg,colon_aca/colonca594.jpeg,colon_aca,train
colonca595.jpeg,colon_aca/colonca595.jpeg,colon_aca,train
colonca597.jpeg,colon_aca/colonca597.jpeg,colon_aca,train
colonca599.jpeg,colon_aca/colonca599.jpeg,colon_aca,train
colonca6.jpeg,colon_aca/colonca6.jpeg,colon_aca,train
colonca60.jpeg,colon_aca/colonca60.jpeg,colon_aca,train
colonca600.jpeg,colon_aca/colonca600.jpeg,colon_aca,train
colonca601.jpeg,colon_aca/colonca601.jpeg,colon_aca,train
colonca602.jpeg,colon_aca/colonca602.jpeg,colon_aca,train
colonca603.jpeg,colon_aca/colonca603.jpeg,colon_aca,train
colonca605.jpeg,colon_aca/colonca605.jpeg,colon_aca,train
colonca606.jpeg,colon_aca/colonca606.jpeg,colon_aca,train
colonca607.jpeg,colon_aca/colonca607.jpeg,colon_aca,train
colonca609.jpeg,colon_aca/colonca609.jpeg,colon_aca,train
colonca61.jpeg,colon_aca/colonca61.jpeg,colon_aca,train
colonca610.jpeg,colon_aca/colonca610.jpeg,colon_aca,train
colonca611.jpeg,colon_aca/colonca611.jpeg,colon_aca,train
colonca612.jpeg,colon_aca/colonca612.jpeg,colon_aca,train
colonca613.jpeg,colon_aca/colonca613.jpeg,colon_aca,train
colonca614.jpeg,colon_aca/colonca614.jpeg,colon_aca,train
colonca615.jpeg,colon_aca/colonca615.jpeg,colon_aca,train
colonca617.jpeg,colon_aca/colonca617.jpeg,colon_aca,train
colonca618.jpeg,colon_aca/colonca618.jpeg,colon_aca,train
colonca619.jpeg,colon_aca/colonca619.jpeg,colon_aca,train
colonca62.jpeg,colon_aca/colonca62.jpeg,colon_aca,train
colonca620.jpeg,colon_aca/colonca620.jpeg,colon_aca,train
colonca621.jpeg,colon_aca/colonca621.jpeg,colon_aca,train
colonca622.jpeg,colon_aca/colonca622.jpeg,colon_aca,train
colonca623.jpeg,colon_aca/colonca623.jpeg,colon_aca,train
colonca624.jpeg,colon_aca/colonca624.jpeg,colon_aca,train
colonca625.jpeg,colon_aca/colonca625.jpeg,colon_aca,train
colonca627.jpeg,colon_aca/colonca627.jpeg,colon_aca,train
colonca628.jpeg,colon_aca/colonca628.jpeg,colon_aca,train
colonca629.jpeg,colon_aca/colonca629.jpeg,colon_aca,train
colonca63.jpeg,colon_aca/colonca63.jpeg,colon_aca,train
colonca630.jpeg,colon_aca/colonca630.jpeg,colon_aca,train
colonca631.jpeg,colon_aca/colonca631.jpeg,colon_aca,train
colonca632.jpeg,colon_aca/colonca632.jpeg,colon_aca,train
colonca634.jpeg,colon_aca/colonca634.jpeg,colon_aca,train
colonca635.jpeg,colon_aca/colonca635.jpeg,colon_aca,train
colonca638.jpeg,colon_aca/colonca638.jpeg,colon_aca,train
colonca639.jpeg,colon_aca/colonca639.jpeg,colon_aca,train
colonca64.jpeg,colon_aca/colonca64.jpeg,colon_aca,train
colonca640.jpeg,colon_aca/colonca640.jpeg,colon_aca,train
colonca641.jpeg,colon_aca/colonca641.jpeg,colon_aca,train
colonca642.jpeg,colon_aca/colonca642.jpeg,colon_aca,train
colonca643.jpeg,colon_aca/colonca643.jpeg,colon_aca,train
colonca644.jpeg,colon_aca/colonca644.jpeg,colon_aca,train
colonca645.jpeg,colon_aca/colonca645.jpeg,colon_aca,train
colonca647.jpeg,colon_aca/colonca647.jpeg,colon_aca,train
colonca649.jpeg,colon_aca/colonca649.jpeg,colon_aca,train
colonca650.jpeg,colon_aca/colonca650.jpeg,colon_aca,train
colonca652.jpeg,colon_aca/colonca652.jpeg,colon_aca,train
colonca653.jpeg,colon_aca/colonca653.jpeg,colon_aca,train
colonca654.jpeg,colon_aca/colonca654.jpeg,colon_aca,train
colonca655.jpeg,colon_aca/colonca655.jpeg,colon_aca,train
colonca656.jpeg,colon_aca/colonca656.jpeg,colon_aca,train
colonca657.jpeg,colon_aca/colonca657.jpeg,colon_aca,train
colonca659.jpeg,colon_aca/colonca659.jpeg,colon_aca,train
colonca66.jpeg,colon_aca/colonca66.jpeg,colon_aca,train
colonca660.jpeg,colon_aca/colonca660.jpeg,colon_aca,train
colonca661.jpeg,colon_aca/colonca661.jpeg,colon_aca,train
colonca662.jpeg,colon_aca/colonca662.jpeg,colon_aca,train
colonca663.jpeg,colon_aca/colonca663.jpeg,colon_aca,train
colonca665.jpeg,colon_aca/colonca665.jpeg,colon_aca,train
colonca667.jpeg,colon_aca/colonca667.jpeg,colon_aca,train
colonca668.jpeg,colon_aca/colonca668.jpeg,colon_aca,train
colonca669.jpeg,colon_aca/colonca669.jpeg,colon_aca,train
colonca67.jpeg,colon_aca/colonca67.jpeg,colon_aca,train
colonca670.jpeg,colon_aca/colonca670.jpeg,colon_aca,train
colonca671.jpeg,colon_aca/colonca671.jpeg,colon_aca,train
colonca672.jpeg,colon_aca/colonca672.jpeg,colon_aca,train
colonca673.jpeg,colon_aca/colonca673.jpeg,colon_aca,train
colonca674.jpeg,colon_aca/colonca674.jpeg,colon_aca,train
colonca675.jpeg,colon_aca/colonca675.jpeg,colon_aca,train
colonca676.jpeg,colon_aca/colonca676.jpeg,colon_aca,train
colonca677.jpeg,colon_aca/colonca677.jpeg,colon_aca,train
colonca678.jpeg,colon_aca/colonca678.jpeg,colon_aca,train
colonca679.jpeg,colon_aca/colonca679.jpeg,colon_aca,train
colonca68.jpeg,colon_aca/colonca68.jpeg,colon_aca,train
colonca682.jpeg,colon_aca/colonca682.jpeg,colon_aca,train
colonca683.jpeg,colon_aca/colonca683.jpeg,colon_aca,train
colonca684.jpeg,colon_aca/colonca684.jpeg,colon_aca,train
colonca685.jpeg,colon_aca/colonca685.jpeg,colon_aca,train
colonca686.jpeg,colon_aca/colonca686.jpeg,colon_aca,train
colonca687.jpeg,colon_aca/colonca687.jpeg,colon_aca,train
colonca688.jpeg,colon_aca/colonca688.jpeg,colon_aca,train
colonca689.jpeg,colon_aca/colonca689.jpeg,colon_aca,train
colonca69.jpeg,colon_aca/colonca69.jpeg,colon_aca,train
colonca693.jpeg,colon_aca/colonca693.jpeg,colon_aca,train
colonca695.jpeg,colon_aca/colonca695.jpeg,colon_aca,train
colonca696.jpeg,colon_aca/colonca696.jpeg,colon_aca,train
colonca697.jpeg,colon_aca/colonca697.jpeg,colon_aca,train
colonca698.jpeg,colon_aca/colonca698.jpeg,colon_aca,train
colonca7.jpeg,colon_aca/colonca7.jpeg,colon_aca,train
colonca70.jpeg,colon_aca/colonca70.jpeg,colon_aca,train
colonca700.jpeg,colon_aca/colonca700.jpeg,colon_aca,train
colonca701.jpeg,colon_aca/colonca701.jpeg,colon_aca,train
colonca702.jpeg,colon_aca/colonca702.jpeg,colon_aca,train
colonca703.jpeg,colon_aca/colonca703.jpeg,colon_aca,train
colonca704.jpeg,colon_aca/colonca704.jpeg,colon_aca,train
colonca705.jpeg,colon_aca/colonca705.jpeg,colon_aca,train
colonca706.jpeg,colon_aca/colonca706.jpeg,colon_aca,train
colonca707.jpeg,colon_aca/colonca707.jpeg,colon_aca,train
colonca709.jpeg,colon_aca/colonca709.jpeg,colon_aca,train
colonca710.jpeg,colon_aca/colonca710.jpeg,colon_aca,train
colonca711.jpeg,colon_aca/colonca711.jpeg,colon_aca,train
colonca712.jpeg,colon_aca/colonca712.jpeg,colon_aca,train
colonca713.jpeg,colon_aca/colonca713.jpeg,colon_aca,train
colonca714.jpeg,colon_aca/colonca714.jpeg,colon_aca,train
colonca715.jpeg,colon_aca/colonca715.jpeg,colon_aca,train
colonca717.jpeg,colon_aca/colonca717.jpeg,colon_aca,train
colonca719.jpeg,colon_aca/colonca719.jpeg,colon_aca,train
colonca72.jpeg,colon_aca/colonca72.jpeg,colon_aca,train
colonca720.jpeg,colon_aca/colonca720.jpeg,colon_aca,train
colonca721.jpeg,colon_aca/colonca721.jpeg,colon_aca,train
colonca723.jpeg,colon_aca/colonca723.jpeg,colon_aca,train
colonca724.jpeg,colon_aca/colonca724.jpeg,colon_aca,train
colonca725.jpeg,colon_aca/colonca725.jpeg,colon_aca,train
colonca726.jpeg,colon_aca/colonca726.jpeg,colon_aca,train
colonca727.jpeg,colon_aca/colonca727.jpeg,colon_aca,train
colonca728.jpeg,colon_aca/colonca728.jpeg,colon_aca,train
colonca729.jpeg,colon_aca/colonca729.jpeg,colon_aca,train
colonca73.jpeg,colon_aca/colonca73.jpeg,colon_aca,train
colonca730.jpeg,colon_aca/colonca730.jpeg,colon_aca,train
colonca731.jpeg,colon_aca/colonca731.jpeg,colon_aca,train
colonca732.jpeg,colon_aca/colonca732.jpeg,colon_aca,train
colonca733.jpeg,colon_aca/colonca733.jpeg,colon_aca,train
colonca734.jpeg,colon_aca/colonca734.jpeg,colon_aca,train
colonca735.jpeg,colon_aca/colonca735.jpeg,colon_aca,train
colonca736.jpeg,colon_aca/colonca736.jpeg,colon_aca,train
colonca737.jpeg,colon_aca/colonca737.jpeg,colon_aca,train
colonca738.jpeg,colon_aca/colonca738.jpeg,colon_aca,train
colonca739.jpeg,colon_aca/colonca739.jpeg,colon_aca,train
colonca74.jpeg,colon_aca/colonca74.jpeg,colon_aca,train
colonca740.jpeg,colon_aca/colonca740.jpeg,colon_aca,train
colonca741.jpeg,colon_aca/colonca741.jpeg,colon_aca,train
colonca742.jpeg,colon_aca/colonca742.jpeg,colon_aca,train
colonca743.jpeg,colon_aca/colonca743.jpeg,colon_aca,train
colonca744.jpeg,colon_aca/colonca744.jpeg,colon_aca,train
colonca745.jpeg,colon_aca/colonca745.jpeg,colon_aca,train
colonca746.jpeg,colon_aca/colonca746.jpeg,colon_aca,train
colonca748.jpeg,colon_aca/colonca748.jpeg,colon_aca,train
colonca749.jpeg,colon_aca/colonca749.jpeg,colon_aca,train
colonca75.jpeg,colon_aca/colonca75.jpeg,colon_aca,train
colonca750.jpeg,colon_aca/colonca750.jpeg,colon_aca,train
colonca751.jpeg,colon_aca/colonca751.jpeg,colon_aca,train
colonca752.jpeg,colon_aca/colonca752.jpeg,colon_aca,train
colonca753.jpeg,colon_aca/colonca753.jpeg,colon_aca,train
colonca754.jpeg,colon_aca/colonca754.jpeg,colon_aca,train
colonca757.jpeg,colon_aca/colonca757.jpeg,colon_aca,train
colonca758.jpeg,colon_aca/colonca758.jpeg,colon_aca,train
colonca759.jpeg,colon_aca/colonca759.jpeg,colon_aca,train
colonca76.jpeg,colon_aca/colonca76.jpeg,colon_aca,train
colonca760.jpeg,colon_aca/colonca760.jpeg,colon_aca,train
colonca761.jpeg,colon_aca/colonca761.jpeg,colon_aca,train
colonca762.jpeg,colon_aca/colonca762.jpeg,colon_aca,train
colonca763.jpeg,colon_aca/colonca763.jpeg,colon_aca,train
colonca764.jpeg,colon_aca/colonca764.jpeg,colon_aca,train
colonca765.jpeg,colon_aca/colonca765.jpeg,colon_aca,train
colonca766.jpeg,colon_aca/colonca766.jpeg,colon_aca,train
colonca767.jpeg,colon_aca/colonca767.jpeg,colon_aca,train
colonca769.jpeg,colon_aca/colonca769.jpeg,colon_aca,train
colonca77.jpeg,colon_aca/colonca77.jpeg,colon_aca,train
colonca771.jpeg,colon_aca/colonca771.jpeg,colon_aca,train
colonca772.jpeg,colon_aca/colonca772.jpeg,colon_aca,train
colonca773.jpeg,colon_aca/colonca773.jpeg,colon_aca,train
colonca774.jpeg,colon_aca/colonca774.jpeg,colon_aca,train
colonca775.jpeg,colon_aca/colonca775.jpeg,colon_aca,train
colonca778.jpeg,colon_aca/colonca778.jpeg,colon_aca,train
colonca779.jpeg,colon_aca/colonca779.jpeg,colon_aca,train
colonca78.jpeg,colon_aca/colonca78.jpeg,colon_aca,train
colonca780.jpeg,colon_aca/colonca780.jpeg,colon_aca,train
colonca781.jpeg,colon_aca/colonca781.jpeg,colon_aca,train
colonca782.jpeg,colon_aca/colonca782.jpeg,colon_aca,train
colonca783.jpeg,colon_aca/colonca783.jpeg,colon_aca,train
colonca784.jpeg,colon_aca/colonca784.jpeg,colon_aca,train
colonca785.jpeg,colon_aca/colonca785.jpeg,colon_aca,train
colonca786.jpeg,colon_aca/colonca786.jpeg,colon_aca,train
colonca787.jpeg,colon_aca/colonca787.jpeg,colon_aca,train
colonca788.jpeg,colon_aca/colonca788.jpeg,colon_aca,train
colonca789.jpeg,colon_aca/colonca789.jpeg,colon_aca,train
colonca79.jpeg,colon_aca/colonca79.jpeg,colon_aca,train
colonca790.jpeg,colon_aca/colonca790.jpeg,colon_aca,train
colonca791.jpeg,colon_aca/colonca791.jpeg,colon_aca,train
colonca792.jpeg,colon_aca/colonca792.jpeg,colon_aca,train
colonca794.jpeg,colon_aca/colonca794.jpeg,colon_aca,train
colonca796.jpeg,colon_aca/colonca796.jpeg,colon_aca,train
colonca797.jpeg,colon_aca/colonca797.jpeg,colon_aca,train
colonca798.jpeg,colon_aca/colonca798.jpeg,colon_aca,train
colonca799.jpeg,colon_aca/colonca799.jpeg,colon_aca,train
colonca8.jpeg,colon_aca/colonca8.jpeg,colon_aca,train
colonca80.jpeg,colon_aca/colonca80.jpeg,colon_aca,train
colonca801.jpeg,colon_aca/colonca801.jpeg,colon_aca,train
colonca802.jpeg,colon_aca/colonca802.jpeg,colon_aca,train
colonca804.jpeg,colon_aca/colonca804.jpeg,colon_aca,train
colonca805.jpeg,colon_aca/colonca805.jpeg,colon_aca,train
colonca806.jpeg,colon_aca/colonca806.jpeg,colon_aca,train
colonca807.jpeg,colon_aca/colonca807.jpeg,colon_aca,train
colonca809.jpeg,colon_aca/colonca809.jpeg,colon_aca,train
colonca81.jpeg,colon_aca/colonca81.jpeg,colon_aca,train
colonca810.jpeg,colon_aca/colonca810.jpeg,colon_aca,train
colonca811.jpeg,colon_aca/colonca811.jpeg,colon_aca,train
colonca812.jpeg,colon_aca/colonca812.jpeg,colon_aca,train
colonca813.jpeg,colon_aca/colonca813.jpeg,colon_aca,train
colonca814.jpeg,colon_aca/colonca814.jpeg,colon_aca,train
colonca816.jpeg,colon_aca/colonca816.jpeg,colon_aca,train
colonca817.jpeg,colon_aca/colonca817.jpeg,colon_aca,train
colonca819.jpeg,colon_aca/colonca819.jpeg,colon_aca,train
colonca82.jpeg,colon_aca/colonca82.jpeg,colon_aca,train
colonca820.jpeg,colon_aca/colonca820.jpeg,colon_aca,train
colonca821.jpeg,colon_aca/colonca821.jpeg,colon_aca,train
colonca822.jpeg,colon_aca/colonca822.jpeg,colon_aca,train
colonca823.jpeg,colon_aca/colonca823.jpeg,colon_aca,train
colonca825.jpeg,colon_aca/colonca825.jpeg,colon_aca,train
colonca826.jpeg,colon_aca/colonca826.jpeg,colon_aca,train
colonca827.jpeg,colon_aca/colonca827.jpeg,colon_aca,train
colonca828.jpeg,colon_aca/colonca828.jpeg,colon_aca,train
colonca829.jpeg,colon_aca/colonca829.jpeg,colon_aca,train
colonca83.jpeg,colon_aca/colonca83.jpeg,colon_aca,train
colonca830.jpeg,colon_aca/colonca830.jpeg,colon_aca,train
colonca831.jpeg,colon_aca/colonca831.jpeg,colon_aca,train
colonca832.jpeg,colon_aca/colonca832.jpeg,colon_aca,train
colonca834.jpeg,colon_aca/colonca834.jpeg,colon_aca,train
colonca836.jpeg,colon_aca/colonca836.jpeg,colon_aca,train
colonca837.jpeg,colon_aca/colonca837.jpeg,colon_aca,train
colonca838.jpeg,colon_aca/colonca838.jpeg,colon_aca,train
colonca839.jpeg,colon_aca/colonca839.jpeg,colon_aca,train
colonca84.jpeg,colon_aca/colonca84.jpeg,colon_aca,train
colonca840.jpeg,colon_aca/colonca840.jpeg,colon_aca,train
colonca841.jpeg,colon_aca/colonca841.jpeg,colon_aca,train
colonca844.jpeg,colon_aca/colonca844.jpeg,colon_aca,train
colonca845.jpeg,colon_aca/colonca845.jpeg,colon_aca,train
colonca846.jpeg,colon_aca/colonca846.jpeg,colon_aca,train
colonca849.jpeg,colon_aca/colonca849.jpeg,colon_aca,train
colonca85.jpeg,colon_aca/colonca85.jpeg,colon_aca,train
colonca850.jpeg,colon_aca/colonca850.jpeg,colon_aca,train
colonca851.jpeg,colon_aca/colonca851.jpeg,colon_aca,train
colonca853.jpeg,colon_aca/colonca853.jpeg,colon_aca,train
colonca855.jpeg,colon_aca/colonca855.jpeg,colon_aca,train
colonca856.jpeg,colon_aca/colonca856.jpeg,colon_aca,train
colonca857.jpeg,colon_aca/colonca857.jpeg,colon_aca,train
colonca858.jpeg,colon_aca/colonca858.jpeg,colon_aca,train
colonca859.jpeg,colon_aca/colonca859.jpeg,colon_aca,train
colonca860.jpeg,colon_aca/colonca860.jpeg,colon_aca,train
colonca862.jpeg,colon_aca/colonca862.jpeg,colon_aca,train
colonca864.jpeg,colon_aca/colonca864.jpeg,colon_aca,train
colonca865.jpeg,colon_aca/colonca865.jpeg,colon_aca,train
colonca866.jpeg,colon_aca/colonca866.jpeg,colon_aca,train
colonca867.jpeg,colon_aca/colonca867.jpeg,colon_aca,train
colonca869.jpeg,colon_aca/colonca869.jpeg,colon_aca,train
colonca87.jpeg,colon_aca/colonca87.jpeg,colon_aca,train
colonca870.jpeg,colon_aca/colonca870.jpeg,colon_aca,train
colonca871.jpeg,colon_aca/colonca871.jpeg,colon_aca,train
colonca872.jpeg,colon_aca/colonca872.jpeg,colon_aca,train
colonca873.jpeg,colon_aca/colonca873.jpeg,colon_aca,train
colonca875.jpeg,colon_aca/colonca875.jpeg,colon_aca,train
colonca876.jpeg,colon_aca/colonca876.jpeg,colon_aca,train
colonca877.jpeg,colon_aca/colonca877.jpeg,colon_aca,train
colonca878.jpeg,colon_aca/colonca878.jpeg,colon_aca,train
colonca879.jpeg,colon_aca/colonca879.jpeg,colon_aca,train
colonca88.jpeg,colon_aca/colonca88.jpeg,colon_aca,train
colonca880.jpeg,colon_aca/colonca880.jpeg,colon_aca,train
colonca881.jpeg,colon_aca/colonca881.jpeg,colon_aca,train
colonca882.jpeg,colon_aca/colonca882.jpeg,colon_aca,train
colonca883.jpeg,colon_aca/colonca883.jpeg,colon_aca,train
colonca885.jpeg,colon_aca/colonca885.jpeg,colon_aca,train
colonca887.jpeg,colon_aca/colonca887.jpeg,colon_aca,train
colonca89.jpeg,colon_aca/colonca89.jpeg,colon_aca,train
colonca890.jpeg,colon_aca/colonca890.jpeg,colon_aca,train
colonca891.jpeg,colon_aca/colonca891.jpeg,colon_aca,train
colonca892.jpeg,colon_aca/colonca892.jpeg,colon_aca,train
colonca893.jpeg,colon_aca/colonca893.jpeg,colon_aca,train
colonca894.jpeg,colon_aca/colonca894.jpeg,colon_aca,train
colonca895.jpeg,colon_aca/colonca895.jpeg,colon_aca,train
colonca897.jpeg,colon_aca/colonca897.jpeg,colon_aca,train
colonca898.jpeg,colon_aca/colonca898.jpeg,colon_aca,train
colonca899.jpeg,colon_aca/colonca899.jpeg,colon_aca,train
colonca9.jpeg,colon_aca/colonca9.jpeg,colon_aca,train
colonca90.jpeg,colon_aca/colonca90.jpeg,colon_aca,train
colonca901.jpeg,colon_aca/colonca901.jpeg,colon_aca,train
colonca902.jpeg,colon_aca/colonca902.jpeg,colon_aca,train
colonca903.jpeg,colon_aca/colonca903.jpeg,colon_aca,train
colonca904.jpeg,colon_aca/colonca904.jpeg,colon_aca,train
colonca906.jpeg,colon_aca/colonca906.jpeg,colon_aca,train
colonca907.jpeg,colon_aca/colonca907.jpeg,colon_aca,train
colonca908.jpeg,colon_aca/colonca908.jpeg,colon_aca,train
colonca909.jpeg,colon_aca/colonca909.jpeg,colon_aca,train
colonca91.jpeg,colon_aca/colonca91.jpeg,colon_aca,train
colonca910.jpeg,colon_aca/colonca910.jpeg,colon_aca,train
colonca911.jpeg,colon_aca/colonca911.jpeg,colon_aca,train
colonca912.jpeg,colon_aca/colonca912.jpeg,colon_aca,train
colonca913.jpeg,colon_aca/colonca913.jpeg,colon_aca,train
colonca914.jpeg,colon_aca/colonca914.jpeg,colon_aca,train
colonca915.jpeg,colon_aca/colonca915.jpeg,colon_aca,train
colonca916.jpeg,colon_aca/colonca916.jpeg,colon_aca,train
colonca917.jpeg,colon_aca/colonca917.jpeg,colon_aca,train
colonca92.jpeg,colon_aca/colonca92.jpeg,colon_aca,train
colonca920.jpeg,colon_aca/colonca920.jpeg,colon_aca,train
colonca921.jpeg,colon_aca/colonca921.jpeg,colon_aca,train
colonca923.jpeg,colon_aca/colonca923.jpeg,colon_aca,train
colonca924.jpeg,colon_aca/colonca924.jpeg,colon_aca,train
colonca925.jpeg,colon_aca/colonca925.jpeg,colon_aca,train
colonca926.jpeg,colon_aca/colonca926.jpeg,colon_aca,train
colonca927.jpeg,colon_aca/colonca927.jpeg,colon_aca,train
colonca928.jpeg,colon_aca/colonca928.jpeg,colon_aca,train
colonca929.jpeg,colon_aca/colonca929.jpeg,colon_aca,train
colonca93.jpeg,colon_aca/colonca93.jpeg,colon_aca,train
colonca930.jpeg,colon_aca/colonca930.jpeg,colon_aca,train
colonca931.jpeg,colon_aca/colonca931.jpeg,colon_aca,train
colonca934.jpeg,colon_aca/colonca934.jpeg,colon_aca,train
colonca938.jpeg,colon_aca/colonca938.jpeg,colon_aca,train
colonca939.jpeg,colon_aca/colonca939.jpeg,colon_aca,train
colonca94.jpeg,colon_aca/colonca94.jpeg,colon_aca,train
colonca940.jpeg,colon_aca/colonca940.jpeg,colon_aca,train
colonca941.jpeg,colon_aca/colonca941.jpeg,colon_aca,train
colonca942.jpeg,colon_aca/colonca942.jpeg,colon_aca,train
colonca943.jpeg,colon_aca/colonca943.jpeg,colon_aca,train
colonca944.jpeg,colon_aca/colonca944.jpeg,colon_aca,train
colonca945.jpeg,colon_aca/colonca945.jpeg,colon_aca,train
colonca946.jpeg,colon_aca/colonca946.jpeg,colon_aca,train
colonca947.jpeg,colon_aca/colonca947.jpeg,colon_aca,train
colonca948.jpeg,colon_aca/colonca948.jpeg,colon_aca,train
colonca949.jpeg,colon_aca/colonca949.jpeg,colon_aca,train
colonca950.jpeg,colon_aca/colonca950.jpeg,colon_aca,train
colonca951.jpeg,colon_aca/colonca951.jpeg,colon_aca,train
colonca952.jpeg,colon_aca/colonca952.jpeg,colon_aca,train
colonca953.jpeg,colon_aca/colonca953.jpeg,colon_aca,train
colonca954.jpeg,colon_aca/colonca954.jpeg,colon_aca,train
colonca956.jpeg,colon_aca/colonca956.jpeg,colon_aca,train
colonca957.jpeg,colon_aca/colonca957.jpeg,colon_aca,train
colonca959.jpeg,colon_aca/colonca959.jpeg,colon_aca,train
colonca96.jpeg,colon_aca/colonca96.jpeg,colon_aca,train
colonca961.jpeg,colon_aca/colonca961.jpeg,colon_aca,train
colonca962.jpeg,colon_aca/colonca962.jpeg,colon_aca,train
colonca963.jpeg,colon_aca/colonca963.jpeg,colon_aca,train
colonca964.jpeg,colon_aca/colonca964.jpeg,colon_aca,train
colonca965.jpeg,colon_aca/colonca965.jpeg,colon_aca,train
colonca966.jpeg,colon_aca/colonca966.jpeg,colon_aca,train
colonca967.jpeg,colon_aca/colonca967.jpeg,colon_aca,train
colonca968.jpeg,colon_aca/colonca968.jpeg,colon_aca,train
colonca969.jpeg,colon_aca/colonca969.jpeg,colon_aca,train
colonca970.jpeg,colon_aca/colonca970.jpeg,colon_aca,train
colonca971.jpeg,colon_aca/colonca971.jpeg,colon_aca,train
colonca972.jpeg,colon_aca/colonca972.jpeg,colon_aca,train
colonca973.jpeg,colon_aca/colonca973.jpeg,colon_aca,train
colonca974.jpeg,colon_aca/colonca974.jpeg,colon_aca,train
colonca976.jpeg,colon_aca/colonca976.jpeg,colon_aca,train
colonca977.jpeg,colon_aca/colonca977.jpeg,colon_aca,train
colonca978.jpeg,colon_aca/colonca978.jpeg,colon_aca,train
colonca979.jpeg,colon_aca/colonca979.jpeg,colon_aca,train
colonca981.jpeg,colon_aca/colonca981.jpeg,colon_aca,train
colonca982.jpeg,colon_aca/colonca982.jpeg,colon_aca,train
colonca983.jpeg,colon_aca/colonca983.jpeg,colon_aca,train
colonca984.jpeg,colon_aca/colonca984.jpeg,colon_aca,train
colonca985.jpeg,colon_aca/colonca985.jpeg,colon_aca,train
colonca986.jpeg,colon_aca/colonca986.jpeg,colon_aca,train
colonca987.jpeg,colon_aca/colonca987.jpeg,colon_aca,train
colonca988.jpeg,colon_aca/colonca988.jpeg,colon_aca,train
colonca989.jpeg,colon_aca/colonca989.jpeg,colon_aca,train
colonca990.jpeg,colon_aca/colonca990.jpeg,colon_aca,train
colonca991.jpeg,colon_aca/colonca991.jpeg,colon_aca,train
colonca992.jpeg,colon_aca/colonca992.jpeg,colon_aca,train
colonca993.jpeg,colon_aca/colonca993.jpeg,colon_aca,train
colonca995.jpeg,colon_aca/colonca995.jpeg,colon_aca,train
colonca996.jpeg,colon_aca/colonca996.jpeg,colon_aca,train
colonca997.jpeg,colon_aca/colonca997.jpeg,colon_aca,train
colonca998.jpeg,colon_aca/colonca998.jpeg,colon_aca,train
colonca999.jpeg,colon_aca/colonca999.jpeg,colon_aca,train
colonn10.jpeg,colon_n/colonn10.jpeg,colon_n,train
colonn1000.jpeg,colon_n/colonn1000.jpeg,colon_n,train
colonn1001.jpeg,colon_n/colonn1001.jpeg,colon_n,train
colonn1002.jpeg,colon_n/colonn1002.jpeg,colon_n,train
colonn1003.jpeg,colon_n/colonn1003.jpeg,colon_n,train
colonn1004.jpeg,colon_n/colonn1004.jpeg,colon_n,train
colonn1005.jpeg,colon_n/colonn1005.jpeg,colon_n,train
colonn1007.jpeg,colon_n/colonn1007.jpeg,colon_n,train
colonn1008.jpeg,colon_n/colonn1008.jpeg,colon_n,train
colonn1009.jpeg,colon_n/colonn1009.jpeg,colon_n,train
colonn101.jpeg,colon_n/colonn101.jpeg,colon_n,train
colonn1010.jpeg,colon_n/colonn1010.jpeg,colon_n,train
colonn1011.jpeg,colon_n/colonn1011.jpeg,colon_n,train
colonn1012.jpeg,colon_n/colonn1012.jpeg,colon_n,train
colonn1013.jpeg,colon_n/colonn1013.jpeg,colon_n,train
colonn1014.jpeg,colon_n/colonn1014.jpeg,colon_n,train
colonn1015.jpeg,colon_n/colonn1015.jpeg,colon_n,train
colonn1016.jpeg,colon_n/colonn1016.jpeg,colon_n,train
colonn1017.jpeg,colon_n/colonn1017.jpeg,colon_n,train
colonn1018.jpeg,colon_n/colonn1018.jpeg,colon_n,train
colonn1019.jpeg,colon_n/colonn1019.jpeg,colon_n,train
colonn102.jpeg,colon_n/colonn102.jpeg,colon_n,train
colonn1020.jpeg,colon_n/colonn1020.jpeg,colon_n,train
colonn1021.jpeg,colon_n/colonn1021.jpeg,colon_n,train
colonn1022.jpeg,colon_n/colonn1022.jpeg,colon_n,train
colonn1023.jpeg,colon_n/colonn1023.jpeg,colon_n,train
colonn1024.jpeg,colon_n/colonn1024.jpeg,colon_n,train
colonn1025.jpeg,colon_n/colonn1025.jpeg,colon_n,train
colonn1026.jpeg,colon_n/colonn1026.jpeg,colon_n,train
colonn1027.jpeg,colon_n/colonn1027.jpeg,colon_n,train
colonn1028.jpeg,colon_n/colonn1028.jpeg,colon_n,train
colonn1029.jpeg,colon_n/colonn1029.jpeg,colon_n,train
colonn103.jpeg,colon_n/colonn103.jpeg,colon_n,train
colonn1030.jpeg,colon_n/colonn1030.jpeg,colon_n,train
colonn1031.jpeg,colon_n/colonn1031.jpeg,colon_n,train
colonn1034.jpeg,colon_n/colonn1034.jpeg,colon_n,train
colonn1036.jpeg,colon_n/colonn1036.jpeg,colon_n,train
colonn1039.jpeg,colon_n/colonn1039.jpeg,colon_n,train
colonn1040.jpeg,colon_n/colonn1040.jpeg,colon_n,train
colonn1042.jpeg,colon_n/colonn1042.jpeg,colon_n,train
colonn1043.jpeg,colon_n/colonn1043.jpeg,colon_n,train
colonn1044.jpeg,colon_n/colonn1044.jpeg,colon_n,train
colonn1045.jpeg,colon_n/colonn1045.jpeg,colon_n,train
colonn1046.jpeg,colon_n/colonn1046.jpeg,colon_n,train
colonn1048.jpeg,colon_n/colonn1048.jpeg,colon_n,train
colonn1049.jpeg,colon_n/colonn1049.jpeg,colon_n,train
colonn105.jpeg,colon_n/colonn105.jpeg,colon_n,train
colonn1053.jpeg,colon_n/colonn1053.jpeg,colon_n,train
colonn1054.jpeg,colon_n/colonn1054.jpeg,colon_n,train
colonn1055.jpeg,colon_n/colonn1055.jpeg,colon_n,train
colonn1056.jpeg,colon_n/colonn1056.jpeg,colon_n,train
colonn1057.jpeg,colon_n/colonn1057.jpeg,colon_n,train
colonn1058.jpeg,colon_n/colonn1058.jpeg,colon_n,train
colonn1060.jpeg,colon_n/colonn1060.jpeg,colon_n,train
colonn1061.jpeg,colon_n/colonn1061.jpeg,colon_n,train
colonn1062.jpeg,colon_n/colonn1062.jpeg,colon_n,train
colonn1066.jpeg,colon_n/colonn1066.jpeg,colon_n,train
colonn1068.jpeg,colon_n/colonn1068.jpeg,colon_n,train
colonn1069.jpeg,colon_n/colonn1069.jpeg,colon_n,train
colonn1070.jpeg,colon_n/colonn1070.jpeg,colon_n,train
colonn1071.jpeg,colon_n/colonn1071.jpeg,colon_n,train
colonn1072.jpeg,colon_n/colonn1072.jpeg,colon_n,train
colonn1073.jpeg,colon_n/colonn1073.jpeg,colon_n,train
colonn1074.jpeg,colon_n/colonn1074.jpeg,colon_n,train
colonn1075.jpeg,colon_n/colonn1075.jpeg,colon_n,train
colonn1078.jpeg,colon_n/colonn1078.jpeg,colon_n,train
colonn1079.jpeg,colon_n/colonn1079.jpeg,colon_n,train
colonn108.jpeg,colon_n/colonn108.jpeg,colon_n,train
colonn1081.jpeg,colon_n/colonn1081.jpeg,colon_n,train
colonn1082.jpeg,colon_n/colonn1082.jpeg,colon_n,train
colonn1083.jpeg,colon_n/colonn1083.jpeg,colon_n,train
colonn1084.jpeg,colon_n/colonn1084.jpeg,colon_n,train
colonn1086.jpeg,colon_n/colonn1086.jpeg,colon_n,train
colonn1087.jpeg,colon_n/colonn1087.jpeg,colon_n,train
colonn1088.jpeg,colon_n/colonn1088.jpeg,colon_n,train
colonn1089.jpeg,colon_n/colonn1089.jpeg,colon_n,train
colonn109.jpeg,colon_n/colonn109.jpeg,colon_n,train
colonn1090.jpeg,colon_n/colonn1090.jpeg,colon_n,train
colonn1092.jpeg,colon_n/colonn1092.jpeg,colon_n,train
colonn1093.jpeg,colon_n/colonn1093.jpeg,colon_n,train
colonn1094.jpeg,colon_n/colonn1094.jpeg,colon_n,train
colonn1095.jpeg,colon_n/colonn1095.jpeg,colon_n,train
colonn1096.jpeg,colon_n/colonn1096.jpeg,colon_n,train
colonn1097.jpeg,colon_n/colonn1097.jpeg,colon_n,train
colonn1098.jpeg,colon_n/colonn1098.jpeg,colon_n,train
colonn1099.jpeg,colon_n/colonn1099.jpeg,colon_n,train
colonn11.jpeg,colon_n/colonn11.jpeg,colon_n,train
colonn110.jpeg,colon_n/colonn110.jpeg,colon_n,train
colonn1100.jpeg,colon_n/colonn1100.jpeg,colon_n,train
colonn1101.jpeg,colon_n/colonn1101.jpeg,colon_n,train
colonn1102.jpeg,colon_n/colonn1102.jpeg,colon_n,train
colonn1103.jpeg,colon_n/colonn1103.jpeg,colon_n,train
colonn1104.jpeg,colon_n/colonn1104.jpeg,colon_n,train
colonn1105.jpeg,colon_n/colonn1105.jpeg,colon_n,train
colonn1107.jpeg,colon_n/colonn1107.jpeg,colon_n,train
colonn1108.jpeg,colon_n/colonn1108.jpeg,colon_n,train
colonn111.jpeg,colon_n/colonn111.jpeg,colon_n,train
colonn1111.jpeg,colon_n/colonn1111.jpeg,colon_n,train
colonn1112.jpeg,colon_n/colonn1112.jpeg,colon_n,train
colonn1114.jpeg,colon_n/colonn1114.jpeg,colon_n,train
colonn1116.jpeg,colon_n/colonn1116.jpeg,colon_n,train
colonn1117.jpeg,colon_n/colonn1117.jpeg,colon_n,train
colonn1118.jpeg,colon_n/colonn1118.jpeg,colon_n,train
colonn1119.jpeg,colon_n/colonn1119.jpeg,colon_n,train
colonn1120.jpeg,colon_n/colonn1120.jpeg,colon_n,train
colonn1121.jpeg,colon_n/colonn1121.jpeg,colon_n,train
colonn1123.jpeg,colon_n/colonn1123.jpeg,colon_n,train
colonn1124.jpeg,colon_n/colonn1124.jpeg,colon_n,train
colonn1125.jpeg,colon_n/colonn1125.jpeg,colon_n,train
colonn1126.jpeg,colon_n/colonn1126.jpeg,colon_n,train
colonn1127.jpeg,colon_n/colonn1127.jpeg,colon_n,train
colonn1128.jpeg,colon_n/colonn1128.jpeg,colon_n,train
colonn1129.jpeg,colon_n/colonn1129.jpeg,colon_n,train
colonn113.jpeg,colon_n/colonn113.jpeg,colon_n,train
colonn1130.jpeg,colon_n/colonn1130.jpeg,colon_n,train
colonn1131.jpeg,colon_n/colonn1131.jpeg,colon_n,train
colonn1132.jpeg,colon_n/colonn1132.jpeg,colon_n,train
colonn1133.jpeg,colon_n/colonn1133.jpeg,colon_n,train
colonn1134.jpeg,colon_n/colonn1134.jpeg,colon_n,train
colonn1136.jpeg,colon_n/colonn1136.jpeg,colon_n,train
colonn1137.jpeg,colon_n/colonn1137.jpeg,colon_n,train
colonn1138.jpeg,colon_n/colonn1138.jpeg,colon_n,train
colonn1139.jpeg,colon_n/colonn1139.jpeg,colon_n,train
colonn114.jpeg,colon_n/colonn114.jpeg,colon_n,train
colonn1141.jpeg,colon_n/colonn1141.jpeg,colon_n,train
colonn1142.jpeg,colon_n/colonn1142.jpeg,colon_n,train
colonn1143.jpeg,colon_n/colonn1143.jpeg,colon_n,train
colonn1145.jpeg,colon_n/colonn1145.jpeg,colon_n,train
colonn1146.jpeg,colon_n/colonn1146.jpeg,colon_n,train
colonn1147.jpeg,colon_n/colonn1147.jpeg,colon_n,train
colonn1148.jpeg,colon_n/colonn1148.jpeg,colon_n,train
colonn1149.jpeg,colon_n/colonn1149.jpeg,colon_n,train
colonn115.jpeg,colon_n/colonn115.jpeg,colon_n,train
colonn1150.jpeg,colon_n/colonn1150.jpeg,colon_n,train
colonn1151.jpeg,colon_n/colonn1151.jpeg,colon_n,train
colonn1152.jpeg,colon_n/colonn1152.jpeg,colon_n,train
colonn1153.jpeg,colon_n/colonn1153.jpeg,colon_n,train
colonn1154.jpeg,colon_n/colonn1154.jpeg,colon_n,train
colonn1156.jpeg,colon_n/colonn1156.jpeg,colon_n,train
colonn1157.jpeg,colon_n/colonn1157.jpeg,colon_n,train
colonn1158.jpeg,colon_n/colonn1158.jpeg,colon_n,train
colonn1159.jpeg,colon_n/colonn1159.jpeg,colon_n,train
colonn1160.jpeg,colon_n/colonn1160.jpeg,colon_n,train
colonn1162.jpeg,colon_n/colonn1162.jpeg,colon_n,train
colonn1164.jpeg,colon_n/colonn1164.jpeg,colon_n,train
colonn1165.jpeg,colon_n/colonn1165.jpeg,colon_n,train
colonn1166.jpeg,colon_n/colonn1166.jpeg,colon_n,train
colonn1167.jpeg,colon_n/colonn1167.jpeg,colon_n,train
colonn1168.jpeg,colon_n/colonn1168.jpeg,colon_n,train
colonn117.jpeg,colon_n/colonn117.jpeg,colon_n,train
colonn1170.jpeg,colon_n/colonn1170.jpeg,colon_n,train
colonn1171.jpeg,colon_n/colonn1171.jpeg,colon_n,train
colonn1172.jpeg,colon_n/colonn1172.jpeg,colon_n,train
colonn1174.jpeg,colon_n/colonn1174.jpeg,colon_n,train
colonn1175.jpeg,colon_n/colonn1175.jpeg,colon_n,train
colonn1176.jpeg,colon_n/colonn1176.jpeg,colon_n,train
colonn1177.jpeg,colon_n/colonn1177.jpeg,colon_n,train
colonn1178.jpeg,colon_n/colonn1178.jpeg,colon_n,train
colonn1179.jpeg,colon_n/colonn1179.jpeg,colon_n,train
colonn1181.jpeg,colon_n/colonn1181.jpeg,colon_n,train
colonn1182.jpeg,colon_n/colonn1182.jpeg,colon_n,train
colonn1183.jpeg,colon_n/colonn1183.jpeg,colon_n,train
colonn1184.jpeg,colon_n/colonn1184.jpeg,colon_n,train
colonn1185.jpeg,colon_n/colonn1185.jpeg,colon_n,train
colonn1186.jpeg,colon_n/colonn1186.jpeg,colon_n,train
colonn1187.jpeg,colon_n/colonn1187.jpeg,colon_n,train
colonn1188.jpeg,colon_n/colonn1188.jpeg,colon_n,train
colonn1189.jpeg,colon_n/colonn1189.jpeg,colon_n,train
colonn119.jpeg,colon_n/colonn119.jpeg,colon_n,train
colonn1190.jpeg,colon_n/colonn1190.jpeg,colon_n,train
colonn1191.jpeg,colon_n/colonn1191.jpeg,colon_n,train
colonn1193.jpeg,colon_n/colonn1193.jpeg,colon_n,train
colonn1194.jpeg,colon_n/colonn1194.jpeg,colon_n,train
colonn1195.jpeg,colon_n/colonn1195.jpeg,colon_n,train
colonn1196.jpeg,colon_n/colonn1196.jpeg,colon_n,train
colonn1197.jpeg,colon_n/colonn1197.jpeg,colon_n,train
colonn1198.jpeg,colon_n/colonn1198.jpeg,colon_n,train
colonn1199.jpeg,colon_n/colonn1199.jpeg,colon_n,train
colonn12.jpeg,colon_n/colonn12.jpeg,colon_n,train
colonn1200.jpeg,colon_n/colonn1200.jpeg,colon_n,train
colonn1201.jpeg,colon_n/colonn1201.jpeg,colon_n,train
colonn1202.jpeg,colon_n/colonn1202.jpeg,colon_n,train
colonn1203.jpeg,colon_n/colonn1203.jpeg,colon_n,train
colonn1204.jpeg,colon_n/colonn1204.jpeg,colon_n,train
colonn1205.jpeg,colon_n/colonn1205.jpeg,colon_n,train
colonn1206.jpeg,colon_n/colonn1206.jpeg,colon_n,train
colonn1207.jpeg,colon_n/colonn1207.jpeg,colon_n,train
colonn1208.jpeg,colon_n/colonn1208.jpeg,colon_n,train
colonn121.jpeg,colon_n/colonn121.jpeg,colon_n,train
colonn1210.jpeg,colon_n/colonn1210.jpeg,colon_n,train
colonn1211.jpeg,colon_n/colonn1211.jpeg,colon_n,train
colonn1212.jpeg,colon_n/colonn1212.jpeg,colon_n,train
colonn1213.jpeg,colon_n/colonn1213.jpeg,colon_n,train
colonn1214.jpeg,colon_n/colonn1214.jpeg,colon_n,train
colonn1215.jpeg,colon_n/colonn1215.jpeg,colon_n,train
colonn1216.jpeg,colon_n/colonn1216.jpeg,colon_n,train
colonn1217.jpeg,colon_n/colonn1217.jpeg,colon_n,train
colonn1218.jpeg,colon_n/colonn1218.jpeg,colon_n,train
colonn1219.jpeg,colon_n/colonn1219.jpeg,colon_n,train
colonn122.jpeg,colon_n/colonn122.jpeg,colon_n,train
colonn1220.jpeg,colon_n/colonn1220.jpeg,colon_n,train
colonn1221.jpeg,colon_n/colonn1221.jpeg,colon_n,train
colonn1222.jpeg,colon_n/colonn1222.jpeg,colon_n,train
colonn1223.jpeg,colon_n/colonn1223.jpeg,colon_n,train
colonn1224.jpeg,colon_n/colonn1224.jpeg,colon_n,train
colonn1226.jpeg,colon_n/colonn1226.jpeg,colon_n,train
colonn1227.jpeg,colon_n/colonn1227.jpeg,colon_n,train
colonn1229.jpeg,colon_n/colonn1229.jpeg,colon_n,train
colonn123.jpeg,colon_n/colonn123.jpeg,colon_n,train
colonn1230.jpeg,colon_n/colonn1230.jpeg,colon_n,train
colonn1232.jpeg,colon_n/colonn1232.jpeg,colon_n,train
colonn1233.jpeg,colon_n/colonn1233.jpeg,colon_n,train
colonn1234.jpeg,colon_n/colonn1234.jpeg,colon_n,train
colonn1235.jpeg,colon_n/colonn1235.jpeg,colon_n,train
colonn1236.jpeg,colon_n/colonn1236.jpeg,colon_n,train
colonn1237.jpeg,colon_n/colonn1237.jpeg,colon_n,train
colonn1239.jpeg,colon_n/colonn1239.jpeg,colon_n,train
colonn124.jpeg,colon_n/colonn124.jpeg,colon_n,train
colonn1240.jpeg,colon_n/colonn1240.jpeg,colon_n,train
colonn1241.jpeg,colon_n/colonn1241.jpeg,colon_n,train
colonn1242.jpeg,colon_n/colonn1242.jpeg,colon_n,train
colonn1243.jpeg,colon_n/colonn1243.jpeg,colon_n,train
colonn1247.jpeg,colon_n/colonn1247.jpeg,colon_n,train
colonn1248.jpeg,colon_n/colonn1248.jpeg,colon_n,train
colonn1249.jpeg,colon_n/colonn1249.jpeg,colon_n,train
colonn125.jpeg,colon_n/colonn125.jpeg,colon_n,train
colonn1250.jpeg,colon_n/colonn1250.jpeg,colon_n,train
colonn1251.jpeg,colon_n/colonn1251.jpeg,colon_n,train
colonn1253.jpeg,colon_n/colonn1253.jpeg,colon_n,train
colonn1254.jpeg,colon_n/colonn1254.jpeg,colon_n,train
colonn1255.jpeg,colon_n/colonn1255.jpeg,colon_n,train
colonn1256.jpeg,colon_n/colonn1256.jpeg,colon_n,train
colonn1258.jpeg,colon_n/colonn1258.jpeg,colon_n,train
colonn1259.jpeg,colon_n/colonn1259.jpeg,colon_n,train
colonn126.jpeg,colon_n/colonn126.jpeg,colon_n,train
colonn1260.jpeg,colon_n/colonn1260.jpeg,colon_n,train
colonn1261.jpeg,colon_n/colonn1261.jpeg,colon_n,train
colonn1262.jpeg,colon_n/colonn1262.jpeg,colon_n,train
colonn1263.jpeg,colon_n/colonn1263.jpeg,colon_n,train
colonn1265.jpeg,colon_n/colonn1265.jpeg,colon_n,train
colonn1266.jpeg,colon_n/colonn1266.jpeg,colon_n,train
colonn1267.jpeg,colon_n/colonn1267.jpeg,colon_n,train
colonn1268.jpeg,colon_n/colonn1268.jpeg,colon_n,train
colonn127.jpeg,colon_n/colonn127.jpeg,colon_n,train
colonn1270.jpeg,colon_n/colonn1270.jpeg,colon_n,train
colonn1271.jpeg,colon_n/colonn1271.jpeg,colon_n,train
colonn1272.jpeg,colon_n/colonn1272.jpeg,colon_n,train
colonn1273.jpeg,colon_n/colonn1273.jpeg,colon_n,train
colonn1274.jpeg,colon_n/colonn1274.jpeg,colon_n,train
colonn1275.jpeg,colon_n/colonn1275.jpeg,colon_n,train
colonn1276.jpeg,colon_n/colonn1276.jpeg,colon_n,train
colonn1279.jpeg,colon_n/colonn1279.jpeg,colon_n,train
colonn128.jpeg,colon_n/colonn128.jpeg,colon_n,train
colonn1280.jpeg,colon_n/colonn1280.jpeg,colon_n,train
colonn1281.jpeg,colon_n/colonn1281.jpeg,colon_n,train
colonn1282.jpeg,colon_n/colonn1282.jpeg,colon_n,train
colonn1283.jpeg,colon_n/colonn1283.jpeg,colon_n,train
colonn1284.jpeg,colon_n/colonn1284.jpeg,colon_n,train
colonn1285.jpeg,colon_n/colonn1285.jpeg,colon_n,train
colonn1287.jpeg,colon_n/colonn1287.jpeg,colon_n,train
colonn1289.jpeg,colon_n/colonn1289.jpeg,colon_n,train
colonn1290.jpeg,colon_n/colonn1290.jpeg,colon_n,train
colonn1291.jpeg,colon_n/colonn1291.jpeg,colon_n,train
colonn1294.jpeg,colon_n/colonn1294.jpeg,colon_n,train
colonn1295.jpeg,colon_n/colonn1295.jpeg,colon_n,train
colonn1296.jpeg,colon_n/colonn1296.jpeg,colon_n,train
colonn1298.jpeg,colon_n/colonn1298.jpeg,colon_n,train
colonn1299.jpeg,colon_n/colonn1299.jpeg,colon_n,train
colonn13.jpeg,colon_n/colonn13.jpeg,colon_n,train
colonn130.jpeg,colon_n/colonn130.jpeg,colon_n,train
colonn1300.jpeg,colon_n/colonn1300.jpeg,colon_n,train
colonn1301.jpeg,colon_n/colonn1301.jpeg,colon_n,train
colonn1302.jpeg,colon_n/colonn1302.jpeg,colon_n,train
colonn1303.jpeg,colon_n/colonn1303.jpeg,colon_n,train
colonn1304.jpeg,colon_n/colonn1304.jpeg,colon_n,train
colonn1305.jpeg,colon_n/colonn1305.jpeg,colon_n,train
colonn1307.jpeg,colon_n/colonn1307.jpeg,colon_n,train
colonn1310.jpeg,colon_n/colonn1310.jpeg,colon_n,train
colonn1311.jpeg,colon_n/colonn1311.jpeg,colon_n,train
colonn1312.jpeg,colon_n/colonn1312.jpeg,colon_n,train
colonn1314.jpeg,colon_n/colonn1314.jpeg,colon_n,train
colonn1315.jpeg,colon_n/colonn1315.jpeg,colon_n,train
colonn1317.jpeg,colon_n/colonn1317.jpeg,colon_n,train
colonn1319.jpeg,colon_n/colonn1319.jpeg,colon_n,train
colonn132.jpeg,colon_n/colonn132.jpeg,colon_n,train
colonn1320.jpeg,colon_n/colonn1320.jpeg,colon_n,train
colonn1322.jpeg,colon_n/colonn1322.jpeg,colon_n,train
colonn1323.jpeg,colon_n/colonn1323.jpeg,colon_n,train
colonn1324.jpeg,colon_n/colonn1324.jpeg,colon_n,train
colonn1325.jpeg,colon_n/colonn1325.jpeg,colon_n,train
colonn1326.jpeg,colon_n/colonn1326.jpeg,colon_n,train
colonn1327.jpeg,colon_n/colonn1327.jpeg,colon_n,train
colonn1328.jpeg,colon_n/colonn1328.jpeg,colon_n,train
colonn1329.jpeg,colon_n/colonn1329.jpeg,colon_n,train
colonn133.jpeg,colon_n/colonn133.jpeg,colon_n,train
colonn1330.jpeg,colon_n/colonn1330.jpeg,colon_n,train
colonn1331.jpeg,colon_n/colonn1331.jpeg,colon_n,train
colonn1332.jpeg,colon_n/colonn1332.jpeg,colon_n,train
colonn1334.jpeg,colon_n/colonn1334.jpeg,colon_n,train
colonn1335.jpeg,colon_n/colonn1335.jpeg,colon_n,train
colonn1336.jpeg,colon_n/colonn1336.jpeg,colon_n,train
colonn1337.jpeg,colon_n/colonn1337.jpeg,colon_n,train
colonn1338.jpeg,colon_n/colonn1338.jpeg,colon_n,train
colonn1339.jpeg,colon_n/colonn1339.jpeg,colon_n,train
colonn134.jpeg,colon_n/colonn134.jpeg,colon_n,train
colonn1341.jpeg,colon_n/colonn1341.jpeg,colon_n,train
colonn1342.jpeg,colon_n/colonn1342.jpeg,colon_n,train
colonn1343.jpeg,colon_n/colonn1343.jpeg,colon_n,train
colonn1344.jpeg,colon_n/colonn1344.jpeg,colon_n,train
colonn1345.jpeg,colon_n/colonn1345.jpeg,colon_n,train
colonn1346.jpeg,colon_n/colonn1346.jpeg,colon_n,train
colonn1347.jpeg,colon_n/colonn1347.jpeg,colon_n,train
colonn1348.jpeg,colon_n/colonn1348.jpeg,colon_n,train
colonn1349.jpeg,colon_n/colonn1349.jpeg,colon_n,train
colonn1350.jpeg,colon_n/colonn1350.jpeg,colon_n,train
colonn1351.jpeg,colon_n/colonn1351.jpeg,colon_n,train
colonn1352.jpeg,colon_n/colonn1352.jpeg,colon_n,train
colonn1354.jpeg,colon_n/colonn1354.jpeg,colon_n,train
colonn1355.jpeg,colon_n/colonn1355.jpeg,colon_n,train
colonn1356.jpeg,colon_n/colonn1356.jpeg,colon_n,train
colonn1357.jpeg,colon_n/colonn1357.jpeg,colon_n,train
colonn1358.jpeg,colon_n/colonn1358.jpeg,colon_n,train
colonn1359.jpeg,colon_n/colonn1359.jpeg,colon_n,train
colonn136.jpeg,colon_n/colonn136.jpeg,colon_n,train
colonn1360.jpeg,colon_n/colonn1360.jpeg,colon_n,train
colonn1361.jpeg,colon_n/colonn1361.jpeg,colon_n,train
colonn1363.jpeg,colon_n/colonn1363.jpeg,colon_n,train
colonn1365.jpeg,colon_n/colonn1365.jpeg,colon_n,train
colonn1366.jpeg,colon_n/colonn1366.jpeg,colon_n,train
colonn1367.jpeg,colon_n/colonn1367.jpeg,colon_n,train
colonn1368.jpeg,colon_n/colonn1368.jpeg,colon_n,train
colonn1369.jpeg,colon_n/colonn1369.jpeg,colon_n,train
colonn137.jpeg,colon_n/colonn137.jpeg,colon_n,train
colonn1370.jpeg,colon_n/colonn1370.jpeg,colon_n,train
colonn1371.jpeg,colon_n/colonn1371.jpeg,colon_n,train
colonn1372.jpeg,colon_n/colonn1372.jpeg,colon_n,train
colonn1374.jpeg,colon_n/colonn1374.jpeg,colon_n,train
colonn1375.jpeg,colon_n/colonn1375.jpeg,colon_n,train
colonn1376.jpeg,colon_n/colonn1376.jpeg,colon_n,train
colonn1377.jpeg,colon_n/colonn1377.jpeg,colon_n,train
colonn1378.jpeg,colon_n/colonn1378.jpeg,colon_n,train
colonn1379.jpeg,colon_n/colonn1379.jpeg,colon_n,train
colonn138.jpeg,colon_n/colonn138.jpeg,colon_n,train
colonn1380.jpeg,colon_n/colonn1380.jpeg,colon_n,train
colonn1381.jpeg,colon_n/colonn1381.jpeg,colon_n,train
colonn1383.jpeg,colon_n/colonn1383.jpeg,colon_n,train
colonn1384.jpeg,colon_n/colonn1384.jpeg,colon_n,train
colonn1385.jpeg,colon_n/colonn1385.jpeg,colon_n,train
colonn1386.jpeg,colon_n/colonn1386.jpeg,colon_n,train
colonn1387.jpeg,colon_n/colonn1387.jpeg,colon_n,train
colonn1388.jpeg,colon_n/colonn1388.jpeg,colon_n,train
colonn1389.jpeg,colon_n/colonn1389.jpeg,colon_n,train
colonn139.jpeg,colon_n/colonn139.jpeg,colon_n,train
colonn1390.jpeg,colon_n/colonn1390.jpeg,colon_n,train
colonn1391.jpeg,colon_n/colonn1391.jpeg,colon_n,train
colonn1392.jpeg,colon_n/colonn1392.jpeg,colon_n,train
colonn1394.jpeg,colon_n/colonn1394.jpeg,colon_n,train
colonn1396.jpeg,colon_n/colonn1396.jpeg,colon_n,train
colonn1397.jpeg,colon_n/colonn1397.jpeg,colon_n,train
colonn140.jpeg,colon_n/colonn140.jpeg,colon_n,train
colonn1400.jpeg,colon_n/colonn1400.jpeg,colon_n,train
colonn1401.jpeg,colon_n/colonn1401.jpeg,colon_n,train
colonn1402.jpeg,colon_n/colonn1402.jpeg,colon_n,train
colonn1403.jpeg,colon_n/colonn1403.jpeg,colon_n,train
colonn1404.jpeg,colon_n/colonn1404.jpeg,colon_n,train
colonn1406.jpeg,colon_n/colonn1406.jpeg,colon_n,train
colonn1407.jpeg,colon_n/colonn1407.jpeg,colon_n,train
colonn1408.jpeg,colon_n/colonn1408.jpeg,colon_n,train
colonn1409.jpeg,colon_n/colonn1409.jpeg,colon_n,train
colonn141.jpeg,colon_n/colonn141.jpeg,colon_n,train
colonn1412.jpeg,colon_n/colonn1412.jpeg,colon_n,train
colonn1413.jpeg,colon_n/colonn1413.jpeg,colon_n,train
colonn1414.jpeg,colon_n/colonn1414.jpeg,colon_n,train
colonn1415.jpeg,colon_n/colonn1415.jpeg,colon_n,train
colonn1416.jpeg,colon_n/colonn1416.jpeg,colon_n,train
colonn1417.jpeg,colon_n/colonn1417.jpeg,colon_n,train
colonn1418.jpeg,colon_n/colonn1418.jpeg,colon_n,train
colonn1419.jpeg,colon_n/colonn1419.jpeg,colon_n,train
colonn142.jpeg,colon_n/colonn142.jpeg,colon_n,train
colonn1420.jpeg,colon_n/colonn1420.jpeg,colon_n,train
colonn1422.jpeg,colon_n/colonn1422.jpeg,colon_n,train
colonn1423.jpeg,colon_n/colonn1423.jpeg,colon_n,train
colonn1424.jpeg,colon_n/colonn1424.jpeg,colon_n,train
colonn1425.jpeg,colon_n/colonn1425.jpeg,colon_n,train
colonn1426.jpeg,colon_n/colonn1426.jpeg,colon_n,train
colonn1427.jpeg,colon_n/colonn1427.jpeg,colon_n,train
colonn1428.jpeg,colon_n/colonn1428.jpeg,colon_n,train
colonn1429.jpeg,colon_n/colonn1429.jpeg,colon_n,train
colonn143.jpeg,colon_n/colonn143.jpeg,colon_n,train
colonn1430.jpeg,colon_n/colonn1430.jpeg,colon_n,train
colonn1431.jpeg,colon_n/colonn1431.jpeg,colon_n,train
colonn1432.jpeg,colon_n/colonn1432.jpeg,colon_n,train
colonn1433.jpeg,colon_n/colonn1433.jpeg,colon_n,train
colonn1434.jpeg,colon_n/colonn1434.jpeg,colon_n,train
colonn1435.jpeg,colon_n/colonn1435.jpeg,colon_n,train
colonn1436.jpeg,colon_n/colonn1436.jpeg,colon_n,train
colonn1437.jpeg,colon_n/colonn1437.jpeg,colon_n,train
colonn1438.jpeg,colon_n/colonn1438.jpeg,colon_n,train
colonn144.jpeg,colon_n/colonn144.jpeg,colon_n,train
colonn1441.jpeg,colon_n/colonn1441.jpeg,colon_n,train
colonn1442.jpeg,colon_n/colonn1442.jpeg,colon_n,train
colonn1443.jpeg,colon_n/colonn1443.jpeg,colon_n,train
colonn1444.jpeg,colon_n/colonn1444.jpeg,colon_n,train
colonn1445.jpeg,colon_n/colonn1445.jpeg,colon_n,train
colonn1446.jpeg,colon_n/colonn1446.jpeg,colon_n,train
colonn1447.jpeg,colon_n/colonn1447.jpeg,colon_n,train
colonn1448.jpeg,colon_n/colonn1448.jpeg,colon_n,train
colonn1449.jpeg,colon_n/colonn1449.jpeg,colon_n,train
colonn145.jpeg,colon_n/colonn145.jpeg,colon_n,train
colonn1450.jpeg,colon_n/colonn1450.jpeg,colon_n,train
colonn1451.jpeg,colon_n/colonn1451.jpeg,colon_n,train
colonn1452.jpeg,colon_n/colonn1452.jpeg,colon_n,train
colonn1453.jpeg,colon_n/colonn1453.jpeg,colon_n,train
colonn1454.jpeg,colon_n/colonn1454.jpeg,colon_n,train
colonn1455.jpeg,colon_n/colonn1455.jpeg,colon_n,train
colonn1456.jpeg,colon_n/colonn1456.jpeg,colon_n,train
colonn1457.jpeg,colon_n/colonn1457.jpeg,colon_n,train
colonn1458.jpeg,colon_n/colonn1458.jpeg,colon_n,train
colonn1459.jpeg,colon_n/colonn1459.jpeg,colon_n,train
colonn146.jpeg,colon_n/colonn146.jpeg,colon_n,train
colonn1460.jpeg,colon_n/colonn1460.jpeg,colon_n,train
colonn1462.jpeg,colon_n/colonn1462.jpeg,colon_n,train
colonn1463.jpeg,colon_n/colonn1463.jpeg,colon_n,train
colonn1464.jpeg,colon_n/colonn1464.jpeg,colon_n,train
colonn1466.jpeg,colon_n/colonn1466.jpeg,colon_n,train
colonn1467.jpeg,colon_n/colonn1467.jpeg,colon_n,train
colonn1468.jpeg,colon_n/colonn1468.jpeg,colon_n,train
colonn147.jpeg,colon_n/colonn147.jpeg,colon_n,train
colonn1471.jpeg,colon_n/colonn1471.jpeg,colon_n,train
colonn1472.jpeg,colon_n/colonn1472.jpeg,colon_n,train
colonn1473.jpeg,colon_n/colonn1473.jpeg,colon_n,train
colonn1474.jpeg,colon_n/colonn1474.jpeg,colon_n,train
colonn1475.jpeg,colon_n/colonn1475.jpeg,colon_n,train
colonn1476.jpeg,colon_n/colonn1476.jpeg,colon_n,train
colonn1478.jpeg,colon_n/colonn1478.jpeg,colon_n,train
colonn1479.jpeg,colon_n/colonn1479.jpeg,colon_n,train
colonn148.jpeg,colon_n/colonn148.jpeg,colon_n,train
colonn1480.jpeg,colon_n/colonn1480.jpeg,colon_n,train
colonn1482.jpeg,colon_n/colonn1482.jpeg,colon_n,train
colonn1483.jpeg,colon_n/colonn1483.jpeg,colon_n,train
colonn1484.jpeg,colon_n/colonn1484.jpeg,colon_n,train
colonn1485.jpeg,colon_n/colonn1485.jpeg,colon_n,train
colonn1486.jpeg,colon_n/colonn1486.jpeg,colon_n,train
colonn1487.jpeg,colon_n/colonn1487.jpeg,colon_n,train
colonn1488.jpeg,colon_n/colonn1488.jpeg,colon_n,train
colonn1489.jpeg,colon_n/colonn1489.jpeg,colon_n,train
colonn149.jpeg,colon_n/colonn149.jpeg,colon_n,train
colonn1490.jpeg,colon_n/colonn1490.jpeg,colon_n,train
colonn1491.jpeg,colon_n/colonn1491.jpeg,colon_n,train
colonn1492.jpeg,colon_n/colonn1492.jpeg,colon_n,train
colonn1493.jpeg,colon_n/colonn1493.jpeg,colon_n,train
colonn1494.jpeg,colon_n/colonn1494.jpeg,colon_n,train
colonn1496.jpeg,colon_n/colonn1496.jpeg,colon_n,train
colonn1498.jpeg,colon_n/colonn1498.jpeg,colon_n,train
colonn1499.jpeg,colon_n/colonn1499.jpeg,colon_n,train
colonn15.jpeg,colon_n/colonn15.jpeg,colon_n,train
colonn150.jpeg,colon_n/colonn150.jpeg,colon_n,train
colonn1501.jpeg,colon_n/colonn1501.jpeg,colon_n,train
colonn1503.jpeg,colon_n/colonn1503.jpeg,colon_n,train
colonn1506.jpeg,colon_n/colonn1506.jpeg,colon_n,train
colonn1507.jpeg,colon_n/colonn1507.jpeg,colon_n,train
colonn1508.jpeg,colon_n/colonn1508.jpeg,colon_n,train
colonn1509.jpeg,colon_n/colonn1509.jpeg,colon_n,train
colonn151.jpeg,colon_n/colonn151.jpeg,colon_n,train
colonn1510.jpeg,colon_n/colonn1510.jpeg,colon_n,train
colonn1511.jpeg,colon_n/colonn1511.jpeg,colon_n,train
colonn1513.jpeg,colon_n/colonn1513.jpeg,colon_n,train
colonn1514.jpeg,colon_n/colonn1514.jpeg,colon_n,train
colonn1515.jpeg,colon_n/colonn1515.jpeg,colon_n,train
colonn1516.jpeg,colon_n/colonn1516.jpeg,colon_n,train
colonn1517.jpeg,colon_n/colonn1517.jpeg,colon_n,train
colonn1519.jpeg,colon_n/colonn1519.jpeg,colon_n,train
colonn152.jpeg,colon_n/colonn152.jpeg,colon_n,train
colonn1520.jpeg,colon_n/colonn1520.jpeg,colon_n,train
colonn1521.jpeg,colon_n/colonn1521.jpeg,colon_n,train
colonn1522.jpeg,colon_n/colonn1522.jpeg,colon_n,train
colonn1523.jpeg,colon_n/colonn1523.jpeg,colon_n,train
colonn1525.jpeg,colon_n/colonn1525.jpeg,colon_n,train
colonn1526.jpeg,colon_n/colonn1526.jpeg,colon_n,train
colonn1527.jpeg,colon_n/colonn1527.jpeg,colon_n,train
colonn1528.jpeg,colon_n/colonn1528.jpeg,colon_n,train
colonn1529.jpeg,colon_n/colonn1529.jpeg,colon_n,train
colonn1530.jpeg,colon_n/colonn1530.jpeg,colon_n,train
colonn1532.jpeg,colon_n/colonn1532.jpeg,colon_n,train
colonn1534.jpeg,colon_n/colonn1534.jpeg,colon_n,train
colonn1535.jpeg,colon_n/colonn1535.jpeg,colon_n,train
colonn1537.jpeg,colon_n/colonn1537.jpeg,colon_n,train
colonn154.jpeg,colon_n/colonn154.jpeg,colon_n,train
colonn1540.jpeg,colon_n/colonn1540.jpeg,colon_n,train
colonn1541.jpeg,colon_n/colonn1541.jpeg,colon_n,train
colonn1542.jpeg,colon_n/colonn1542.jpeg,colon_n,train
colonn1543.jpeg,colon_n/colonn1543.jpeg,colon_n,train
colonn1544.jpeg,colon_n/colonn1544.jpeg,colon_n,train
colonn1545.jpeg,colon_n/colonn1545.jpeg,colon_n,train
colonn1546.jpeg,colon_n/colonn1546.jpeg,colon_n,train
colonn1547.jpeg,colon_n/colonn1547.jpeg,colon_n,train
colonn1548.jpeg,colon_n/colonn1548.jpeg,colon_n,train
colonn1549.jpeg,colon_n/colonn1549.jpeg,colon_n,train
colonn155.jpeg,colon_n/colonn155.jpeg,colon_n,train
colonn1550.jpeg,colon_n/colonn1550.jpeg,colon_n,train
colonn1551.jpeg,colon_n/colonn1551.jpeg,colon_n,train
colonn1552.jpeg,colon_n/colonn1552.jpeg,colon_n,train
colonn1553.jpeg,colon_n/colonn1553.jpeg,colon_n,train
colonn1555.jpeg,colon_n/colonn1555.jpeg,colon_n,train
colonn1556.jpeg,colon_n/colonn1556.jpeg,colon_n,train
colonn1557.jpeg,colon_n/colonn1557.jpeg,colon_n,train
colonn1558.jpeg,colon_n/colonn1558.jpeg,colon_n,train
colonn156.jpeg,colon_n/colonn156.jpeg,colon_n,train
colonn1560.jpeg,colon_n/colonn1560.jpeg,colon_n,train
colonn1561.jpeg,colon_n/colonn1561.jpeg,colon_n,train
colonn1563.jpeg,colon_n/colonn1563.jpeg,colon_n,train
colonn1564.jpeg,colon_n/colonn1564.jpeg,colon_n,train
colonn1565.jpeg,colon_n/colonn1565.jpeg,colon_n,train
colonn1566.jpeg,colon_n/colonn1566.jpeg,colon_n,train
colonn1568.jpeg,colon_n/colonn1568.jpeg,colon_n,train
colonn1569.jpeg,colon_n/colonn1569.jpeg,colon_n,train
colonn1570.jpeg,colon_n/colonn1570.jpeg,colon_n,train
colonn1571.jpeg,colon_n/colonn1571.jpeg,colon_n,train
colonn1573.jpeg,colon_n/colonn1573.jpeg,colon_n,train
colonn1574.jpeg,colon_n/colonn1574.jpeg,colon_n,train
colonn1575.jpeg,colon_n/colonn1575.jpeg,colon_n,train
colonn1576.jpeg,colon_n/colonn1576.jpeg,colon_n,train
colonn1578.jpeg,colon_n/colonn1578.jpeg,colon_n,train
colonn1579.jpeg,colon_n/colonn1579.jpeg,colon_n,train
colonn158.jpeg,colon_n/colonn158.jpeg,colon_n,train
colonn1580.jpeg,colon_n/colonn1580.jpeg,colon_n,train
colonn1581.jpeg,colon_n/colonn1581.jpeg,colon_n,train
colonn1583.jpeg,colon_n/colonn1583.jpeg,colon_n,train
colonn1584.jpeg,colon_n/colonn1584.jpeg,colon_n,train
colonn1585.jpeg,colon_n/colonn1585.jpeg,colon_n,train
colonn1586.jpeg,colon_n/colonn1586.jpeg,colon_n,train
colonn1587.jpeg,colon_n/colonn1587.jpeg,colon_n,train
colonn1588.jpeg,colon_n/colonn1588.jpeg,colon_n,train
colonn1591.jpeg,colon_n/colonn1591.jpeg,colon_n,train
colonn1592.jpeg,colon_n/colonn1592.jpeg,colon_n,train
colonn1593.jpeg,colon_n/colonn1593.jpeg,colon_n,train
colonn1594.jpeg,colon_n/colonn1594.jpeg,colon_n,train
colonn1595.jpeg,colon_n/colonn1595.jpeg,colon_n,train
colonn1596.jpeg,colon_n/colonn1596.jpeg,colon_n,train
colonn1597.jpeg,colon_n/colonn1597.jpeg,colon_n,train
colonn1598.jpeg,colon_n/colonn1598.jpeg,colon_n,train
colonn1599.jpeg,colon_n/colonn1599.jpeg,colon_n,train
colonn16.jpeg,colon_n/colonn16.jpeg,colon_n,train
colonn160.jpeg,colon_n/colonn160.jpeg,colon_n,train
colonn1600.jpeg,colon_n/colonn1600.jpeg,colon_n,train
colonn1601.jpeg,colon_n/colonn1601.jpeg,colon_n,train
colonn1603.jpeg,colon_n/colonn1603.jpeg,colon_n,train
colonn1604.jpeg,colon_n/colonn1604.jpeg,colon_n,train
colonn1606.jpeg,colon_n/colonn1606.jpeg,colon_n,train
colonn1607.jpeg,colon_n/colonn1607.jpeg,colon_n,train
colonn1608.jpeg,colon_n/colonn1608.jpeg,colon_n,train
colonn1609.jpeg,colon_n/colonn1609.jpeg,colon_n,train
colonn161.jpeg,colon_n/colonn161.jpeg,colon_n,train
colonn1610.jpeg,colon_n/colonn1610.jpeg,colon_n,train
colonn1612.jpeg,colon_n/colonn1612.jpeg,colon_n,train
colonn1613.jpeg,colon_n/colonn1613.jpeg,colon_n,train
colonn1614.jpeg,colon_n/colonn1614.jpeg,colon_n,train
colonn1615.jpeg,colon_n/colonn1615.jpeg,colon_n,train
colonn1617.jpeg,colon_n/colonn1617.jpeg,colon_n,train
colonn1618.jpeg,colon_n/colonn1618.jpeg,colon_n,train
colonn1619.jpeg,colon_n/colonn1619.jpeg,colon_n,train
colonn1620.jpeg,colon_n/colonn1620.jpeg,colon_n,train
colonn1621.jpeg,colon_n/colonn1621.jpeg,colon_n,train
colonn1622.jpeg,colon_n/colonn1622.jpeg,colon_n,train
colonn1623.jpeg,colon_n/colonn1623.jpeg,colon_n,train
colonn1624.jpeg,colon_n/colonn1624.jpeg,colon_n,train
colonn1625.jpeg,colon_n/colonn1625.jpeg,colon_n,train
colonn1627.jpeg,colon_n/colonn1627.jpeg,colon_n,train
colonn1628.jpeg,colon_n/colonn1628.jpeg,colon_n,train
colonn1629.jpeg,colon_n/colonn1629.jpeg,colon_n,train
colonn163.jpeg,colon_n/colonn163.jpeg,colon_n,train
colonn1631.jpeg,colon_n/colonn1631.jpeg,colon_n,train
colonn1632.jpeg,colon_n/colonn1632.jpeg,colon_n,train
colonn1633.jpeg,colon_n/colonn1633.jpeg,colon_n,train
colonn1634.jpeg,colon_n/colonn1634.jpeg,colon_n,train
colonn1635.jpeg,colon_n/colonn1635.jpeg,colon_n,train
colonn1637.jpeg,colon_n/colonn1637.jpeg,colon_n,train
colonn1638.jpeg,colon_n/colonn1638.jpeg,colon_n,train
colonn164.jpeg,colon_n/colonn164.jpeg,colon_n,train
colonn1640.jpeg,colon_n/colonn1640.jpeg,colon_n,train
colonn1641.jpeg,colon_n/colonn1641.jpeg,colon_n,train
colonn1642.jpeg,colon_n/colonn1642.jpeg,colon_n,train
colonn1644.jpeg,colon_n/colonn1644.jpeg,colon_n,train
colonn1645.jpeg,colon_n/colonn1645.jpeg,colon_n,train
colonn1646.jpeg,colon_n/colonn1646.jpeg,colon_n,train
colonn1647.jpeg,colon_n/colonn1647.jpeg,colon_n,train
colonn1648.jpeg,colon_n/colonn1648.jpeg,colon_n,train
colonn165.jpeg,colon_n/colonn165.jpeg,colon_n,train
colonn1650.jpeg,colon_n/colonn1650.jpeg,colon_n,train
colonn1651.jpeg,colon_n/colonn1651.jpeg,colon_n,train
colonn1652.jpeg,colon_n/colonn1652.jpeg,colon_n,train
colonn1653.jpeg,colon_n/colonn1653.jpeg,colon_n,train
colonn1654.jpeg,colon_n/colonn1654.jpeg,colon_n,train
colonn1655.jpeg,colon_n/colonn1655.jpeg,colon_n,train
colonn1656.jpeg,colon_n/colonn1656.jpeg,colon_n,train
colonn1658.jpeg,colon_n/colonn1658.jpeg,colon_n,train
colonn166.jpeg,colon_n/colonn166.jpeg,colon_n,train
colonn1660.jpeg,colon_n/colonn1660.jpeg,colon_n,train
colonn1661.jpeg,colon_n/colonn1661.jpeg,colon_n,train
colonn1662.jpeg,colon_n/colonn1662.jpeg,colon_n,train
colonn1664.jpeg,colon_n/colonn1664.jpeg,colon_n,train
colonn1665.jpeg,colon_n/colonn1665.jpeg,colon_n,train
colonn1667.jpeg,colon_n/colonn1667.jpeg,colon_n,train
colonn1668.jpeg,colon_n/colonn1668.jpeg,colon_n,train
colonn1669.jpeg,colon_n/colonn1669.jpeg,colon_n,train
colonn167.jpeg,colon_n/colonn167.jpeg,colon_n,train
colonn1671.jpeg,colon_n/colonn1671.jpeg,colon_n,train
colonn1673.jpeg,colon_n/colonn1673.jpeg,colon_n,train
colonn1674.jpeg,colon_n/colonn1674.jpeg,colon_n,train
colonn1675.jpeg,colon_n/colonn1675.jpeg,colon_n,train
colonn1676.jpeg,colon_n/colonn1676.jpeg,colon_n,train
colonn1678.jpeg,colon_n/colonn1678.jpeg,colon_n,train
colonn1679.jpeg,colon_n/colonn1679.jpeg,colon_n,train
colonn168.jpeg,colon_n/colonn168.jpeg,colon_n,train
colonn1680.jpeg,colon_n/colonn1680.jpeg,colon_n,train
colonn1681.jpeg,colon_n/colonn1681.jpeg,colon_n,train
colonn1683.jpeg,colon_n/colonn1683.jpeg,colon_n,train
colonn1685.jpeg,colon_n/colonn1685.jpeg,colon_n,train
colonn1688.jpeg,colon_n/colonn1688.jpeg,colon_n,train
colonn1689.jpeg,colon_n/colonn1689.jpeg,colon_n,train
colonn169.jpeg,colon_n/colonn169.jpeg,colon_n,train
colonn1690.jpeg,colon_n/colonn1690.jpeg,colon_n,train
colonn1692.jpeg,colon_n/colonn1692.jpeg,colon_n,train
colonn1693.jpeg,colon_n/colonn1693.jpeg,colon_n,train
colonn1694.jpeg,colon_n/colonn1694.jpeg,colon_n,train
colonn1695.jpeg,colon_n/colonn1695.jpeg,colon_n,train
colonn1696.jpeg,colon_n/colonn1696.jpeg,colon_n,train
colonn1697.jpeg,colon_n/colonn1697.jpeg,colon_n,train
colonn1698.jpeg,colon_n/colonn1698.jpeg,colon_n,train
colonn17.jpeg,colon_n/colonn17.jpeg,colon_n,train
colonn170.jpeg,colon_n/colonn170.jpeg,colon_n,train
colonn1700.jpeg,colon_n/colonn1700.jpeg,colon_n,train
colonn1701.jpeg,colon_n/colonn1701.jpeg,colon_n,train
colonn1703.jpeg,colon_n/colonn1703.jpeg,colon_n,train
colonn1705.jpeg,colon_n/colonn1705.jpeg,colon_n,train
colonn1707.jpeg,colon_n/colonn1707.jpeg,colon_n,train
colonn1709.jpeg,colon_n/colonn1709.jpeg,colon_n,train
colonn171.jpeg,colon_n/colonn171.jpeg,colon_n,train
colonn1710.jpeg,colon_n/colonn1710.jpeg,colon_n,train
colonn1711.jpeg,colon_n/colonn1711.jpeg,colon_n,train
colonn1712.jpeg,colon_n/colonn1712.jpeg,colon_n,train
colonn1713.jpeg,colon_n/colonn1713.jpeg,colon_n,train
colonn1714.jpeg,colon_n/colonn1714.jpeg,colon_n,train
colonn1715.jpeg,colon_n/colonn1715.jpeg,colon_n,train
colonn1716.jpeg,colon_n/colonn1716.jpeg,colon_n,train
colonn1717.jpeg,colon_n/colonn1717.jpeg,colon_n,train
colonn1718.jpeg,colon_n/colonn1718.jpeg,colon_n,train
colonn172.jpeg,colon_n/colonn172.jpeg,colon_n,train
colonn1720.jpeg,colon_n/colonn1720.jpeg,colon_n,train
colonn1721.jpeg,colon_n/colonn1721.jpeg,colon_n,train
colonn1723.jpeg,colon_n/colonn1723.jpeg,colon_n,train
colonn1724.jpeg,colon_n/colonn1724.jpeg,colon_n,train
colonn1725.jpeg,colon_n/colonn1725.jpeg,colon_n,train
colonn1726.jpeg,colon_n/colonn1726.jpeg,colon_n,train
colonn1727.jpeg,colon_n/colonn1727.jpeg,colon_n,train
colonn1729.jpeg,colon_n/colonn1729.jpeg,colon_n,train
colonn173.jpeg,colon_n/colonn173.jpeg,colon_n,train
colonn1730.jpeg,colon_n/colonn1730.jpeg,colon_n,train
colonn1731.jpeg,colon_n/colonn1731.jpeg,colon_n,train
colonn1732.jpeg,colon_n/colonn1732.jpeg,colon_n,train
colonn1733.jpeg,colon_n/colonn1733.jpeg,colon_n,train
colonn1734.jpeg,colon_n/colonn1734.jpeg,colon_n,train
colonn1737.jpeg,colon_n/colonn1737.jpeg,colon_n,train
colonn1739.jpeg,colon_n/colonn1739.jpeg,colon_n,train
colonn174.jpeg,colon_n/colonn174.jpeg,colon_n,train
colonn1740.jpeg,colon_n/colonn1740.jpeg,colon_n,train
colonn1742.jpeg,colon_n/colonn1742.jpeg,colon_n,train
colonn1744.jpeg,colon_n/colonn1744.jpeg,colon_n,train
colonn1745.jpeg,colon_n/colonn1745.jpeg,colon_n,train
colonn1746.jpeg,colon_n/colonn1746.jpeg,colon_n,train
colonn1747.jpeg,colon_n/colonn1747.jpeg,colon_n,train
colonn1748.jpeg,colon_n/colonn1748.jpeg,colon_n,train
colonn1749.jpeg,colon_n/colonn1749.jpeg,colon_n,train
colonn175.jpeg,colon_n/colonn175.jpeg,colon_n,train
colonn1750.jpeg,colon_n/colonn1750.jpeg,colon_n,train
colonn1751.jpeg,colon_n/colonn1751.jpeg,colon_n,train
colonn1753.jpeg,colon_n/colonn1753.jpeg,colon_n,train
colonn1754.jpeg,colon_n/colonn1754.jpeg,colon_n,train
colonn1755.jpeg,colon_n/colonn1755.jpeg,colon_n,train
colonn1756.jpeg,colon_n/colonn1756.jpeg,colon_n,train
colonn1757.jpeg,colon_n/colonn1757.jpeg,colon_n,train
colonn1759.jpeg,colon_n/colonn1759.jpeg,colon_n,train
colonn1760.jpeg,colon_n/colonn1760.jpeg,colon_n,train
colonn1761.jpeg,colon_n/colonn1761.jpeg,colon_n,train
colonn1762.jpeg,colon_n/colonn1762.jpeg,colon_n,train
colonn1763.jpeg,colon_n/colonn1763.jpeg,colon_n,train
colonn1764.jpeg,colon_n/colonn1764.jpeg,colon_n,train
colonn1766.jpeg,colon_n/colonn1766.jpeg,colon_n,train
colonn1767.jpeg,colon_n/colonn1767.jpeg,colon_n,train
colonn1768.jpeg,colon_n/colonn1768.jpeg,colon_n,train
colonn1769.jpeg,colon_n/colonn1769.jpeg,colon_n,train
colonn177.jpeg,colon_n/colonn177.jpeg,colon_n,train
colonn1770.jpeg,colon_n/colonn1770.jpeg,colon_n,train
colonn1771.jpeg,colon_n/colonn1771.jpeg,colon_n,train
colonn1772.jpeg,colon_n/colonn1772.jpeg,colon_n,train
colonn1773.jpeg,colon_n/colonn1773.jpeg,colon_n,train
colonn1774.jpeg,colon_n/colonn1774.jpeg,colon_n,train
colonn1775.jpeg,colon_n/colonn1775.jpeg,colon_n,train
colonn1776.jpeg,colon_n/colonn1776.jpeg,colon_n,train
colonn1777.jpeg,colon_n/colonn1777.jpeg,colon_n,train
colonn1778.jpeg,colon_n/colonn1778.jpeg,colon_n,train
colonn1779.jpeg,colon_n/colonn1779.jpeg,colon_n,train
colonn178.jpeg,colon_n/colonn178.jpeg,colon_n,train
colonn1780.jpeg,colon_n/colonn1780.jpeg,colon_n,train
colonn1782.jpeg,colon_n/colonn1782.jpeg,colon_n,train
colonn1783.jpeg,colon_n/colonn1783.jpeg,colon_n,train
colonn1786.jpeg,colon_n/colonn1786.jpeg,colon_n,train
colonn1787.jpeg,colon_n/colonn1787.jpeg,colon_n,train
colonn1788.jpeg,colon_n/colonn1788.jpeg,colon_n,train
colonn1789.jpeg,colon_n/colonn1789.jpeg,colon_n,train
colonn179.jpeg,colon_n/colonn179.jpeg,colon_n,train
colonn1791.jpeg,colon_n/colonn1791.jpeg,colon_n,train
colonn1792.jpeg,colon_n/colonn1792.jpeg,colon_n,train
colonn1793.jpeg,colon_n/colonn1793.jpeg,colon_n,train
colonn1794.jpeg,colon_n/colonn1794.jpeg,colon_n,train
colonn1795.jpeg,colon_n/colonn1795.jpeg,colon_n,train
colonn1796.jpeg,colon_n/colonn1796.jpeg,colon_n,train
colonn1797.jpeg,colon_n/colonn1797.jpeg,colon_n,train
colonn1798.jpeg,colon_n/colonn1798.jpeg,colon_n,train
colonn1799.jpeg,colon_n/colonn1799.jpeg,colon_n,train
colonn180.jpeg,colon_n/colonn180.jpeg,colon_n,train
colonn1801.jpeg,colon_n/colonn1801.jpeg,colon_n,train
colonn1802.jpeg,colon_n/colonn1802.jpeg,colon_n,train
colonn1803.jpeg,colon_n/colonn1803.jpeg,colon_n,train
colonn1804.jpeg,colon_n/colonn1804.jpeg,colon_n,train
colonn1805.jpeg,colon_n/colonn1805.jpeg,colon_n,train
colonn1806.jpeg,colon_n/colonn1806.jpeg,colon_n,train
colonn1807.jpeg,colon_n/colonn1807.jpeg,colon_n,train
colonn1808.jpeg,colon_n/colonn1808.jpeg,colon_n,train
colonn1809.jpeg,colon_n/colonn1809.jpeg,colon_n,train
colonn181.jpeg,colon_n/colonn181.jpeg,colon_n,train
colonn1810.jpeg,colon_n/colonn1810.jpeg,colon_n,train
colonn1811.jpeg,colon_n/colonn1811.jpeg,colon_n,train
colonn1813.jpeg,colon_n/colonn1813.jpeg,colon_n,train
colonn1814.jpeg,colon_n/colonn1814.jpeg,colon_n,train
colonn1815.jpeg,colon_n/colonn1815.jpeg,colon_n,train
colonn1816.jpeg,colon_n/colonn1816.jpeg,colon_n,train
colonn1817.jpeg,colon_n/colonn1817.jpeg,colon_n,train
colonn1818.jpeg,colon_n/colonn1818.jpeg,colon_n,train
colonn1819.jpeg,colon_n/colonn1819.jpeg,colon_n,train
colonn182.jpeg,colon_n/colonn182.jpeg,colon_n,train
colonn1820.jpeg,colon_n/colonn1820.jpeg,colon_n,train
colonn1821.jpeg,colon_n/colonn1821.jpeg,colon_n,train
colonn1822.jpeg,colon_n/colonn1822.jpeg,colon_n,train
colonn1823.jpeg,colon_n/colonn1823.jpeg,colon_n,train
colonn1824.jpeg,colon_n/colonn1824.jpeg,colon_n,train
colonn1825.jpeg,colon_n/colonn1825.jpeg,colon_n,train
colonn1826.jpeg,colon_n/colonn1826.jpeg,colon_n,train
colonn1827.jpeg,colon_n/colonn1827.jpeg,colon_n,train
colonn1828.jpeg,colon_n/colonn1828.jpeg,colon_n,train
colonn1829.jpeg,colon_n/colonn1829.jpeg,colon_n,train
colonn183.jpeg,colon_n/colonn183.jpeg,colon_n,train
colonn1830.jpeg,colon_n/colonn1830.jpeg,colon_n,train
colonn1832.jpeg,colon_n/colonn1832.jpeg,colon_n,train
colonn1833.jpeg,colon_n/colonn1833.jpeg,colon_n,train
colonn1835.jpeg,colon_n/colonn1835.jpeg,colon_n,train
colonn1836.jpeg,colon_n/colonn1836.jpeg,colon_n,train
colonn1837.jpeg,colon_n/colonn1837.jpeg,colon_n,train
colonn1838.jpeg,colon_n/colonn1838.jpeg,colon_n,train
colonn1839.jpeg,colon_n/colonn1839.jpeg,colon_n,train
colonn184.jpeg,colon_n/colonn184.jpeg,colon_n,train
colonn1840.jpeg,colon_n/colonn1840.jpeg,colon_n,train
colonn1841.jpeg,colon_n/colonn1841.jpeg,colon_n,train
colonn1842.jpeg,colon_n/colonn1842.jpeg,colon_n,train
colonn1845.jpeg,colon_n/colonn1845.jpeg,colon_n,train
colonn1846.jpeg,colon_n/colonn1846.jpeg,colon_n,train
colonn1847.jpeg,colon_n/colonn1847.jpeg,colon_n,train
colonn1848.jpeg,colon_n/colonn1848.jpeg,colon_n,train
colonn1849.jpeg,colon_n/colonn1849.jpeg,colon_n,train
colonn185.jpeg,colon_n/colonn185.jpeg,colon_n,train
colonn1850.jpeg,colon_n/colonn1850.jpeg,colon_n,train
colonn1851.jpeg,colon_n/colonn1851.jpeg,colon_n,train
colonn1852.jpeg,colon_n/colonn1852.jpeg,colon_n,train
colonn1853.jpeg,colon_n/colonn1853.jpeg,colon_n,train
colonn1854.jpeg,colon_n/colonn1854.jpeg,colon_n,train
colonn1855.jpeg,colon_n/colonn1855.jpeg,colon_n,train
colonn1857.jpeg,colon_n/colonn1857.jpeg,colon_n,train
colonn1858.jpeg,colon_n/colonn1858.jpeg,colon_n,train
colonn1859.jpeg,colon_n/colonn1859.jpeg,colon_n,train
colonn186.jpeg,colon_n/colonn186.jpeg,colon_n,train
colonn1860.jpeg,colon_n/colonn1860.jpeg,colon_n,train
colonn1862.jpeg,colon_n/colonn1862.jpeg,colon_n,train
colonn1863.jpeg,colon_n/colonn1863.jpeg,colon_n,train
colonn1864.jpeg,colon_n/colonn1864.jpeg,colon_n,train
colonn1866.jpeg,colon_n/colonn1866.jpeg,colon_n,train
colonn1867.jpeg,colon_n/colonn1867.jpeg,colon_n,train
colonn1869.jpeg,colon_n/colonn1869.jpeg,colon_n,train
colonn187.jpeg,colon_n/colonn187.jpeg,colon_n,train
colonn1870.jpeg,colon_n/colonn1870.jpeg,colon_n,train
colonn1872.jpeg,colon_n/colonn1872.jpeg,colon_n,train
colonn1873.jpeg,colon_n/colonn1873.jpeg,colon_n,train
colonn1874.jpeg,colon_n/colonn1874.jpeg,colon_n,train
colonn1875.jpeg,colon_n/colonn1875.jpeg,colon_n,train
colonn1876.jpeg,colon_n/colonn1876.jpeg,colon_n,train
colonn1878.jpeg,colon_n/colonn1878.jpeg,colon_n,train
colonn1879.jpeg,colon_n/colonn1879.jpeg,colon_n,train
colonn1880.jpeg,colon_n/colonn1880.jpeg,colon_n,train
colonn1882.jpeg,colon_n/colonn1882.jpeg,colon_n,train
colonn1884.jpeg,colon_n/colonn1884.jpeg,colon_n,train
colonn1885.jpeg,colon_n/colonn1885.jpeg,colon_n,train
colonn1886.jpeg,colon_n/colonn1886.jpeg,colon_n,train
colonn1888.jpeg,colon_n/colonn1888.jpeg,colon_n,train
colonn1889.jpeg,colon_n/colonn1889.jpeg,colon_n,train
colonn189.jpeg,colon_n/colonn189.jpeg,colon_n,train
colonn1890.jpeg,colon_n/colonn1890.jpeg,colon_n,train
colonn1891.jpeg,colon_n/colonn1891.jpeg,colon_n,train
colonn1892.jpeg,colon_n/colonn1892.jpeg,colon_n,train
colonn1894.jpeg,colon_n/colonn1894.jpeg,colon_n,train
colonn1895.jpeg,colon_n/colonn1895.jpeg,colon_n,train
colonn1896.jpeg,colon_n/colonn1896.jpeg,colon_n,train
colonn1897.jpeg,colon_n/colonn1897.jpeg,colon_n,train
colonn1898.jpeg,colon_n/colonn1898.jpeg,colon_n,train
colonn190.jpeg,colon_n/colonn190.jpeg,colon_n,train
colonn1900.jpeg,colon_n/colonn1900.jpeg,colon_n,train
colonn1901.jpeg,colon_n/colonn1901.jpeg,colon_n,train
colonn1902.jpeg,colon_n/colonn1902.jpeg,colon_n,train
colonn1903.jpeg,colon_n/colonn1903.jpeg,colon_n,train
colonn1904.jpeg,colon_n/colonn1904.jpeg,colon_n,train
colonn1905.jpeg,colon_n/colonn1905.jpeg,colon_n,train
colonn1906.jpeg,colon_n/colonn1906.jpeg,colon_n,train
colonn1908.jpeg,colon_n/colonn1908.jpeg,colon_n,train
colonn1909.jpeg,colon_n/colonn1909.jpeg,colon_n,train
colonn191.jpeg,colon_n/colonn191.jpeg,colon_n,train
colonn1910.jpeg,colon_n/colonn1910.jpeg,colon_n,train
colonn1911.jpeg,colon_n/colonn1911.jpeg,colon_n,train
colonn1912.jpeg,colon_n/colonn1912.jpeg,colon_n,train
colonn1913.jpeg,colon_n/colonn1913.jpeg,colon_n,train
colonn1914.jpeg,colon_n/colonn1914.jpeg,colon_n,train
colonn1915.jpeg,colon_n/colonn1915.jpeg,colon_n,train
colonn1916.jpeg,colon_n/colonn1916.jpeg,colon_n,train
colonn1917.jpeg,colon_n/colonn1917.jpeg,colon_n,train
colonn1918.jpeg,colon_n/colonn1918.jpeg,colon_n,train
colonn1919.jpeg,colon_n/colonn1919.jpeg,colon_n,train
colonn192.jpeg,colon_n/colonn192.jpeg,colon_n,train
colonn1921.jpeg,colon_n/colonn1921.jpeg,colon_n,train
colonn1922.jpeg,colon_n/colonn1922.jpeg,colon_n,train
colonn1923.jpeg,colon_n/colonn1923.jpeg,colon_n,train
colonn1924.jpeg,colon_n/colonn1924.jpeg,colon_n,train
colonn1925.jpeg,colon_n/colonn1925.jpeg,colon_n,train
colonn1927.jpeg,colon_n/colonn1927.jpeg,colon_n,train
colonn1928.jpeg,colon_n/colonn1928.jpeg,colon_n,train
colonn1929.jpeg,colon_n/colonn1929.jpeg,colon_n,train
colonn193.jpeg,colon_n/colonn193.jpeg,colon_n,train
colonn1931.jpeg,colon_n/colonn1931.jpeg,colon_n,train
colonn1932.jpeg,colon_n/colonn1932.jpeg,colon_n,train
colonn1933.jpeg,colon_n/colonn1933.jpeg,colon_n,train
colonn1934.jpeg,colon_n/colonn1934.jpeg,colon_n,train
colonn1935.jpeg,colon_n/colonn1935.jpeg,colon_n,train
colonn1936.jpeg,colon_n/colonn1936.jpeg,colon_n,train
colonn1937.jpeg,colon_n/colonn1937.jpeg,colon_n,train
colonn1938.jpeg,colon_n/colonn1938.jpeg,colon_n,train
colonn1939.jpeg,colon_n/colonn1939.jpeg,colon_n,train
colonn194.jpeg,colon_n/colonn194.jpeg,colon_n,train
colonn1940.jpeg,colon_n/colonn1940.jpeg,colon_n,train
colonn1943.jpeg,colon_n/colonn1943.jpeg,colon_n,train
colonn1945.jpeg,colon_n/colonn1945.jpeg,colon_n,train
colonn1946.jpeg,colon_n/colonn1946.jpeg,colon_n,train
colonn1947.jpeg,colon_n/colonn1947.jpeg,colon_n,train
colonn1948.jpeg,colon_n/colonn1948.jpeg,colon_n,train
colonn1949.jpeg,colon_n/colonn1949.jpeg,colon_n,train
colonn195.jpeg,colon_n/colonn195.jpeg,colon_n,train
colonn1950.jpeg,colon_n/colonn1950.jpeg,colon_n,train
colonn1951.jpeg,colon_n/colonn1951.jpeg,colon_n,train
colonn1952.jpeg,colon_n/colonn1952.jpeg,colon_n,train
colonn1953.jpeg,colon_n/colonn1953.jpeg,colon_n,train
colonn1954.jpeg,colon_n/colonn1954.jpeg,colon_n,train
colonn1955.jpeg,colon_n/colonn1955.jpeg,colon_n,train
colonn1956.jpeg,colon_n/colonn1956.jpeg,colon_n,train
colonn1957.jpeg,colon_n/colonn1957.jpeg,colon_n,train
colonn1959.jpeg,colon_n/colonn1959.jpeg,colon_n,train
colonn1960.jpeg,colon_n/colonn1960.jpeg,colon_n,train
colonn1961.jpeg,colon_n/colonn1961.jpeg,colon_n,train
colonn1962.jpeg,colon_n/colonn1962.jpeg,colon_n,train
colonn1963.jpeg,colon_n/colonn1963.jpeg,colon_n,train
colonn1964.jpeg,colon_n/colonn1964.jpeg,colon_n,train
colonn1965.jpeg,colon_n/colonn1965.jpeg,colon_n,train
colonn1968.jpeg,colon_n/colonn1968.jpeg,colon_n,train
colonn1969.jpeg,colon_n/colonn1969.jpeg,colon_n,train
colonn1970.jpeg,colon_n/colonn1970.jpeg,colon_n,train
colonn1971.jpeg,colon_n/colonn1971.jpeg,colon_n,train
colonn1972.jpeg,colon_n/colonn1972.jpeg,colon_n,train
colonn1973.jpeg,colon_n/colonn1973.jpeg,colon_n,train
colonn1975.jpeg,colon_n/colonn1975.jpeg,colon_n,train
colonn1976.jpeg,colon_n/colonn1976.jpeg,colon_n,train
colonn1977.jpeg,colon_n/colonn1977.jpeg,colon_n,train
colonn1978.jpeg,colon_n/colonn1978.jpeg,colon_n,train
colonn1979.jpeg,colon_n/colonn1979.jpeg,colon_n,train
colonn198.jpeg,colon_n/colonn198.jpeg,colon_n,train
colonn1980.jpeg,colon_n/colonn1980.jpeg,colon_n,train
colonn1981.jpeg,colon_n/colonn1981.jpeg,colon_n,train
colonn1982.jpeg,colon_n/colonn1982.jpeg,colon_n,train
colonn1983.jpeg,colon_n/colonn1983.jpeg,colon_n,train
colonn1984.jpeg,colon_n/colonn1984.jpeg,colon_n,train
colonn1985.jpeg,colon_n/colonn1985.jpeg,colon_n,train
colonn1987.jpeg,colon_n/colonn1987.jpeg,colon_n,train
colonn1988.jpeg,colon_n/colonn1988.jpeg,colon_n,train
colonn1989.jpeg,colon_n/colonn1989.jpeg,colon_n,train
colonn1991.jpeg,colon_n/colonn1991.jpeg,colon_n,train
colonn1993.jpeg,colon_n/colonn1993.jpeg,colon_n,train
colonn1994.jpeg,colon_n/colonn1994.jpeg,colon_n,train
colonn1996.jpeg,colon_n/colonn1996.jpeg,colon_n,train
colonn1997.jpeg,colon_n/colonn1997.jpeg,colon_n,train
colonn1998.jpeg,colon_n/colonn1998.jpeg,colon_n,train
colonn1999.jpeg,colon_n/colonn1999.jpeg,colon_n,train
colonn2.jpeg,colon_n/colonn2.jpeg,colon_n,train
colonn20.jpeg,colon_n/colonn20.jpeg,colon_n,train
colonn200.jpeg,colon_n/colonn200.jpeg,colon_n,train
colonn2000.jpeg,colon_n/colonn2000.jpeg,colon_n,train
colonn2001.jpeg,colon_n/colonn2001.jpeg,colon_n,train
colonn2004.jpeg,colon_n/colonn2004.jpeg,colon_n,train
colonn2006.jpeg,colon_n/colonn2006.jpeg,colon_n,train
colonn2007.jpeg,colon_n/colonn2007.jpeg,colon_n,train
colonn2008.jpeg,colon_n/colonn2008.jpeg,colon_n,train
colonn2009.jpeg,colon_n/colonn2009.jpeg,colon_n,train
colonn201.jpeg,colon_n/colonn201.jpeg,colon_n,train
colonn2010.jpeg,colon_n/colonn2010.jpeg,colon_n,train
colonn2011.jpeg,colon_n/colonn2011.jpeg,colon_n,train
colonn2013.jpeg,colon_n/colonn2013.jpeg,colon_n,train
colonn2014.jpeg,colon_n/colonn2014.jpeg,colon_n,train
colonn2015.jpeg,colon_n/colonn2015.jpeg,colon_n,train
colonn2017.jpeg,colon_n/colonn2017.jpeg,colon_n,train
colonn2018.jpeg,colon_n/colonn2018.jpeg,colon_n,train
colonn2019.jpeg,colon_n/colonn2019.jpeg,colon_n,train
colonn202.jpeg,colon_n/colonn202.jpeg,colon_n,train
colonn2020.jpeg,colon_n/colonn2020.jpeg,colon_n,train
colonn2021.jpeg,colon_n/colonn2021.jpeg,colon_n,train
colonn2023.jpeg,colon_n/colonn2023.jpeg,colon_n,train
colonn2024.jpeg,colon_n/colonn2024.jpeg,colon_n,train
colonn2025.jpeg,colon_n/colonn2025.jpeg,colon_n,train
colonn2026.jpeg,colon_n/colonn2026.jpeg,colon_n,train
colonn2027.jpeg,colon_n/colonn2027.jpeg,colon_n,train
colonn2028.jpeg,colon_n/colonn2028.jpeg,colon_n,train
colonn2029.jpeg,colon_n/colonn2029.jpeg,colon_n,train
colonn2030.jpeg,colon_n/colonn2030.jpeg,colon_n,train
colonn2031.jpeg,colon_n/colonn2031.jpeg,colon_n,train
colonn2033.jpeg,colon_n/colonn2033.jpeg,colon_n,train
colonn2034.jpeg,colon_n/colonn2034.jpeg,colon_n,train
colonn2035.jpeg,colon_n/colonn2035.jpeg,colon_n,train
colonn2036.jpeg,colon_n/colonn2036.jpeg,colon_n,train
colonn2037.jpeg,colon_n/colonn2037.jpeg,colon_n,train
colonn2038.jpeg,colon_n/colonn2038.jpeg,colon_n,train
colonn2039.jpeg,colon_n/colonn2039.jpeg,colon_n,train
colonn204.jpeg,colon_n/colonn204.jpeg,colon_n,train
colonn2042.jpeg,colon_n/colonn2042.jpeg,colon_n,train
colonn2043.jpeg,colon_n/colonn2043.jpeg,colon_n,train
colonn2044.jpeg,colon_n/colonn2044.jpeg,colon_n,train
colonn2045.jpeg,colon_n/colonn2045.jpeg,colon_n,train
colonn2046.jpeg,colon_n/colonn2046.jpeg,colon_n,train
colonn2047.jpeg,colon_n/colonn2047.jpeg,colon_n,train
colonn2049.jpeg,colon_n/colonn2049.jpeg,colon_n,train
colonn205.jpeg,colon_n/colonn205.jpeg,colon_n,train
colonn2051.jpeg,colon_n/colonn2051.jpeg,colon_n,train
colonn2052.jpeg,colon_n/colonn2052.jpeg,colon_n,train
colonn2053.jpeg,colon_n/colonn2053.jpeg,colon_n,train
colonn2054.jpeg,colon_n/colonn2054.jpeg,colon_n,train
colonn2055.jpeg,colon_n/colonn2055.jpeg,colon_n,train
colonn2056.jpeg,colon_n/colonn2056.jpeg,colon_n,train
colonn2057.jpeg,colon_n/colonn2057.jpeg,colon_n,train
colonn2058.jpeg,colon_n/colonn2058.jpeg,colon_n,train
colonn2059.jpeg,colon_n/colonn2059.jpeg,colon_n,train
colonn206.jpeg,colon_n/colonn206.jpeg,colon_n,train
colonn2061.jpeg,colon_n/colonn2061.jpeg,colon_n,train
colonn2062.jpeg,colon_n/colonn2062.jpeg,colon_n,train
colonn2063.jpeg,colon_n/colonn2063.jpeg,colon_n,train
colonn2064.jpeg,colon_n/colonn2064.jpeg,colon_n,train
colonn2065.jpeg,colon_n/colonn2065.jpeg,colon_n,train
colonn2067.jpeg,colon_n/colonn2067.jpeg,colon_n,train
colonn2068.jpeg,colon_n/colonn2068.jpeg,colon_n,train
colonn2069.jpeg,colon_n/colonn2069.jpeg,colon_n,train
colonn2070.jpeg,colon_n/colonn2070.jpeg,colon_n,train
colonn2071.jpeg,colon_n/colonn2071.jpeg,colon_n,train
colonn2072.jpeg,colon_n/colonn2072.jpeg,colon_n,train
colonn2074.jpeg,colon_n/colonn2074.jpeg,colon_n,train
colonn2077.jpeg,colon_n/colonn2077.jpeg,colon_n,train
colonn2078.jpeg,colon_n/colonn2078.jpeg,colon_n,train
colonn2079.jpeg,colon_n/colonn2079.jpeg,colon_n,train
colonn208.jpeg,colon_n/colonn208.jpeg,colon_n,train
colonn2080.jpeg,colon_n/colonn2080.jpeg,colon_n,train
colonn2082.jpeg,colon_n/colonn2082.jpeg,colon_n,train
colonn2083.jpeg,colon_n/colonn2083.jpeg,colon_n,train
colonn2084.jpeg,colon_n/colonn2084.jpeg,colon_n,train
colonn2085.jpeg,colon_n/colonn2085.jpeg,colon_n,train
colonn2086.jpeg,colon_n/colonn2086.jpeg,colon_n,train
colonn2087.jpeg,colon_n/colonn2087.jpeg,colon_n,train
colonn2088.jpeg,colon_n/colonn2088.jpeg,colon_n,train
colonn209.jpeg,colon_n/colonn209.jpeg,colon_n,train
colonn2090.jpeg,colon_n/colonn2090.jpeg,colon_n,train
colonn2091.jpeg,colon_n/colonn2091.jpeg,colon_n,train
colonn2092.jpeg,colon_n/colonn2092.jpeg,colon_n,train
colonn2093.jpeg,colon_n/colonn2093.jpeg,colon_n,train
colonn2095.jpeg,colon_n/colonn2095.jpeg,colon_n,train
colonn2096.jpeg,colon_n/colonn2096.jpeg,colon_n,train
colonn2097.jpeg,colon_n/colonn2097.jpeg,colon_n,train
colonn2098.jpeg,colon_n/colonn2098.jpeg,colon_n,train
colonn2099.jpeg,colon_n/colonn2099.jpeg,colon_n,train
colonn21.jpeg,colon_n/colonn21.jpeg,colon_n,train
colonn210.jpeg,colon_n/colonn210.jpeg,colon_n,train
colonn2101.jpeg,colon_n/colonn2101.jpeg,colon_n,train
colonn2102.jpeg,colon_n/colonn2102.jpeg,colon_n,train
colonn2103.jpeg,colon_n/colonn2103.jpeg,colon_n,train
colonn2104.jpeg,colon_n/colonn2104.jpeg,colon_n,train
colonn2106.jpeg,colon_n/colonn2106.jpeg,colon_n,train
colonn2107.jpeg,colon_n/colonn2107.jpeg,colon_n,train
colonn2108.jpeg,colon_n/colonn2108.jpeg,colon_n,train
colonn211.jpeg,colon_n/colonn211.jpeg,colon_n,train
colonn2110.jpeg,colon_n/colonn2110.jpeg,colon_n,train
colonn2111.jpeg,colon_n/colonn2111.jpeg,colon_n,train
colonn2112.jpeg,colon_n/colonn2112.jpeg,colon_n,train
colonn2113.jpeg,colon_n/colonn2113.jpeg,colon_n,train
colonn2114.jpeg,colon_n/colonn2114.jpeg,colon_n,train
colonn2115.jpeg,colon_n/colonn2115.jpeg,colon_n,train
colonn2116.jpeg,colon_n/colonn2116.jpeg,colon_n,train
colonn2117.jpeg,colon_n/colonn2117.jpeg,colon_n,train
colonn2118.jpeg,colon_n/colonn2118.jpeg,colon_n,train
colonn2119.jpeg,colon_n/colonn2119.jpeg,colon_n,train
colonn2120.jpeg,colon_n/colonn2120.jpeg,colon_n,train
colonn2122.jpeg,colon_n/colonn2122.jpeg,colon_n,train
colonn2123.jpeg,colon_n/colonn2123.jpeg,colon_n,train
colonn2124.jpeg,colon_n/colonn2124.jpeg,colon_n,train
colonn2125.jpeg,colon_n/colonn2125.jpeg,colon_n,train
colonn2126.jpeg,colon_n/colonn2126.jpeg,colon_n,train
colonn2127.jpeg,colon_n/colonn2127.jpeg,colon_n,train
colonn2128.jpeg,colon_n/colonn2128.jpeg,colon_n,train
colonn2129.jpeg,colon_n/colonn2129.jpeg,colon_n,train
colonn213.jpeg,colon_n/colonn213.jpeg,colon_n,train
colonn2130.jpeg,colon_n/colonn2130.jpeg,colon_n,train
colonn2133.jpeg,colon_n/colonn2133.jpeg,colon_n,train
colonn2134.jpeg,colon_n/colonn2134.jpeg,colon_n,train
colonn2135.jpeg,colon_n/colonn2135.jpeg,colon_n,train
colonn2136.jpeg,colon_n/colonn2136.jpeg,colon_n,train
colonn2137.jpeg,colon_n/colonn2137.jpeg,colon_n,train
colonn2138.jpeg,colon_n/colonn2138.jpeg,colon_n,train
colonn2141.jpeg,colon_n/colonn2141.jpeg,colon_n,train
colonn2142.jpeg,colon_n/colonn2142.jpeg,colon_n,train
colonn2144.jpeg,colon_n/colonn2144.jpeg,colon_n,train
colonn2145.jpeg,colon_n/colonn2145.jpeg,colon_n,train
colonn2147.jpeg,colon_n/colonn2147.jpeg,colon_n,train
colonn2149.jpeg,colon_n/colonn2149.jpeg,colon_n,train
colonn215.jpeg,colon_n/colonn215.jpeg,colon_n,train
colonn2151.jpeg,colon_n/colonn2151.jpeg,colon_n,train
colonn2152.jpeg,colon_n/colonn2152.jpeg,colon_n,train
colonn2153.jpeg,colon_n/colonn2153.jpeg,colon_n,train
colonn2154.jpeg,colon_n/colonn2154.jpeg,colon_n,train
colonn2155.jpeg,colon_n/colonn2155.jpeg,colon_n,train
colonn2156.jpeg,colon_n/colonn2156.jpeg,colon_n,train
colonn2157.jpeg,colon_n/colonn2157.jpeg,colon_n,train
colonn2158.jpeg,colon_n/colonn2158.jpeg,colon_n,train
colonn216.jpeg,colon_n/colonn216.jpeg,colon_n,train
colonn2161.jpeg,colon_n/colonn2161.jpeg,colon_n,train
colonn2162.jpeg,colon_n/colonn2162.jpeg,colon_n,train
colonn2163.jpeg,colon_n/colonn2163.jpeg,colon_n,train
colonn2164.jpeg,colon_n/colonn2164.jpeg,colon_n,train
colonn2165.jpeg,colon_n/colonn2165.jpeg,colon_n,train
colonn2166.jpeg,colon_n/colonn2166.jpeg,colon_n,train
colonn2167.jpeg,colon_n/colonn2167.jpeg,colon_n,train
colonn2169.jpeg,colon_n/colonn2169.jpeg,colon_n,train
colonn217.jpeg,colon_n/colonn217.jpeg,colon_n,train
colonn2170.jpeg,colon_n/colonn2170.jpeg,colon_n,train
colonn2171.jpeg,colon_n/colonn2171.jpeg,colon_n,train
colonn2174.jpeg,colon_n/colonn2174.jpeg,colon_n,train
colonn2175.jpeg,colon_n/colonn2175.jpeg,colon_n,train
colonn2176.jpeg,colon_n/colonn2176.jpeg,colon_n,train
colonn2177.jpeg,colon_n/colonn2177.jpeg,colon_n,train
colonn2178.jpeg,colon_n/colonn2178.jpeg,colon_n,train
colonn2179.jpeg,colon_n/colonn2179.jpeg,colon_n,train
colonn218.jpeg,colon_n/colonn218.jpeg,colon_n,train
colonn2181.jpeg,colon_n/colonn2181.jpeg,colon_n,train
colonn2182.jpeg,colon_n/colonn2182.jpeg,colon_n,train
colonn2184.jpeg,colon_n/colonn2184.jpeg,colon_n,train
colonn2189.jpeg,colon_n/colonn2189.jpeg,colon_n,train
colonn219.jpeg,colon_n/colonn219.jpeg,colon_n,train
colonn2190.jpeg,colon_n/colonn2190.jpeg,colon_n,train
colonn2192.jpeg,colon_n/colonn2192.jpeg,colon_n,train
colonn2194.jpeg,colon_n/colonn2194.jpeg,colon_n,train
colonn2195.jpeg,colon_n/colonn2195.jpeg,colon_n,train
colonn2196.jpeg,colon_n/colonn2196.jpeg,colon_n,train
colonn2197.jpeg,colon_n/colonn2197.jpeg,colon_n,train
colonn2198.jpeg,colon_n/colonn2198.jpeg,colon_n,train
colonn2199.jpeg,colon_n/colonn2199.jpeg,colon_n,train
colonn22.jpeg,colon_n/colonn22.jpeg,colon_n,train
colonn220.jpeg,colon_n/colonn220.jpeg,colon_n,train
colonn2200.jpeg,colon_n/colonn2200.jpeg,colon_n,train
colonn2203.jpeg,colon_n/colonn2203.jpeg,colon_n,train
colonn2204.jpeg,colon_n/colonn2204.jpeg,colon_n,train
colonn2205.jpeg,colon_n/colonn2205.jpeg,colon_n,train
colonn2206.jpeg,colon_n/colonn2206.jpeg,colon_n,train
colonn2207.jpeg,colon_n/colonn2207.jpeg,colon_n,train
colonn2208.jpeg,colon_n/colonn2208.jpeg,colon_n,train
colonn2209.jpeg,colon_n/colonn2209.jpeg,colon_n,train
colonn221.jpeg,colon_n/colonn221.jpeg,colon_n,train
colonn2210.jpeg,colon_n/colonn2210.jpeg,colon_n,train
colonn2211.jpeg,colon_n/colonn2211.jpeg,colon_n,train
colonn2212.jpeg,colon_n/colonn2212.jpeg,colon_n,train
colonn2213.jpeg,colon_n/colonn2213.jpeg,colon_n,train
colonn2214.jpeg,colon_n/colonn2214.jpeg,colon_n,train
colonn2215.jpeg,colon_n/colonn2215.jpeg,colon_n,train
colonn2216.jpeg,colon_n/colonn2216.jpeg,colon_n,train
colonn2217.jpeg,colon_n/colonn2217.jpeg,colon_n,train
colonn2218.jpeg,colon_n/colonn2218.jpeg,colon_n,train
colonn222.jpeg,colon_n/colonn222.jpeg,colon_n,train
colonn2221.jpeg,colon_n/colonn2221.jpeg,colon_n,train
colonn2222.jpeg,colon_n/colonn2222.jpeg,colon_n,train
colonn2223.jpeg,colon_n/colonn2223.jpeg,colon_n,train
colonn2225.jpeg,colon_n/colonn2225.jpeg,colon_n,train
colonn2226.jpeg,colon_n/colonn2226.jpeg,colon_n,train
colonn2227.jpeg,colon_n/colonn2227.jpeg,colon_n,train
colonn2228.jpeg,colon_n/colonn2228.jpeg,colon_n,train
colonn223.jpeg,colon_n/colonn223.jpeg,colon_n,train
colonn2230.jpeg,colon_n/colonn2230.jpeg,colon_n,train
colonn2235.jpeg,colon_n/colonn2235.jpeg,colon_n,train
colonn2236.jpeg,colon_n/colonn2236.jpeg,colon_n,train
colonn2237.jpeg,colon_n/colonn2237.jpeg,colon_n,train
colonn2238.jpeg,colon_n/colonn2238.jpeg,colon_n,train
colonn2239.jpeg,colon_n/colonn2239.jpeg,colon_n,train
colonn224.jpeg,colon_n/colonn224.jpeg,colon_n,train
colonn2240.jpeg,colon_n/colonn2240.jpeg,colon_n,train
colonn2242.jpeg,colon_n/colonn2242.jpeg,colon_n,train
colonn2243.jpeg,colon_n/colonn2243.jpeg,colon_n,train
colonn2244.jpeg,colon_n/colonn2244.jpeg,colon_n,train
colonn2245.jpeg,colon_n/colonn2245.jpeg,colon_n,train
colonn2246.jpeg,colon_n/colonn2246.jpeg,colon_n,train
colonn2247.jpeg,colon_n/colonn2247.jpeg,colon_n,train
colonn2249.jpeg,colon_n/colonn2249.jpeg,colon_n,train
colonn225.jpeg,colon_n/colonn225.jpeg,colon_n,train
colonn2250.jpeg,colon_n/colonn2250.jpeg,colon_n,train
colonn2251.jpeg,colon_n/colonn2251.jpeg,colon_n,train
colonn2252.jpeg,colon_n/colonn2252.jpeg,colon_n,train
colonn2253.jpeg,colon_n/colonn2253.jpeg,colon_n,train
colonn2254.jpeg,colon_n/colonn2254.jpeg,colon_n,train
colonn2255.jpeg,colon_n/colonn2255.jpeg,colon_n,train
colonn2257.jpeg,colon_n/colonn2257.jpeg,colon_n,train
colonn2258.jpeg,colon_n/colonn2258.jpeg,colon_n,train
colonn2259.jpeg,colon_n/colonn2259.jpeg,colon_n,train
colonn226.jpeg,colon_n/colonn226.jpeg,colon_n,train
colonn2260.jpeg,colon_n/colonn2260.jpeg,colon_n,train
colonn2261.jpeg,colon_n/colonn2261.jpeg,colon_n,train
colonn2262.jpeg,colon_n/colonn2262.jpeg,colon_n,train
colonn2263.jpeg,colon_n/colonn2263.jpeg,colon_n,train
colonn2264.jpeg,colon_n/colonn2264.jpeg,colon_n,train
colonn2265.jpeg,colon_n/colonn2265.jpeg,colon_n,train
colonn2266.jpeg,colon_n/colonn2266.jpeg,colon_n,train
colonn2267.jpeg,colon_n/colonn2267.jpeg,colon_n,train
colonn2268.jpeg,colon_n/colonn2268.jpeg,colon_n,train
colonn2269.jpeg,colon_n/colonn2269.jpeg,colon_n,train
colonn227.jpeg,colon_n/colonn227.jpeg,colon_n,train
colonn2270.jpeg,colon_n/colonn2270.jpeg,colon_n,train
colonn2271.jpeg,colon_n/colonn2271.jpeg,colon_n,train
colonn2272.jpeg,colon_n/colonn2272.jpeg,colon_n,train
colonn2273.jpeg,colon_n/colonn2273.jpeg,colon_n,train
colonn2274.jpeg,colon_n/colonn2274.jpeg,colon_n,train
colonn2275.jpeg,colon_n/colonn2275.jpeg,colon_n,train
colonn2276.jpeg,colon_n/colonn2276.jpeg,colon_n,train
colonn2277.jpeg,colon_n/colonn2277.jpeg,colon_n,train
colonn2278.jpeg,colon_n/colonn2278.jpeg,colon_n,train
colonn2279.jpeg,colon_n/colonn2279.jpeg,colon_n,train
colonn228.jpeg,colon_n/colonn228.jpeg,colon_n,train
colonn2281.jpeg,colon_n/colonn2281.jpeg,colon_n,train
colonn2282.jpeg,colon_n/colonn2282.jpeg,colon_n,train
colonn2283.jpeg,colon_n/colonn2283.jpeg,colon_n,train
colonn2284.jpeg,colon_n/colonn2284.jpeg,colon_n,train
colonn2286.jpeg,colon_n/colonn2286.jpeg,colon_n,train
colonn2288.jpeg,colon_n/colonn2288.jpeg,colon_n,train
colonn229.jpeg,colon_n/colonn229.jpeg,colon_n,train
colonn2291.jpeg,colon_n/colonn2291.jpeg,colon_n,train
colonn2292.jpeg,colon_n/colonn2292.jpeg,colon_n,train
colonn2293.jpeg,colon_n/colonn2293.jpeg,colon_n,train
colonn2295.jpeg,colon_n/colonn2295.jpeg,colon_n,train
colonn2296.jpeg,colon_n/colonn2296.jpeg,colon_n,train
colonn2297.jpeg,colon_n/colonn2297.jpeg,colon_n,train
colonn2298.jpeg,colon_n/colonn2298.jpeg,colon_n,train
colonn2299.jpeg,colon_n/colonn2299.jpeg,colon_n,train
colonn23.jpeg,colon_n/colonn23.jpeg,colon_n,train
colonn2300.jpeg,colon_n/colonn2300.jpeg,colon_n,train
colonn2301.jpeg,colon_n/colonn2301.jpeg,colon_n,train
colonn2302.jpeg,colon_n/colonn2302.jpeg,colon_n,train
colonn2304.jpeg,colon_n/colonn2304.jpeg,colon_n,train
colonn2305.jpeg,colon_n/colonn2305.jpeg,colon_n,train
colonn2307.jpeg,colon_n/colonn2307.jpeg,colon_n,train
colonn2308.jpeg,colon_n/colonn2308.jpeg,colon_n,train
colonn2309.jpeg,colon_n/colonn2309.jpeg,colon_n,train
colonn231.jpeg,colon_n/colonn231.jpeg,colon_n,train
colonn2311.jpeg,colon_n/colonn2311.jpeg,colon_n,train
colonn2312.jpeg,colon_n/colonn2312.jpeg,colon_n,train
colonn2313.jpeg,colon_n/colonn2313.jpeg,colon_n,train
colonn2315.jpeg,colon_n/colonn2315.jpeg,colon_n,train
colonn2317.jpeg,colon_n/colonn2317.jpeg,colon_n,train
colonn2318.jpeg,colon_n/colonn2318.jpeg,colon_n,train
colonn232.jpeg,colon_n/colonn232.jpeg,colon_n,train
colonn2320.jpeg,colon_n/colonn2320.jpeg,colon_n,train
colonn2321.jpeg,colon_n/colonn2321.jpeg,colon_n,train
colonn2322.jpeg,colon_n/colonn2322.jpeg,colon_n,train
colonn2323.jpeg,colon_n/colonn2323.jpeg,colon_n,train
colonn2326.jpeg,colon_n/colonn2326.jpeg,colon_n,train
colonn2327.jpeg,colon_n/colonn2327.jpeg,colon_n,train
colonn2328.jpeg,colon_n/colonn2328.jpeg,colon_n,train
colonn2329.jpeg,colon_n/colonn2329.jpeg,colon_n,train
colonn233.jpeg,colon_n/colonn233.jpeg,colon_n,train
colonn2330.jpeg,colon_n/colonn2330.jpeg,colon_n,train
colonn2331.jpeg,colon_n/colonn2331.jpeg,colon_n,train
colonn2332.jpeg,colon_n/colonn2332.jpeg,colon_n,train
colonn2333.jpeg,colon_n/colonn2333.jpeg,colon_n,train
colonn2334.jpeg,colon_n/colonn2334.jpeg,colon_n,train
colonn2336.jpeg,colon_n/colonn2336.jpeg,colon_n,train
colonn2338.jpeg,colon_n/colonn2338.jpeg,colon_n,train
colonn234.jpeg,colon_n/colonn234.jpeg,colon_n,train
colonn2341.jpeg,colon_n/colonn2341.jpeg,colon_n,train
colonn2342.jpeg,colon_n/colonn2342.jpeg,colon_n,train
colonn2344.jpeg,colon_n/colonn2344.jpeg,colon_n,train
colonn2345.jpeg,colon_n/colonn2345.jpeg,colon_n,train
colonn2348.jpeg,colon_n/colonn2348.jpeg,colon_n,train
colonn235.jpeg,colon_n/colonn235.jpeg,colon_n,train
colonn2350.jpeg,colon_n/colonn2350.jpeg,colon_n,train
colonn2352.jpeg,colon_n/colonn2352.jpeg,colon_n,train
colonn2353.jpeg,colon_n/colonn2353.jpeg,colon_n,train
colonn2356.jpeg,colon_n/colonn2356.jpeg,colon_n,train
colonn2357.jpeg,colon_n/colonn2357.jpeg,colon_n,train
colonn2358.jpeg,colon_n/colonn2358.jpeg,colon_n,train
colonn2359.jpeg,colon_n/colonn2359.jpeg,colon_n,train
colonn236.jpeg,colon_n/colonn236.jpeg,colon_n,train
colonn2360.jpeg,colon_n/colonn2360.jpeg,colon_n,train
colonn2361.jpeg,colon_n/colonn2361.jpeg,colon_n,train
colonn2362.jpeg,colon_n/colonn2362.jpeg,colon_n,train
colonn2363.jpeg,colon_n/colonn2363.jpeg,colon_n,train
colonn2364.jpeg,colon_n/colonn2364.jpeg,colon_n,train
colonn2365.jpeg,colon_n/colonn2365.jpeg,colon_n,train
colonn2366.jpeg,colon_n/colonn2366.jpeg,colon_n,train
colonn2367.jpeg,colon_n/colonn2367.jpeg,colon_n,train
colonn2368.jpeg,colon_n/colonn2368.jpeg,colon_n,train
colonn2369.jpeg,colon_n/colonn2369.jpeg,colon_n,train
colonn2370.jpeg,colon_n/colonn2370.jpeg,colon_n,train
colonn2371.jpeg,colon_n/colonn2371.jpeg,colon_n,train
colonn2372.jpeg,colon_n/colonn2372.jpeg,colon_n,train
colonn2373.jpeg,colon_n/colonn2373.jpeg,colon_n,train
colonn2374.jpeg,colon_n/colonn2374.jpeg,colon_n,train
colonn2375.jpeg,colon_n/colonn2375.jpeg,colon_n,train
colonn2376.jpeg,colon_n/colonn2376.jpeg,colon_n,train
colonn2378.jpeg,colon_n/colonn2378.jpeg,colon_n,train
colonn238.jpeg,colon_n/colonn238.jpeg,colon_n,train
colonn2380.jpeg,colon_n/colonn2380.jpeg,colon_n,train
colonn2381.jpeg,colon_n/colonn2381.jpeg,colon_n,train
colonn2382.jpeg,colon_n/colonn2382.jpeg,colon_n,train
colonn2384.jpeg,colon_n/colonn2384.jpeg,colon_n,train
colonn2386.jpeg,colon_n/colonn2386.jpeg,colon_n,train
colonn2387.jpeg,colon_n/colonn2387.jpeg,colon_n,train
colonn2388.jpeg,colon_n/colonn2388.jpeg,colon_n,train
colonn239.jpeg,colon_n/colonn239.jpeg,colon_n,train
colonn2390.jpeg,colon_n/colonn2390.jpeg,colon_n,train
colonn2391.jpeg,colon_n/colonn2391.jpeg,colon_n,train
colonn2393.jpeg,colon_n/colonn2393.jpeg,colon_n,train
colonn2394.jpeg,colon_n/colonn2394.jpeg,colon_n,train
colonn2395.jpeg,colon_n/colonn2395.jpeg,colon_n,train
colonn2397.jpeg,colon_n/colonn2397.jpeg,colon_n,train
colonn2398.jpeg,colon_n/colonn2398.jpeg,colon_n,train
colonn2399.jpeg,colon_n/colonn2399.jpeg,colon_n,train
colonn24.jpeg,colon_n/colonn24.jpeg,colon_n,train
colonn2400.jpeg,colon_n/colonn2400.jpeg,colon_n,train
colonn2401.jpeg,colon_n/colonn2401.jpeg,colon_n,train
colonn2402.jpeg,colon_n/colonn2402.jpeg,colon_n,train
colonn2403.jpeg,colon_n/colonn2403.jpeg,colon_n,train
colonn2404.jpeg,colon_n/colonn2404.jpeg,colon_n,train
colonn2405.jpeg,colon_n/colonn2405.jpeg,colon_n,train
colonn2406.jpeg,colon_n/colonn2406.jpeg,colon_n,train
colonn2407.jpeg,colon_n/colonn2407.jpeg,colon_n,train
colonn2408.jpeg,colon_n/colonn2408.jpeg,colon_n,train
colonn2409.jpeg,colon_n/colonn2409.jpeg,colon_n,train
colonn241.jpeg,colon_n/colonn241.jpeg,colon_n,train
colonn2410.jpeg,colon_n/colonn2410.jpeg,colon_n,train
colonn2411.jpeg,colon_n/colonn2411.jpeg,colon_n,train
colonn2412.jpeg,colon_n/colonn2412.jpeg,colon_n,train
colonn2413.jpeg,colon_n/colonn2413.jpeg,colon_n,train
colonn2414.jpeg,colon_n/colonn2414.jpeg,colon_n,train
colonn2416.jpeg,colon_n/colonn2416.jpeg,colon_n,train
colonn2417.jpeg,colon_n/colonn2417.jpeg,colon_n,train
colonn2419.jpeg,colon_n/colonn2419.jpeg,colon_n,train
colonn242.jpeg,colon_n/colonn242.jpeg,colon_n,train
colonn2421.jpeg,colon_n/colonn2421.jpeg,colon_n,train
colonn2422.jpeg,colon_n/colonn2422.jpeg,colon_n,train
colonn2423.jpeg,colon_n/colonn2423.jpeg,colon_n,train
colonn2424.jpeg,colon_n/colonn2424.jpeg,colon_n,train
colonn2426.jpeg,colon_n/colonn2426.jpeg,colon_n,train
colonn2428.jpeg,colon_n/colonn2428.jpeg,colon_n,train
colonn2429.jpeg,colon_n/colonn2429.jpeg,colon_n,train
colonn243.jpeg,colon_n/colonn243.jpeg,colon_n,train
colonn2431.jpeg,colon_n/colonn2431.jpeg,colon_n,train
colonn2433.jpeg,colon_n/colonn2433.jpeg,colon_n,train
colonn2435.jpeg,colon_n/colonn2435.jpeg,colon_n,train
colonn2436.jpeg,colon_n/colonn2436.jpeg,colon_n,train
colonn2437.jpeg,colon_n/colonn2437.jpeg,colon_n,train
colonn2438.jpeg,colon_n/colonn2438.jpeg,colon_n,train
colonn2439.jpeg,colon_n/colonn2439.jpeg,colon_n,train
colonn244.jpeg,colon_n/colonn244.jpeg,colon_n,train
colonn2440.jpeg,colon_n/colonn2440.jpeg,colon_n,train
colonn2441.jpeg,colon_n/colonn2441.jpeg,colon_n,train
colonn2442.jpeg,colon_n/colonn2442.jpeg,colon_n,train
colonn2443.jpeg,colon_n/colonn2443.jpeg,colon_n,train
colonn2445.jpeg,colon_n/colonn2445.jpeg,colon_n,train
colonn2446.jpeg,colon_n/colonn2446.jpeg,colon_n,train
colonn2448.jpeg,colon_n/colonn2448.jpeg,colon_n,train
colonn2449.jpeg,colon_n/colonn2449.jpeg,colon_n,train
colonn245.jpeg,colon_n/colonn245.jpeg,colon_n,train
colonn2450.jpeg,colon_n/colonn2450.jpeg,colon_n,train
colonn2451.jpeg,colon_n/colonn2451.jpeg,colon_n,train
colonn2452.jpeg,colon_n/colonn2452.jpeg,colon_n,train
colonn2453.jpeg,colon_n/colonn2453.jpeg,colon_n,train
colonn2455.jpeg,colon_n/colonn2455.jpeg,colon_n,train
colonn2456.jpeg,colon_n/colonn2456.jpeg,colon_n,train
colonn2457.jpeg,colon_n/colonn2457.jpeg,colon_n,train
colonn2458.jpeg,colon_n/colonn2458.jpeg,colon_n,train
colonn2459.jpeg,colon_n/colonn2459.jpeg,colon_n,train
colonn246.jpeg,colon_n/colonn246.jpeg,colon_n,train
colonn2460.jpeg,colon_n/colonn2460.jpeg,colon_n,train
colonn2461.jpeg,colon_n/colonn2461.jpeg,colon_n,train
colonn2462.jpeg,colon_n/colonn2462.jpeg,colon_n,train
colonn2464.jpeg,colon_n/colonn2464.jpeg,colon_n,train
colonn2466.jpeg,colon_n/colonn2466.jpeg,colon_n,train
colonn2468.jpeg,colon_n/colonn2468.jpeg,colon_n,train
colonn2469.jpeg,colon_n/colonn2469.jpeg,colon_n,train
colonn247.jpeg,colon_n/colonn247.jpeg,colon_n,train
colonn2471.jpeg,colon_n/colonn2471.jpeg,colon_n,train
colonn2472.jpeg,colon_n/colonn2472.jpeg,colon_n,train
colonn2473.jpeg,colon_n/colonn2473.jpeg,colon_n,train
colonn2474.jpeg,colon_n/colonn2474.jpeg,colon_n,train
colonn2476.jpeg,colon_n/colonn2476.jpeg,colon_n,train
colonn2477.jpeg,colon_n/colonn2477.jpeg,colon_n,train
colonn2478.jpeg,colon_n/colonn2478.jpeg,colon_n,train
colonn2479.jpeg,colon_n/colonn2479.jpeg,colon_n,train
colonn248.jpeg,colon_n/colonn248.jpeg,colon_n,train
colonn2480.jpeg,colon_n/colonn2480.jpeg,colon_n,train
colonn2481.jpeg,colon_n/colonn2481.jpeg,colon_n,train
colonn2482.jpeg,colon_n/colonn2482.jpeg,colon_n,train
colonn2483.jpeg,colon_n/colonn2483.jpeg,colon_n,train
colonn2484.jpeg,colon_n/colonn2484.jpeg,colon_n,train
colonn2485.jpeg,colon_n/colonn2485.jpeg,colon_n,train
colonn2487.jpeg,colon_n/colonn2487.jpeg,colon_n,train
colonn2488.jpeg,colon_n/colonn2488.jpeg,colon_n,train
colonn2489.jpeg,colon_n/colonn2489.jpeg,colon_n,train
colonn249.jpeg,colon_n/colonn249.jpeg,colon_n,train
colonn2491.jpeg,colon_n/colonn2491.jpeg,colon_n,train
colonn2492.jpeg,colon_n/colonn2492.jpeg,colon_n,train
colonn2493.jpeg,colon_n/colonn2493.jpeg,colon_n,train
colonn2495.jpeg,colon_n/colonn2495.jpeg,colon_n,train
colonn2496.jpeg,colon_n/colonn2496.jpeg,colon_n,train
colonn2497.jpeg,colon_n/colonn2497.jpeg,colon_n,train
colonn2498.jpeg,colon_n/colonn2498.jpeg,colon_n,train
colonn2499.jpeg,colon_n/colonn2499.jpeg,colon_n,train
colonn25.jpeg,colon_n/colonn25.jpeg,colon_n,train
colonn2500.jpeg,colon_n/colonn2500.jpeg,colon_n,train
colonn2501.jpeg,colon_n/colonn2501.jpeg,colon_n,train
colonn2502.jpeg,colon_n/colonn2502.jpeg,colon_n,train
colonn2503.jpeg,colon_n/colonn2503.jpeg,colon_n,train
colonn2504.jpeg,colon_n/colonn2504.jpeg,colon_n,train
colonn2505.jpeg,colon_n/colonn2505.jpeg,colon_n,train
colonn2506.jpeg,colon_n/colonn2506.jpeg,colon_n,train
colonn2507.jpeg,colon_n/colonn2507.jpeg,colon_n,train
colonn2508.jpeg,colon_n/colonn2508.jpeg,colon_n,train
colonn251.jpeg,colon_n/colonn251.jpeg,colon_n,train
colonn2510.jpeg,colon_n/colonn2510.jpeg,colon_n,train
colonn2511.jpeg,colon_n/colonn2511.jpeg,colon_n,train
colonn2513.jpeg,colon_n/colonn2513.jpeg,colon_n,train
colonn2515.jpeg,colon_n/colonn2515.jpeg,colon_n,train
colonn2516.jpeg,colon_n/colonn2516.jpeg,colon_n,train
colonn2517.jpeg,colon_n/colonn2517.jpeg,colon_n,train
colonn2518.jpeg,colon_n/colonn2518.jpeg,colon_n,train
colonn2519.jpeg,colon_n/colonn2519.jpeg,colon_n,train
colonn252.jpeg,colon_n/colonn252.jpeg,colon_n,train
colonn2520.jpeg,colon_n/colonn2520.jpeg,colon_n,train
colonn2521.jpeg,colon_n/colonn2521.jpeg,colon_n,train
colonn2523.jpeg,colon_n/colonn2523.jpeg,colon_n,train
colonn2524.jpeg,colon_n/colonn2524.jpeg,colon_n,train
colonn2525.jpeg,colon_n/colonn2525.jpeg,colon_n,train
colonn2526.jpeg,colon_n/colonn2526.jpeg,colon_n,train
colonn2527.jpeg,colon_n/colonn2527.jpeg,colon_n,train
colonn2528.jpeg,colon_n/colonn2528.jpeg,colon_n,train
colonn2529.jpeg,colon_n/colonn2529.jpeg,colon_n,train
colonn253.jpeg,colon_n/colonn253.jpeg,colon_n,train
colonn2530.jpeg,colon_n/colonn2530.jpeg,colon_n,train
colonn2531.jpeg,colon_n/colonn2531.jpeg,colon_n,train
colonn2532.jpeg,colon_n/colonn2532.jpeg,colon_n,train
colonn2533.jpeg,colon_n/colonn2533.jpeg,colon_n,train
colonn2534.jpeg,colon_n/colonn2534.jpeg,colon_n,train
colonn2536.jpeg,colon_n/colonn2536.jpeg,colon_n,train
colonn2537.jpeg,colon_n/colonn2537.jpeg,colon_n,train
colonn2538.jpeg,colon_n/colonn2538.jpeg,colon_n,train
colonn2539.jpeg,colon_n/colonn2539.jpeg,colon_n,train
colonn254.jpeg,colon_n/colonn254.jpeg,colon_n,train
colonn2540.jpeg,colon_n/colonn2540.jpeg,colon_n,train
colonn2541.jpeg,colon_n/colonn2541.jpeg,colon_n,train
colonn2542.jpeg,colon_n/colonn2542.jpeg,colon_n,train
colonn2543.jpeg,colon_n/colonn2543.jpeg,colon_n,train
colonn2544.jpeg,colon_n/colonn2544.jpeg,colon_n,train
colonn2545.jpeg,colon_n/colonn2545.jpeg,colon_n,train
colonn2546.jpeg,colon_n/colonn2546.jpeg,colon_n,train
colonn2548.jpeg,colon_n/colonn2548.jpeg,colon_n,train
colonn2549.jpeg,colon_n/colonn2549.jpeg,colon_n,train
colonn255.jpeg,colon_n/colonn255.jpeg,colon_n,train
colonn2553.jpeg,colon_n/colonn2553.jpeg,colon_n,train
colonn2554.jpeg,colon_n/colonn2554.jpeg,colon_n,train
colonn2555.jpeg,colon_n/colonn2555.jpeg,colon_n,train
colonn2556.jpeg,colon_n/colonn2556.jpeg,colon_n,train
colonn2557.jpeg,colon_n/colonn2557.jpeg,colon_n,train
colonn2559.jpeg,colon_n/colonn2559.jpeg,colon_n,train
colonn2560.jpeg,colon_n/colonn2560.jpeg,colon_n,train
colonn2561.jpeg,colon_n/colonn2561.jpeg,colon_n,train
colonn2562.jpeg,colon_n/colonn2562.jpeg,colon_n,train
colonn2563.jpeg,colon_n/colonn2563.jpeg,colon_n,train
colonn2564.jpeg,colon_n/colonn2564.jpeg,colon_n,train
colonn2565.jpeg,colon_n/colonn2565.jpeg,colon_n,train
colonn2566.jpeg,colon_n/colonn2566.jpeg,colon_n,train
colonn2568.jpeg,colon_n/colonn2568.jpeg,colon_n,train
colonn2569.jpeg,colon_n/colonn2569.jpeg,colon_n,train
colonn257.jpeg,colon_n/colonn257.jpeg,colon_n,train
colonn2572.jpeg,colon_n/colonn2572.jpeg,colon_n,train
colonn2573.jpeg,colon_n/colonn2573.jpeg,colon_n,train
colonn2574.jpeg,colon_n/colonn2574.jpeg,colon_n,train
colonn2575.jpeg,colon_n/colonn2575.jpeg,colon_n,train
colonn2576.jpeg,colon_n/colonn2576.jpeg,colon_n,train
colonn2577.jpeg,colon_n/colonn2577.jpeg,colon_n,train
colonn2578.jpeg,colon_n/colonn2578.jpeg,colon_n,train
colonn2579.jpeg,colon_n/colonn2579.jpeg,colon_n,train
colonn2580.jpeg,colon_n/colonn2580.jpeg,colon_n,train
colonn2581.jpeg,colon_n/colonn2581.jpeg,colon_n,train
colonn2582.jpeg,colon_n/colonn2582.jpeg,colon_n,train
colonn2583.jpeg,colon_n/colonn2583.jpeg,colon_n,train
colonn2584.jpeg,colon_n/colonn2584.jpeg,colon_n,train
colonn2585.jpeg,colon_n/colonn2585.jpeg,colon_n,train
colonn2586.jpeg,colon_n/colonn2586.jpeg,colon_n,train
colonn2587.jpeg,colon_n/colonn2587.jpeg,colon_n,train
colonn2589.jpeg,colon_n/colonn2589.jpeg,colon_n,train
colonn259.jpeg,colon_n/colonn259.jpeg,colon_n,train
colonn2590.jpeg,colon_n/colonn2590.jpeg,colon_n,train
colonn2591.jpeg,colon_n/colonn2591.jpeg,colon_n,train
colonn2592.jpeg,colon_n/colonn2592.jpeg,colon_n,train
colonn2593.jpeg,colon_n/colonn2593.jpeg,colon_n,train
colonn2594.jpeg,colon_n/colonn2594.jpeg,colon_n,train
colonn2595.jpeg,colon_n/colonn2595.jpeg,colon_n,train
colonn2597.jpeg,colon_n/colonn2597.jpeg,colon_n,train
colonn2598.jpeg,colon_n/colonn2598.jpeg,colon_n,train
colonn2599.jpeg,colon_n/colonn2599.jpeg,colon_n,train
colonn26.jpeg,colon_n/colonn26.jpeg,colon_n,train
colonn2600.jpeg,colon_n/colonn2600.jpeg,colon_n,train
colonn2601.jpeg,colon_n/colonn2601.jpeg,colon_n,train
colonn2602.jpeg,colon_n/colonn2602.jpeg,colon_n,train
colonn2603.jpeg,colon_n/colonn2603.jpeg,colon_n,train
colonn2605.jpeg,colon_n/colonn2605.jpeg,colon_n,train
colonn2606.jpeg,colon_n/colonn2606.jpeg,colon_n,train
colonn2607.jpeg,colon_n/colonn2607.jpeg,colon_n,train
colonn2608.jpeg,colon_n/colonn2608.jpeg,colon_n,train
colonn2610.jpeg,colon_n/colonn2610.jpeg,colon_n,train
colonn2612.jpeg,colon_n/colonn2612.jpeg,colon_n,train
colonn2613.jpeg,colon_n/colonn2613.jpeg,colon_n,train
colonn2614.jpeg,colon_n/colonn2614.jpeg,colon_n,train
colonn2615.jpeg,colon_n/colonn2615.jpeg,colon_n,train
colonn2617.jpeg,colon_n/colonn2617.jpeg,colon_n,train
colonn2618.jpeg,colon_n/colonn2618.jpeg,colon_n,train
colonn2619.jpeg,colon_n/colonn2619.jpeg,colon_n,train
colonn2620.jpeg,colon_n/colonn2620.jpeg,colon_n,train
colonn2621.jpeg,colon_n/colonn2621.jpeg,colon_n,train
colonn2622.jpeg,colon_n/colonn2622.jpeg,colon_n,train
colonn2624.jpeg,colon_n/colonn2624.jpeg,colon_n,train
colonn2627.jpeg,colon_n/colonn2627.jpeg,colon_n,train
colonn2628.jpeg,colon_n/colonn2628.jpeg,colon_n,train
colonn2629.jpeg,colon_n/colonn2629.jpeg,colon_n,train
colonn2630.jpeg,colon_n/colonn2630.jpeg,colon_n,train
colonn2632.jpeg,colon_n/colonn2632.jpeg,colon_n,train
colonn2634.jpeg,colon_n/colonn2634.jpeg,colon_n,train
colonn2635.jpeg,colon_n/colonn2635.jpeg,colon_n,train
colonn2637.jpeg,colon_n/colonn2637.jpeg,colon_n,train
colonn2638.jpeg,colon_n/colonn2638.jpeg,colon_n,train
colonn2639.jpeg,colon_n/colonn2639.jpeg,colon_n,train
colonn264.jpeg,colon_n/colonn264.jpeg,colon_n,train
colonn2640.jpeg,colon_n/colonn2640.jpeg,colon_n,train
colonn2642.jpeg,colon_n/colonn2642.jpeg,colon_n,train
colonn2643.jpeg,colon_n/colonn2643.jpeg,colon_n,train
colonn2644.jpeg,colon_n/colonn2644.jpeg,colon_n,train
colonn2646.jpeg,colon_n/colonn2646.jpeg,colon_n,train
colonn2647.jpeg,colon_n/colonn2647.jpeg,colon_n,train
colonn2648.jpeg,colon_n/colonn2648.jpeg,colon_n,train
colonn2649.jpeg,colon_n/colonn2649.jpeg,colon_n,train
colonn265.jpeg,colon_n/colonn265.jpeg,colon_n,train
colonn2650.jpeg,colon_n/colonn2650.jpeg,colon_n,train
colonn2651.jpeg,colon_n/colonn2651.jpeg,colon_n,train
colonn2652.jpeg,colon_n/colonn2652.jpeg,colon_n,train
colonn2653.jpeg,colon_n/colonn2653.jpeg,colon_n,train
colonn2654.jpeg,colon_n/colonn2654.jpeg,colon_n,train
colonn2656.jpeg,colon_n/colonn2656.jpeg,colon_n,train
colonn2657.jpeg,colon_n/colonn2657.jpeg,colon_n,train
colonn2658.jpeg,colon_n/colonn2658.jpeg,colon_n,train
colonn2659.jpeg,colon_n/colonn2659.jpeg,colon_n,train
colonn266.jpeg,colon_n/colonn266.jpeg,colon_n,train
colonn2660.jpeg,colon_n/colonn2660.jpeg,colon_n,train
colonn2661.jpeg,colon_n/colonn2661.jpeg,colon_n,train
colonn2662.jpeg,colon_n/colonn2662.jpeg,colon_n,train
colonn2663.jpeg,colon_n/colonn2663.jpeg,colon_n,train
colonn2664.jpeg,colon_n/colonn2664.jpeg,colon_n,train
colonn2665.jpeg,colon_n/colonn2665.jpeg,colon_n,train
colonn2666.jpeg,colon_n/colonn2666.jpeg,colon_n,train
colonn2668.jpeg,colon_n/colonn2668.jpeg,colon_n,train
colonn2669.jpeg,colon_n/colonn2669.jpeg,colon_n,train
colonn267.jpeg,colon_n/colonn267.jpeg,colon_n,train
colonn2670.jpeg,colon_n/colonn2670.jpeg,colon_n,train
colonn2671.jpeg,colon_n/colonn2671.jpeg,colon_n,train
colonn2674.jpeg,colon_n/colonn2674.jpeg,colon_n,train
colonn2675.jpeg,colon_n/colonn2675.jpeg,colon_n,train
colonn2676.jpeg,colon_n/colonn2676.jpeg,colon_n,train
colonn2678.jpeg,colon_n/colonn2678.jpeg,colon_n,train
colonn2679.jpeg,colon_n/colonn2679.jpeg,colon_n,train
colonn268.jpeg,colon_n/colonn268.jpeg,colon_n,train
colonn2680.jpeg,colon_n/colonn2680.jpeg,colon_n,train
colonn2682.jpeg,colon_n/colonn2682.jpeg,colon_n,train
colonn2683.jpeg,colon_n/colonn2683.jpeg,colon_n,train
colonn2685.jpeg,colon_n/colonn2685.jpeg,colon_n,train
colonn2686.jpeg,colon_n/colonn2686.jpeg,colon_n,train
colonn2687.jpeg,colon_n/colonn2687.jpeg,colon_n,train
colonn2688.jpeg,colon_n/colonn2688.jpeg,colon_n,train
colonn2691.jpeg,colon_n/colonn2691.jpeg,colon_n,train
colonn2692.jpeg,colon_n/colonn2692.jpeg,colon_n,train
colonn2696.jpeg,colon_n/colonn2696.jpeg,colon_n,train
colonn2698.jpeg,colon_n/colonn2698.jpeg,colon_n,train
colonn2699.jpeg,colon_n/colonn2699.jpeg,colon_n,train
colonn27.jpeg,colon_n/colonn27.jpeg,colon_n,train
colonn270.jpeg,colon_n/colonn270.jpeg,colon_n,train
colonn2700.jpeg,colon_n/colonn2700.jpeg,colon_n,train
colonn2701.jpeg,colon_n/colonn2701.jpeg,colon_n,train
colonn2702.jpeg,colon_n/colonn2702.jpeg,colon_n,train
colonn2704.jpeg,colon_n/colonn2704.jpeg,colon_n,train
colonn2705.jpeg,colon_n/colonn2705.jpeg,colon_n,train
colonn2708.jpeg,colon_n/colonn2708.jpeg,colon_n,train
colonn2709.jpeg,colon_n/colonn2709.jpeg,colon_n,train
colonn271.jpeg,colon_n/colonn271.jpeg,colon_n,train
colonn2710.jpeg,colon_n/colonn2710.jpeg,colon_n,train
colonn2711.jpeg,colon_n/colonn2711.jpeg,colon_n,train
colonn2713.jpeg,colon_n/colonn2713.jpeg,colon_n,train
colonn2716.jpeg,colon_n/colonn2716.jpeg,colon_n,train
colonn2717.jpeg,colon_n/colonn2717.jpeg,colon_n,train
colonn2718.jpeg,colon_n/colonn2718.jpeg,colon_n,train
colonn2719.jpeg,colon_n/colonn2719.jpeg,colon_n,train
colonn272.jpeg,colon_n/colonn272.jpeg,colon_n,train
colonn2720.jpeg,colon_n/colonn2720.jpeg,colon_n,train
colonn2721.jpeg,colon_n/colonn2721.jpeg,colon_n,train
colonn2722.jpeg,colon_n/colonn2722.jpeg,colon_n,train
colonn2723.jpeg,colon_n/colonn2723.jpeg,colon_n,train
colonn2726.jpeg,colon_n/colonn2726.jpeg,colon_n,train
colonn2727.jpeg,colon_n/colonn2727.jpeg,colon_n,train
colonn2730.jpeg,colon_n/colonn2730.jpeg,colon_n,train
colonn2731.jpeg,colon_n/colonn2731.jpeg,colon_n,train
colonn2732.jpeg,colon_n/colonn2732.jpeg,colon_n,train
colonn2733.jpeg,colon_n/colonn2733.jpeg,colon_n,train
colonn2734.jpeg,colon_n/colonn2734.jpeg,colon_n,train
colonn2735.jpeg,colon_n/colonn2735.jpeg,colon_n,train
colonn2736.jpeg,colon_n/colonn2736.jpeg,colon_n,train
colonn2738.jpeg,colon_n/colonn2738.jpeg,colon_n,train
colonn274.jpeg,colon_n/colonn274.jpeg,colon_n,train
colonn2740.jpeg,colon_n/colonn2740.jpeg,colon_n,train
colonn2741.jpeg,colon_n/colonn2741.jpeg,colon_n,train
colonn2742.jpeg,colon_n/colonn2742.jpeg,colon_n,train
colonn2743.jpeg,colon_n/colonn2743.jpeg,colon_n,train
colonn2744.jpeg,colon_n/colonn2744.jpeg,colon_n,train
colonn2745.jpeg,colon_n/colonn2745.jpeg,colon_n,train
colonn2746.jpeg,colon_n/colonn2746.jpeg,colon_n,train
colonn2748.jpeg,colon_n/colonn2748.jpeg,colon_n,train
colonn2749.jpeg,colon_n/colonn2749.jpeg,colon_n,train
colonn275.jpeg,colon_n/colonn275.jpeg,colon_n,train
colonn2750.jpeg,colon_n/colonn2750.jpeg,colon_n,train
colonn2751.jpeg,colon_n/colonn2751.jpeg,colon_n,train
colonn2752.jpeg,colon_n/colonn2752.jpeg,colon_n,train
colonn2753.jpeg,colon_n/colonn2753.jpeg,colon_n,train
colonn2754.jpeg,colon_n/colonn2754.jpeg,colon_n,train
colonn2755.jpeg,colon_n/colonn2755.jpeg,colon_n,train
colonn2756.jpeg,colon_n/colonn2756.jpeg,colon_n,train
colonn2757.jpeg,colon_n/colonn2757.jpeg,colon_n,train
colonn2758.jpeg,colon_n/colonn2758.jpeg,colon_n,train
colonn2759.jpeg,colon_n/colonn2759.jpeg,colon_n,train
colonn2760.jpeg,colon_n/colonn2760.jpeg,colon_n,train
colonn2761.jpeg,colon_n/colonn2761.jpeg,colon_n,train
colonn2763.jpeg,colon_n/colonn2763.jpeg,colon_n,train
colonn2764.jpeg,colon_n/colonn2764.jpeg,colon_n,train
colonn2766.jpeg,colon_n/colonn2766.jpeg,colon_n,train
colonn2767.jpeg,colon_n/colonn2767.jpeg,colon_n,train
colonn2768.jpeg,colon_n/colonn2768.jpeg,colon_n,train
colonn2769.jpeg,colon_n/colonn2769.jpeg,colon_n,train
colonn277.jpeg,colon_n/colonn277.jpeg,colon_n,train
colonn2771.jpeg,colon_n/colonn2771.jpeg,colon_n,train
colonn2772.jpeg,colon_n/colonn2772.jpeg,colon_n,train
colonn2773.jpeg,colon_n/colonn2773.jpeg,colon_n,train
colonn2774.jpeg,colon_n/colonn2774.jpeg,colon_n,train
colonn2775.jpeg,colon_n/colonn2775.jpeg,colon_n,train
colonn2776.jpeg,colon_n/colonn2776.jpeg,colon_n,train
colonn2777.jpeg,colon_n/colonn2777.jpeg,colon_n,train
colonn2778.jpeg,colon_n/colonn2778.jpeg,colon_n,train
colonn2779.jpeg,colon_n/colonn2779.jpeg,colon_n,train
colonn278.jpeg,colon_n/colonn278.jpeg,colon_n,train
colonn2780.jpeg,colon_n/colonn2780.jpeg,colon_n,train
colonn2781.jpeg,colon_n/colonn2781.jpeg,colon_n,train
colonn2782.jpeg,colon_n/colonn2782.jpeg,colon_n,train
colonn2784.jpeg,colon_n/colonn2784.jpeg,colon_n,train
colonn2785.jpeg,colon_n/colonn2785.jpeg,colon_n,train
colonn2786.jpeg,colon_n/colonn2786.jpeg,colon_n,train
colonn2787.jpeg,colon_n/colonn2787.jpeg,colon_n,train
colonn2788.jpeg,colon_n/colonn2788.jpeg,colon_n,train
colonn279.jpeg,colon_n/colonn279.jpeg,colon_n,train
colonn2790.jpeg,colon_n/colonn2790.jpeg,colon_n,train
colonn2793.jpeg,colon_n/colonn2793.jpeg,colon_n,train
colonn2794.jpeg,colon_n/colonn2794.jpeg,colon_n,train
colonn2795.jpeg,colon_n/colonn2795.jpeg,colon_n,train
colonn2798.jpeg,colon_n/colonn2798.jpeg,colon_n,train
colonn2799.jpeg,colon_n/colonn2799.jpeg,colon_n,train
colonn28.jpeg,colon_n/colonn28.jpeg,colon_n,train
colonn280.jpeg,colon_n/colonn280.jpeg,colon_n,train
colonn2800.jpeg,colon_n/colonn2800.jpeg,colon_n,train
colonn2801.jpeg,colon_n/colonn2801.jpeg,colon_n,train
colonn2802.jpeg,colon_n/colonn2802.jpeg,colon_n,train
colonn2803.jpeg,colon_n/colonn2803.jpeg,colon_n,train
colonn2805.jpeg,colon_n/colonn2805.jpeg,colon_n,train
colonn2806.jpeg,colon_n/colonn2806.jpeg,colon_n,train
colonn2807.jpeg,colon_n/colonn2807.jpeg,colon_n,train
colonn2808.jpeg,colon_n/colonn2808.jpeg,colon_n,train
colonn2809.jpeg,colon_n/colonn2809.jpeg,colon_n,train
colonn281.jpeg,colon_n/colonn281.jpeg,colon_n,train
colonn2810.jpeg,colon_n/colonn2810.jpeg,colon_n,train
colonn2811.jpeg,colon_n/colonn2811.jpeg,colon_n,train
colonn2812.jpeg,colon_n/colonn2812.jpeg,colon_n,train
colonn2814.jpeg,colon_n/colonn2814.jpeg,colon_n,train
colonn2815.jpeg,colon_n/colonn2815.jpeg,colon_n,train
colonn2816.jpeg,colon_n/colonn2816.jpeg,colon_n,train
colonn2817.jpeg,colon_n/colonn2817.jpeg,colon_n,train
colonn2818.jpeg,colon_n/colonn2818.jpeg,colon_n,train
colonn2819.jpeg,colon_n/colonn2819.jpeg,colon_n,train
colonn282.jpeg,colon_n/colonn282.jpeg,colon_n,train
colonn2821.jpeg,colon_n/colonn2821.jpeg,colon_n,train
colonn2823.jpeg,colon_n/colonn2823.jpeg,colon_n,train
colonn2824.jpeg,colon_n/colonn2824.jpeg,colon_n,train
colonn2825.jpeg,colon_n/colonn2825.jpeg,colon_n,train
colonn2826.jpeg,colon_n/colonn2826.jpeg,colon_n,train
colonn2827.jpeg,colon_n/colonn2827.jpeg,colon_n,train
colonn2828.jpeg,colon_n/colonn2828.jpeg,colon_n,train
colonn283.jpeg,colon_n/colonn283.jpeg,colon_n,train
colonn2830.jpeg,colon_n/colonn2830.jpeg,colon_n,train
colonn2831.jpeg,colon_n/colonn2831.jpeg,colon_n,train
colonn2833.jpeg,colon_n/colonn2833.jpeg,colon_n,train
colonn2835.jpeg,colon_n/colonn2835.jpeg,colon_n,train
colonn2836.jpeg,colon_n/colonn2836.jpeg,colon_n,train
colonn2837.jpeg,colon_n/colonn2837.jpeg,colon_n,train
colonn2838.jpeg,colon_n/colonn2838.jpeg,colon_n,train
colonn2839.jpeg,colon_n/colonn2839.jpeg,colon_n,train
colonn2840.jpeg,colon_n/colonn2840.jpeg,colon_n,train
colonn2844.jpeg,colon_n/colonn2844.jpeg,colon_n,train
colonn2845.jpeg,colon_n/colonn2845.jpeg,colon_n,train
colonn2846.jpeg,colon_n/colonn2846.jpeg,colon_n,train
colonn2848.jpeg,colon_n/colonn2848.jpeg,colon_n,train
colonn285.jpeg,colon_n/colonn285.jpeg,colon_n,train
colonn2850.jpeg,colon_n/colonn2850.jpeg,colon_n,train
colonn2851.jpeg,colon_n/colonn2851.jpeg,colon_n,train
colonn2852.jpeg,colon_n/colonn2852.jpeg,colon_n,train
colonn2855.jpeg,colon_n/colonn2855.jpeg,colon_n,train
colonn2857.jpeg,colon_n/colonn2857.jpeg,colon_n,train
colonn2858.jpeg,colon_n/colonn2858.jpeg,colon_n,train
colonn2859.jpeg,colon_n/colonn2859.jpeg,colon_n,train
colonn286.jpeg,colon_n/colonn286.jpeg,colon_n,train
colonn2860.jpeg,colon_n/colonn2860.jpeg,colon_n,train
colonn2861.jpeg,colon_n/colonn2861.jpeg,colon_n,train
colonn2863.jpeg,colon_n/colonn2863.jpeg,colon_n,train
colonn2865.jpeg,colon_n/colonn2865.jpeg,colon_n,train
colonn2866.jpeg,colon_n/colonn2866.jpeg,colon_n,train
colonn2868.jpeg,colon_n/colonn2868.jpeg,colon_n,train
colonn2870.jpeg,colon_n/colonn2870.jpeg,colon_n,train
colonn2871.jpeg,colon_n/colonn2871.jpeg,colon_n,train
colonn2872.jpeg,colon_n/colonn2872.jpeg,colon_n,train
colonn2873.jpeg,colon_n/colonn2873.jpeg,colon_n,train
colonn2875.jpeg,colon_n/colonn2875.jpeg,colon_n,train
colonn2877.jpeg,colon_n/colonn2877.jpeg,colon_n,train
colonn2878.jpeg,colon_n/colonn2878.jpeg,colon_n,train
colonn2879.jpeg,colon_n/colonn2879.jpeg,colon_n,train
colonn2880.jpeg,colon_n/colonn2880.jpeg,colon_n,train
colonn2881.jpeg,colon_n/colonn2881.jpeg,colon_n,train
colonn2882.jpeg,colon_n/colonn2882.jpeg,colon_n,train
colonn2883.jpeg,colon_n/colonn2883.jpeg,colon_n,train
colonn2884.jpeg,colon_n/colonn2884.jpeg,colon_n,train
colonn2885.jpeg,colon_n/colonn2885.jpeg,colon_n,train
colonn2886.jpeg,colon_n/colonn2886.jpeg,colon_n,train
colonn2887.jpeg,colon_n/colonn2887.jpeg,colon_n,train
colonn2888.jpeg,colon_n/colonn2888.jpeg,colon_n,train
colonn2889.jpeg,colon_n/colonn2889.jpeg,colon_n,train
colonn289.jpeg,colon_n/colonn289.jpeg,colon_n,train
colonn2891.jpeg,colon_n/colonn2891.jpeg,colon_n,train
colonn2892.jpeg,colon_n/colonn2892.jpeg,colon_n,train
colonn2893.jpeg,colon_n/colonn2893.jpeg,colon_n,train
colonn2894.jpeg,colon_n/colonn2894.jpeg,colon_n,train
colonn2895.jpeg,colon_n/colonn2895.jpeg,colon_n,train
colonn2896.jpeg,colon_n/colonn2896.jpeg,colon_n,train
colonn2897.jpeg,colon_n/colonn2897.jpeg,colon_n,train
colonn2898.jpeg,colon_n/colonn2898.jpeg,colon_n,train
colonn2899.jpeg,colon_n/colonn2899.jpeg,colon_n,train
colonn2900.jpeg,colon_n/colonn2900.jpeg,colon_n,train
colonn2901.jpeg,colon_n/colonn2901.jpeg,colon_n,train
colonn2903.jpeg,colon_n/colonn2903.jpeg,colon_n,train
colonn2904.jpeg,colon_n/colonn2904.jpeg,colon_n,train
colonn2906.jpeg,colon_n/colonn2906.jpeg,colon_n,train
colonn2907.jpeg,colon_n/colonn2907.jpeg,colon_n,train
colonn2908.jpeg,colon_n/colonn2908.jpeg,colon_n,train
colonn2909.jpeg,colon_n/colonn2909.jpeg,colon_n,train
colonn291.jpeg,colon_n/colonn291.jpeg,colon_n,train
colonn2910.jpeg,colon_n/colonn2910.jpeg,colon_n,train
colonn2911.jpeg,colon_n/colonn2911.jpeg,colon_n,train
colonn2912.jpeg,colon_n/colonn2912.jpeg,colon_n,train
colonn2915.jpeg,colon_n/colonn2915.jpeg,colon_n,train
colonn2916.jpeg,colon_n/colonn2916.jpeg,colon_n,train
colonn2917.jpeg,colon_n/colonn2917.jpeg,colon_n,train
colonn2918.jpeg,colon_n/colonn2918.jpeg,colon_n,train
colonn2919.jpeg,colon_n/colonn2919.jpeg,colon_n,train
colonn2920.jpeg,colon_n/colonn2920.jpeg,colon_n,train
colonn2921.jpeg,colon_n/colonn2921.jpeg,colon_n,train
colonn2922.jpeg,colon_n/colonn2922.jpeg,colon_n,train
colonn2924.jpeg,colon_n/colonn2924.jpeg,colon_n,train
colonn2926.jpeg,colon_n/colonn2926.jpeg,colon_n,train
colonn2927.jpeg,colon_n/colonn2927.jpeg,colon_n,train
colonn2929.jpeg,colon_n/colonn2929.jpeg,colon_n,train
colonn293.jpeg,colon_n/colonn293.jpeg,colon_n,train
colonn2931.jpeg,colon_n/colonn2931.jpeg,colon_n,train
colonn2932.jpeg,colon_n/colonn2932.jpeg,colon_n,train
colonn2933.jpeg,colon_n/colonn2933.jpeg,colon_n,train
colonn2935.jpeg,colon_n/colonn2935.jpeg,colon_n,train
colonn2936.jpeg,colon_n/colonn2936.jpeg,colon_n,train
colonn2941.jpeg,colon_n/colonn2941.jpeg,colon_n,train
colonn2942.jpeg,colon_n/colonn2942.jpeg,colon_n,train
colonn2943.jpeg,colon_n/colonn2943.jpeg,colon_n,train
colonn2944.jpeg,colon_n/colonn2944.jpeg,colon_n,train
colonn2945.jpeg,colon_n/colonn2945.jpeg,colon_n,train
colonn2946.jpeg,colon_n/colonn2946.jpeg,colon_n,train
colonn2947.jpeg,colon_n/colonn2947.jpeg,colon_n,train
colonn295.jpeg,colon_n/colonn295.jpeg,colon_n,train
colonn2950.jpeg,colon_n/colonn2950.jpeg,colon_n,train
colonn2951.jpeg,colon_n/colonn2951.jpeg,colon_n,train
colonn2952.jpeg,colon_n/colonn2952.jpeg,colon_n,train
colonn2953.jpeg,colon_n/colonn2953.jpeg,colon_n,train
colonn2954.jpeg,colon_n/colonn2954.jpeg,colon_n,train
colonn2955.jpeg,colon_n/colonn2955.jpeg,colon_n,train
colonn2958.jpeg,colon_n/colonn2958.jpeg,colon_n,train
colonn2959.jpeg,colon_n/colonn2959.jpeg,colon_n,train
colonn296.jpeg,colon_n/colonn296.jpeg,colon_n,train
colonn2960.jpeg,colon_n/colonn2960.jpeg,colon_n,train
colonn2961.jpeg,colon_n/colonn2961.jpeg,colon_n,train
colonn2962.jpeg,colon_n/colonn2962.jpeg,colon_n,train
colonn2963.jpeg,colon_n/colonn2963.jpeg,colon_n,train
colonn2965.jpeg,colon_n/colonn2965.jpeg,colon_n,train
colonn2966.jpeg,colon_n/colonn2966.jpeg,colon_n,train
colonn2967.jpeg,colon_n/colonn2967.jpeg,colon_n,train
colonn2968.jpeg,colon_n/colonn2968.jpeg,colon_n,train
colonn2969.jpeg,colon_n/colonn2969.jpeg,colon_n,train
colonn297.jpeg,colon_n/colonn297.jpeg,colon_n,train
colonn2970.jpeg,colon_n/colonn2970.jpeg,colon_n,train
colonn2972.jpeg,colon_n/colonn2972.jpeg,colon_n,train
colonn2973.jpeg,colon_n/colonn2973.jpeg,colon_n,train
colonn2974.jpeg,colon_n/colonn2974.jpeg,colon_n,train
colonn2975.jpeg,colon_n/colonn2975.jpeg,colon_n,train
colonn2976.jpeg,colon_n/colonn2976.jpeg,colon_n,train
colonn2977.jpeg,colon_n/colonn2977.jpeg,colon_n,train
colonn2978.jpeg,colon_n/colonn2978.jpeg,colon_n,train
colonn2979.jpeg,colon_n/colonn2979.jpeg,colon_n,train
colonn298.jpeg,colon_n/colonn298.jpeg,colon_n,train
colonn2980.jpeg,colon_n/colonn2980.jpeg,colon_n,train
colonn2982.jpeg,colon_n/colonn2982.jpeg,colon_n,train
colonn2987.jpeg,colon_n/colonn2987.jpeg,colon_n,train
colonn2988.jpeg,colon_n/colonn2988.jpeg,colon_n,train
colonn2989.jpeg,colon_n/colonn2989.jpeg,colon_n,train
colonn2990.jpeg,colon_n/colonn2990.jpeg,colon_n,train
colonn2991.jpeg,colon_n/colonn2991.jpeg,colon_n,train
colonn2992.jpeg,colon_n/colonn2992.jpeg,colon_n,train
colonn2993.jpeg,colon_n/colonn2993.jpeg,colon_n,train
colonn2994.jpeg,colon_n/colonn2994.jpeg,colon_n,train
colonn2995.jpeg,colon_n/colonn2995.jpeg,colon_n,train
colonn2997.jpeg,colon_n/colonn2997.jpeg,colon_n,train
colonn2998.jpeg,colon_n/colonn2998.jpeg,colon_n,train
colonn2999.jpeg,colon_n/colonn2999.jpeg,colon_n,train
colonn30.jpeg,colon_n/colonn30.jpeg,colon_n,train
colonn300.jpeg,colon_n/colonn300.jpeg,colon_n,train
colonn3000.jpeg,colon_n/colonn3000.jpeg,colon_n,train
colonn3003.jpeg,colon_n/colonn3003.jpeg,colon_n,train
colonn3005.jpeg,colon_n/colonn3005.jpeg,colon_n,train
colonn3007.jpeg,colon_n/colonn3007.jpeg,colon_n,train
colonn3008.jpeg,colon_n/colonn3008.jpeg,colon_n,train
colonn3009.jpeg,colon_n/colonn3009.jpeg,colon_n,train
colonn301.jpeg,colon_n/colonn301.jpeg,colon_n,train
colonn3010.jpeg,colon_n/colonn3010.jpeg,colon_n,train
colonn3011.jpeg,colon_n/colonn3011.jpeg,colon_n,train
colonn3012.jpeg,colon_n/colonn3012.jpeg,colon_n,train
colonn3013.jpeg,colon_n/colonn3013.jpeg,colon_n,train
colonn3015.jpeg,colon_n/colonn3015.jpeg,colon_n,train
colonn3016.jpeg,colon_n/colonn3016.jpeg,colon_n,train
colonn3017.jpeg,colon_n/colonn3017.jpeg,colon_n,train
colonn3018.jpeg,colon_n/colonn3018.jpeg,colon_n,train
colonn3019.jpeg,colon_n/colonn3019.jpeg,colon_n,train
colonn302.jpeg,colon_n/colonn302.jpeg,colon_n,train
colonn3020.jpeg,colon_n/colonn3020.jpeg,colon_n,train
colonn3021.jpeg,colon_n/colonn3021.jpeg,colon_n,train
colonn3022.jpeg,colon_n/colonn3022.jpeg,colon_n,train
colonn3024.jpeg,colon_n/colonn3024.jpeg,colon_n,train
colonn3025.jpeg,colon_n/colonn3025.jpeg,colon_n,train
colonn3026.jpeg,colon_n/colonn3026.jpeg,colon_n,train
colonn3027.jpeg,colon_n/colonn3027.jpeg,colon_n,train
colonn3028.jpeg,colon_n/colonn3028.jpeg,colon_n,train
colonn3029.jpeg,colon_n/colonn3029.jpeg,colon_n,train
colonn3031.jpeg,colon_n/colonn3031.jpeg,colon_n,train
colonn3034.jpeg,colon_n/colonn3034.jpeg,colon_n,train
colonn3035.jpeg,colon_n/colonn3035.jpeg,colon_n,train
colonn3036.jpeg,colon_n/colonn3036.jpeg,colon_n,train
colonn3039.jpeg,colon_n/colonn3039.jpeg,colon_n,train
colonn304.jpeg,colon_n/colonn304.jpeg,colon_n,train
colonn3040.jpeg,colon_n/colonn3040.jpeg,colon_n,train
colonn3041.jpeg,colon_n/colonn3041.jpeg,colon_n,train
colonn3043.jpeg,colon_n/colonn3043.jpeg,colon_n,train
colonn3044.jpeg,colon_n/colonn3044.jpeg,colon_n,train
colonn3045.jpeg,colon_n/colonn3045.jpeg,colon_n,train
colonn3046.jpeg,colon_n/colonn3046.jpeg,colon_n,train
colonn3047.jpeg,colon_n/colonn3047.jpeg,colon_n,train
colonn3048.jpeg,colon_n/colonn3048.jpeg,colon_n,train
colonn3049.jpeg,colon_n/colonn3049.jpeg,colon_n,train
colonn305.jpeg,colon_n/colonn305.jpeg,colon_n,train
colonn3050.jpeg,colon_n/colonn3050.jpeg,colon_n,train
colonn3051.jpeg,colon_n/colonn3051.jpeg,colon_n,train
colonn3052.jpeg,colon_n/colonn3052.jpeg,colon_n,train
colonn3053.jpeg,colon_n/colonn3053.jpeg,colon_n,train
colonn3054.jpeg,colon_n/colonn3054.jpeg,colon_n,train
colonn3055.jpeg,colon_n/colonn3055.jpeg,colon_n,train
colonn3056.jpeg,colon_n/colonn3056.jpeg,colon_n,train
colonn3057.jpeg,colon_n/colonn3057.jpeg,colon_n,train
colonn3058.jpeg,colon_n/colonn3058.jpeg,colon_n,train
colonn3059.jpeg,colon_n/colonn3059.jpeg,colon_n,train
colonn3060.jpeg,colon_n/colonn3060.jpeg,colon_n,train
colonn3061.jpeg,colon_n/colonn3061.jpeg,colon_n,train
colonn3062.jpeg,colon_n/colonn3062.jpeg,colon_n,train
colonn3063.jpeg,colon_n/colonn3063.jpeg,colon_n,train
colonn3065.jpeg,colon_n/colonn3065.jpeg,colon_n,train
colonn3066.jpeg,colon_n/colonn3066.jpeg,colon_n,train
colonn3068.jpeg,colon_n/colonn3068.jpeg,colon_n,train
colonn307.jpeg,colon_n/colonn307.jpeg,colon_n,train
colonn3070.jpeg,colon_n/colonn3070.jpeg,colon_n,train
colonn3071.jpeg,colon_n/colonn3071.jpeg,colon_n,train
colonn3072.jpeg,colon_n/colonn3072.jpeg,colon_n,train
colonn3073.jpeg,colon_n/colonn3073.jpeg,colon_n,train
colonn3075.jpeg,colon_n/colonn3075.jpeg,colon_n,train
colonn3076.jpeg,colon_n/colonn3076.jpeg,colon_n,train
colonn3077.jpeg,colon_n/colonn3077.jpeg,colon_n,train
colonn3078.jpeg,colon_n/colonn3078.jpeg,colon_n,train
colonn308.jpeg,colon_n/colonn308.jpeg,colon_n,train
colonn3080.jpeg,colon_n/colonn3080.jpeg,colon_n,train
colonn3081.jpeg,colon_n/colonn3081.jpeg,colon_n,train
colonn3082.jpeg,colon_n/colonn3082.jpeg,colon_n,train
colonn3084.jpeg,colon_n/colonn3084.jpeg,colon_n,train
colonn3085.jpeg,colon_n/colonn3085.jpeg,colon_n,train
colonn3086.jpeg,colon_n/colonn3086.jpeg,colon_n,train
colonn309.jpeg,colon_n/colonn309.jpeg,colon_n,train
colonn3090.jpeg,colon_n/colonn3090.jpeg,colon_n,train
colonn3091.jpeg,colon_n/colonn3091.jpeg,colon_n,train
colonn3092.jpeg,colon_n/colonn3092.jpeg,colon_n,train
colonn3094.jpeg,colon_n/colonn3094.jpeg,colon_n,train
colonn3095.jpeg,colon_n/colonn3095.jpeg,colon_n,train
colonn3099.jpeg,colon_n/colonn3099.jpeg,colon_n,train
colonn31.jpeg,colon_n/colonn31.jpeg,colon_n,train
colonn3100.jpeg,colon_n/colonn3100.jpeg,colon_n,train
colonn3101.jpeg,colon_n/colonn3101.jpeg,colon_n,train
colonn3103.jpeg,colon_n/colonn3103.jpeg,colon_n,train
colonn3104.jpeg,colon_n/colonn3104.jpeg,colon_n,train
colonn3105.jpeg,colon_n/colonn3105.jpeg,colon_n,train
colonn3107.jpeg,colon_n/colonn3107.jpeg,colon_n,train
colonn3108.jpeg,colon_n/colonn3108.jpeg,colon_n,train
colonn3109.jpeg,colon_n/colonn3109.jpeg,colon_n,train
colonn3111.jpeg,colon_n/colonn3111.jpeg,colon_n,train
colonn3113.jpeg,colon_n/colonn3113.jpeg,colon_n,train
colonn3114.jpeg,colon_n/colonn3114.jpeg,colon_n,train
colonn3115.jpeg,colon_n/colonn3115.jpeg,colon_n,train
colonn3117.jpeg,colon_n/colonn3117.jpeg,colon_n,train
colonn3118.jpeg,colon_n/colonn3118.jpeg,colon_n,train
colonn3119.jpeg,colon_n/colonn3119.jpeg,colon_n,train
colonn312.jpeg,colon_n/colonn312.jpeg,colon_n,train
colonn3120.jpeg,colon_n/colonn3120.jpeg,colon_n,train
colonn3121.jpeg,colon_n/colonn3121.jpeg,colon_n,train
colonn3122.jpeg,colon_n/colonn3122.jpeg,colon_n,train
colonn3123.jpeg,colon_n/colonn3123.jpeg,colon_n,train
colonn3124.jpeg,colon_n/colonn3124.jpeg,colon_n,train
colonn3125.jpeg,colon_n/colonn3125.jpeg,colon_n,train
colonn3126.jpeg,colon_n/colonn3126.jpeg,colon_n,train
colonn3127.jpeg,colon_n/colonn3127.jpeg,colon_n,train
colonn3128.jpeg,colon_n/colonn3128.jpeg,colon_n,train
colonn3129.jpeg,colon_n/colonn3129.jpeg,colon_n,train
colonn313.jpeg,colon_n/colonn313.jpeg,colon_n,train
colonn3130.jpeg,colon_n/colonn3130.jpeg,colon_n,train
colonn3131.jpeg,colon_n/colonn3131.jpeg,colon_n,train
colonn3132.jpeg,colon_n/colonn3132.jpeg,colon_n,train
colonn3134.jpeg,colon_n/colonn3134.jpeg,colon_n,train
colonn3136.jpeg,colon_n/colonn3136.jpeg,colon_n,train
colonn3137.jpeg,colon_n/colonn3137.jpeg,colon_n,train
colonn3138.jpeg,colon_n/colonn3138.jpeg,colon_n,train
colonn3139.jpeg,colon_n/colonn3139.jpeg,colon_n,train
colonn314.jpeg,colon_n/colonn314.jpeg,colon_n,train
colonn3140.jpeg,colon_n/colonn3140.jpeg,colon_n,train
colonn3142.jpeg,colon_n/colonn3142.jpeg,colon_n,train
colonn3144.jpeg,colon_n/colonn3144.jpeg,colon_n,train
colonn3145.jpeg,colon_n/colonn3145.jpeg,colon_n,train
colonn3147.jpeg,colon_n/colonn3147.jpeg,colon_n,train
colonn3148.jpeg,colon_n/colonn3148.jpeg,colon_n,train
colonn3149.jpeg,colon_n/colonn3149.jpeg,colon_n,train
colonn315.jpeg,colon_n/colonn315.jpeg,colon_n,train
colonn3150.jpeg,colon_n/colonn3150.jpeg,colon_n,train
colonn3151.jpeg,colon_n/colonn3151.jpeg,colon_n,train
colonn3152.jpeg,colon_n/colonn3152.jpeg,colon_n,train
colonn3153.jpeg,colon_n/colonn3153.jpeg,colon_n,train
colonn3154.jpeg,colon_n/colonn3154.jpeg,colon_n,train
colonn3155.jpeg,colon_n/colonn3155.jpeg,colon_n,train
colonn3156.jpeg,colon_n/colonn3156.jpeg,colon_n,train
colonn3157.jpeg,colon_n/colonn3157.jpeg,colon_n,train
colonn3159.jpeg,colon_n/colonn3159.jpeg,colon_n,train
colonn316.jpeg,colon_n/colonn316.jpeg,colon_n,train
colonn3160.jpeg,colon_n/colonn3160.jpeg,colon_n,train
colonn3161.jpeg,colon_n/colonn3161.jpeg,colon_n,train
colonn3163.jpeg,colon_n/colonn3163.jpeg,colon_n,train
colonn3164.jpeg,colon_n/colonn3164.jpeg,colon_n,train
colonn3165.jpeg,colon_n/colonn3165.jpeg,colon_n,train
colonn3166.jpeg,colon_n/colonn3166.jpeg,colon_n,train
colonn3167.jpeg,colon_n/colonn3167.jpeg,colon_n,train
colonn3169.jpeg,colon_n/colonn3169.jpeg,colon_n,train
colonn317.jpeg,colon_n/colonn317.jpeg,colon_n,train
colonn3170.jpeg,colon_n/colonn3170.jpeg,colon_n,train
colonn3172.jpeg,colon_n/colonn3172.jpeg,colon_n,train
colonn3175.jpeg,colon_n/colonn3175.jpeg,colon_n,train
colonn3176.jpeg,colon_n/colonn3176.jpeg,colon_n,train
colonn3177.jpeg,colon_n/colonn3177.jpeg,colon_n,train
colonn3178.jpeg,colon_n/colonn3178.jpeg,colon_n,train
colonn3179.jpeg,colon_n/colonn3179.jpeg,colon_n,train
colonn318.jpeg,colon_n/colonn318.jpeg,colon_n,train
colonn3180.jpeg,colon_n/colonn3180.jpeg,colon_n,train
colonn3181.jpeg,colon_n/colonn3181.jpeg,colon_n,train
colonn3182.jpeg,colon_n/colonn3182.jpeg,colon_n,train
colonn3183.jpeg,colon_n/colonn3183.jpeg,colon_n,train
colonn3185.jpeg,colon_n/colonn3185.jpeg,colon_n,train
colonn3186.jpeg,colon_n/colonn3186.jpeg,colon_n,train
colonn3187.jpeg,colon_n/colonn3187.jpeg,colon_n,train
colonn3188.jpeg,colon_n/colonn3188.jpeg,colon_n,train
colonn3189.jpeg,colon_n/colonn3189.jpeg,colon_n,train
colonn319.jpeg,colon_n/colonn319.jpeg,colon_n,train
colonn3190.jpeg,colon_n/colonn3190.jpeg,colon_n,train
colonn3191.jpeg,colon_n/colonn3191.jpeg,colon_n,train
colonn3192.jpeg,colon_n/colonn3192.jpeg,colon_n,train
colonn3193.jpeg,colon_n/colonn3193.jpeg,colon_n,train
colonn3194.jpeg,colon_n/colonn3194.jpeg,colon_n,train
colonn3195.jpeg,colon_n/colonn3195.jpeg,colon_n,train
colonn3197.jpeg,colon_n/colonn3197.jpeg,colon_n,train
colonn3198.jpeg,colon_n/colonn3198.jpeg,colon_n,train
colonn3199.jpeg,colon_n/colonn3199.jpeg,colon_n,train
colonn32.jpeg,colon_n/colonn32.jpeg,colon_n,train
colonn320.jpeg,colon_n/colonn320.jpeg,colon_n,train
colonn3201.jpeg,colon_n/colonn3201.jpeg,colon_n,train
colonn3202.jpeg,colon_n/colonn3202.jpeg,colon_n,train
colonn3203.jpeg,colon_n/colonn3203.jpeg,colon_n,train
colonn3204.jpeg,colon_n/colonn3204.jpeg,colon_n,train
colonn3206.jpeg,colon_n/colonn3206.jpeg,colon_n,train
colonn3208.jpeg,colon_n/colonn3208.jpeg,colon_n,train
colonn3209.jpeg,colon_n/colonn3209.jpeg,colon_n,train
colonn3210.jpeg,colon_n/colonn3210.jpeg,colon_n,train
colonn3211.jpeg,colon_n/colonn3211.jpeg,colon_n,train
colonn3212.jpeg,colon_n/colonn3212.jpeg,colon_n,train
colonn3213.jpeg,colon_n/colonn3213.jpeg,colon_n,train
colonn3214.jpeg,colon_n/colonn3214.jpeg,colon_n,train
colonn3215.jpeg,colon_n/colonn3215.jpeg,colon_n,train
colonn3216.jpeg,colon_n/colonn3216.jpeg,colon_n,train
colonn3217.jpeg,colon_n/colonn3217.jpeg,colon_n,train
colonn3218.jpeg,colon_n/colonn3218.jpeg,colon_n,train
colonn3220.jpeg,colon_n/colonn3220.jpeg,colon_n,train
colonn3221.jpeg,colon_n/colonn3221.jpeg,colon_n,train
colonn3222.jpeg,colon_n/colonn3222.jpeg,colon_n,train
colonn3223.jpeg,colon_n/colonn3223.jpeg,colon_n,train
colonn3224.jpeg,colon_n/colonn3224.jpeg,colon_n,train
colonn3225.jpeg,colon_n/colonn3225.jpeg,colon_n,train
colonn3226.jpeg,colon_n/colonn3226.jpeg,colon_n,train
colonn3227.jpeg,colon_n/colonn3227.jpeg,colon_n,train
colonn3228.jpeg,colon_n/colonn3228.jpeg,colon_n,train
colonn3229.jpeg,colon_n/colonn3229.jpeg,colon_n,train
colonn323.jpeg,colon_n/colonn323.jpeg,colon_n,train
colonn3230.jpeg,colon_n/colonn3230.jpeg,colon_n,train
colonn3232.jpeg,colon_n/colonn3232.jpeg,colon_n,train
colonn3233.jpeg,colon_n/colonn3233.jpeg,colon_n,train
colonn3234.jpeg,colon_n/colonn3234.jpeg,colon_n,train
colonn3235.jpeg,colon_n/colonn3235.jpeg,colon_n,train
colonn3237.jpeg,colon_n/colonn3237.jpeg,colon_n,train
colonn3238.jpeg,colon_n/colonn3238.jpeg,colon_n,train
colonn3239.jpeg,colon_n/colonn3239.jpeg,colon_n,train
colonn324.jpeg,colon_n/colonn324.jpeg,colon_n,train
colonn3240.jpeg,colon_n/colonn3240.jpeg,colon_n,train
colonn3241.jpeg,colon_n/colonn3241.jpeg,colon_n,train
colonn3242.jpeg,colon_n/colonn3242.jpeg,colon_n,train
colonn3243.jpeg,colon_n/colonn3243.jpeg,colon_n,train
colonn3244.jpeg,colon_n/colonn3244.jpeg,colon_n,train
colonn3246.jpeg,colon_n/colonn3246.jpeg,colon_n,train
colonn3247.jpeg,colon_n/colonn3247.jpeg,colon_n,train
colonn3248.jpeg,colon_n/colonn3248.jpeg,colon_n,train
colonn3249.jpeg,colon_n/colonn3249.jpeg,colon_n,train
colonn325.jpeg,colon_n/colonn325.jpeg,colon_n,train
colonn3251.jpeg,colon_n/colonn3251.jpeg,colon_n,train
colonn3253.jpeg,colon_n/colonn3253.jpeg,colon_n,train
colonn3254.jpeg,colon_n/colonn3254.jpeg,colon_n,train
colonn3255.jpeg,colon_n/colonn3255.jpeg,colon_n,train
colonn3256.jpeg,colon_n/colonn3256.jpeg,colon_n,train
colonn3257.jpeg,colon_n/colonn3257.jpeg,colon_n,train
colonn3258.jpeg,colon_n/colonn3258.jpeg,colon_n,train
colonn3260.jpeg,colon_n/colonn3260.jpeg,colon_n,train
colonn3261.jpeg,colon_n/colonn3261.jpeg,colon_n,train
colonn3262.jpeg,colon_n/colonn3262.jpeg,colon_n,train
colonn3263.jpeg,colon_n/colonn3263.jpeg,colon_n,train
colonn3264.jpeg,colon_n/colonn3264.jpeg,colon_n,train
colonn3265.jpeg,colon_n/colonn3265.jpeg,colon_n,train
colonn3266.jpeg,colon_n/colonn3266.jpeg,colon_n,train
colonn3267.jpeg,colon_n/colonn3267.jpeg,colon_n,train
colonn3268.jpeg,colon_n/colonn3268.jpeg,colon_n,train
colonn327.jpeg,colon_n/colonn327.jpeg,colon_n,train
colonn3270.jpeg,colon_n/colonn3270.jpeg,colon_n,train
colonn3271.jpeg,colon_n/colonn3271.jpeg,colon_n,train
colonn3272.jpeg,colon_n/colonn3272.jpeg,colon_n,train
colonn3273.jpeg,colon_n/colonn3273.jpeg,colon_n,train
colonn3274.jpeg,colon_n/colonn3274.jpeg,colon_n,train
colonn3275.jpeg,colon_n/colonn3275.jpeg,colon_n,train
colonn3276.jpeg,colon_n/colonn3276.jpeg,colon_n,train
colonn3277.jpeg,colon_n/colonn3277.jpeg,colon_n,train
colonn3278.jpeg,colon_n/colonn3278.jpeg,colon_n,train
colonn3279.jpeg,colon_n/colonn3279.jpeg,colon_n,train
colonn3280.jpeg,colon_n/colonn3280.jpeg,colon_n,train
colonn3282.jpeg,colon_n/colonn3282.jpeg,colon_n,train
colonn3284.jpeg,colon_n/colonn3284.jpeg,colon_n,train
colonn3286.jpeg,colon_n/colonn3286.jpeg,colon_n,train
colonn3287.jpeg,colon_n/colonn3287.jpeg,colon_n,train
colonn3288.jpeg,colon_n/colonn3288.jpeg,colon_n,train
colonn3289.jpeg,colon_n/colonn3289.jpeg,colon_n,train
colonn329.jpeg,colon_n/colonn329.jpeg,colon_n,train
colonn3290.jpeg,colon_n/colonn3290.jpeg,colon_n,train
colonn3291.jpeg,colon_n/colonn3291.jpeg,colon_n,train
colonn3292.jpeg,colon_n/colonn3292.jpeg,colon_n,train
colonn3293.jpeg,colon_n/colonn3293.jpeg,colon_n,train
colonn3294.jpeg,colon_n/colonn3294.jpeg,colon_n,train
colonn3295.jpeg,colon_n/colonn3295.jpeg,colon_n,train
colonn3297.jpeg,colon_n/colonn3297.jpeg,colon_n,train
colonn3298.jpeg,colon_n/colonn3298.jpeg,colon_n,train
colonn330.jpeg,colon_n/colonn330.jpeg,colon_n,train
colonn3300.jpeg,colon_n/colonn3300.jpeg,colon_n,train
colonn3301.jpeg,colon_n/colonn3301.jpeg,colon_n,train
colonn3302.jpeg,colon_n/colonn3302.jpeg,colon_n,train
colonn3303.jpeg,colon_n/colonn3303.jpeg,colon_n,train
colonn3304.jpeg,colon_n/colonn3304.jpeg,colon_n,train
colonn3305.jpeg,colon_n/colonn3305.jpeg,colon_n,train
colonn3306.jpeg,colon_n/colonn3306.jpeg,colon_n,train
colonn3308.jpeg,colon_n/colonn3308.jpeg,colon_n,train
colonn3309.jpeg,colon_n/colonn3309.jpeg,colon_n,train
colonn3310.jpeg,colon_n/colonn3310.jpeg,colon_n,train
colonn3311.jpeg,colon_n/colonn3311.jpeg,colon_n,train
colonn3313.jpeg,colon_n/colonn3313.jpeg,colon_n,train
colonn3314.jpeg,colon_n/colonn3314.jpeg,colon_n,train
colonn3315.jpeg,colon_n/colonn3315.jpeg,colon_n,train
colonn3316.jpeg,colon_n/colonn3316.jpeg,colon_n,train
colonn3317.jpeg,colon_n/colonn3317.jpeg,colon_n,train
colonn3318.jpeg,colon_n/colonn3318.jpeg,colon_n,train
colonn3319.jpeg,colon_n/colonn3319.jpeg,colon_n,train
colonn332.jpeg,colon_n/colonn332.jpeg,colon_n,train
colonn3320.jpeg,colon_n/colonn3320.jpeg,colon_n,train
colonn3321.jpeg,colon_n/colonn3321.jpeg,colon_n,train
colonn3322.jpeg,colon_n/colonn3322.jpeg,colon_n,train
colonn3324.jpeg,colon_n/colonn3324.jpeg,colon_n,train
colonn3328.jpeg,colon_n/colonn3328.jpeg,colon_n,train
colonn3329.jpeg,colon_n/colonn3329.jpeg,colon_n,train
colonn333.jpeg,colon_n/colonn333.jpeg,colon_n,train
colonn3331.jpeg,colon_n/colonn3331.jpeg,colon_n,train
colonn3332.jpeg,colon_n/colonn3332.jpeg,colon_n,train
colonn3335.jpeg,colon_n/colonn3335.jpeg,colon_n,train
colonn3336.jpeg,colon_n/colonn3336.jpeg,colon_n,train
colonn3337.jpeg,colon_n/colonn3337.jpeg,colon_n,train
colonn3338.jpeg,colon_n/colonn3338.jpeg,colon_n,train
colonn3339.jpeg,colon_n/colonn3339.jpeg,colon_n,train
colonn334.jpeg,colon_n/colonn334.jpeg,colon_n,train
colonn3340.jpeg,colon_n/colonn3340.jpeg,colon_n,train
colonn3342.jpeg,colon_n/colonn3342.jpeg,colon_n,train
colonn3343.jpeg,colon_n/colonn3343.jpeg,colon_n,train
colonn3344.jpeg,colon_n/colonn3344.jpeg,colon_n,train
colonn3345.jpeg,colon_n/colonn3345.jpeg,colon_n,train
colonn3346.jpeg,colon_n/colonn3346.jpeg,colon_n,train
colonn3347.jpeg,colon_n/colonn3347.jpeg,colon_n,train
colonn3348.jpeg,colon_n/colonn3348.jpeg,colon_n,train
colonn3349.jpeg,colon_n/colonn3349.jpeg,colon_n,train
colonn335.jpeg,colon_n/colonn335.jpeg,colon_n,train
colonn3351.jpeg,colon_n/colonn3351.jpeg,colon_n,train
colonn3352.jpeg,colon_n/colonn3352.jpeg,colon_n,train
colonn3353.jpeg,colon_n/colonn3353.jpeg,colon_n,train
colonn3354.jpeg,colon_n/colonn3354.jpeg,colon_n,train
colonn3355.jpeg,colon_n/colonn3355.jpeg,colon_n,train
colonn3356.jpeg,colon_n/colonn3356.jpeg,colon_n,train
colonn3357.jpeg,colon_n/colonn3357.jpeg,colon_n,train
colonn3358.jpeg,colon_n/colonn3358.jpeg,colon_n,train
colonn3359.jpeg,colon_n/colonn3359.jpeg,colon_n,train
colonn336.jpeg,colon_n/colonn336.jpeg,colon_n,train
colonn3363.jpeg,colon_n/colonn3363.jpeg,colon_n,train
colonn3366.jpeg,colon_n/colonn3366.jpeg,colon_n,train
colonn3367.jpeg,colon_n/colonn3367.jpeg,colon_n,train
colonn3368.jpeg,colon_n/colonn3368.jpeg,colon_n,train
colonn3369.jpeg,colon_n/colonn3369.jpeg,colon_n,train
colonn337.jpeg,colon_n/colonn337.jpeg,colon_n,train
colonn3370.jpeg,colon_n/colonn3370.jpeg,colon_n,train
colonn3371.jpeg,colon_n/colonn3371.jpeg,colon_n,train
colonn3372.jpeg,colon_n/colonn3372.jpeg,colon_n,train
colonn3373.jpeg,colon_n/colonn3373.jpeg,colon_n,train
colonn3374.jpeg,colon_n/colonn3374.jpeg,colon_n,train
colonn3375.jpeg,colon_n/colonn3375.jpeg,colon_n,train
colonn3376.jpeg,colon_n/colonn3376.jpeg,colon_n,train
colonn3378.jpeg,colon_n/colonn3378.jpeg,colon_n,train
colonn3379.jpeg,colon_n/colonn3379.jpeg,colon_n,train
colonn338.jpeg,colon_n/colonn338.jpeg,colon_n,train
colonn3381.jpeg,colon_n/colonn3381.jpeg,colon_n,train
colonn3382.jpeg,colon_n/colonn3382.jpeg,colon_n,train
colonn3383.jpeg,colon_n/colonn3383.jpeg,colon_n,train
colonn3384.jpeg,colon_n/colonn3384.jpeg,colon_n,train
colonn3385.jpeg,colon_n/colonn3385.jpeg,colon_n,train
colonn3386.jpeg,colon_n/colonn3386.jpeg,colon_n,train
colonn3387.jpeg,colon_n/colonn3387.jpeg,colon_n,train
colonn3389.jpeg,colon_n/colonn3389.jpeg,colon_n,train
colonn339.jpeg,colon_n/colonn339.jpeg,colon_n,train
colonn3390.jpeg,colon_n/colonn3390.jpeg,colon_n,train
colonn3392.jpeg,colon_n/colonn3392.jpeg,colon_n,train
colonn3393.jpeg,colon_n/colonn3393.jpeg,colon_n,train
colonn3394.jpeg,colon_n/colonn3394.jpeg,colon_n,train
colonn3395.jpeg,colon_n/colonn3395.jpeg,colon_n,train
colonn3399.jpeg,colon_n/colonn3399.jpeg,colon_n,train
colonn34.jpeg,colon_n/colonn34.jpeg,colon_n,train
colonn340.jpeg,colon_n/colonn340.jpeg,colon_n,train
colonn3400.jpeg,colon_n/colonn3400.jpeg,colon_n,train
colonn3401.jpeg,colon_n/colonn3401.jpeg,colon_n,train
colonn3402.jpeg,colon_n/colonn3402.jpeg,colon_n,train
colonn3403.jpeg,colon_n/colonn3403.jpeg,colon_n,train
colonn3404.jpeg,colon_n/colonn3404.jpeg,colon_n,train
colonn3405.jpeg,colon_n/colonn3405.jpeg,colon_n,train
colonn3406.jpeg,colon_n/colonn3406.jpeg,colon_n,train
colonn3407.jpeg,colon_n/colonn3407.jpeg,colon_n,train
colonn3408.jpeg,colon_n/colonn3408.jpeg,colon_n,train
colonn3409.jpeg,colon_n/colonn3409.jpeg,colon_n,train
colonn341.jpeg,colon_n/colonn341.jpeg,colon_n,train
colonn3410.jpeg,colon_n/colonn3410.jpeg,colon_n,train
colonn3411.jpeg,colon_n/colonn3411.jpeg,colon_n,train
colonn3412.jpeg,colon_n/colonn3412.jpeg,colon_n,train
colonn3413.jpeg,colon_n/colonn3413.jpeg,colon_n,train
colonn3414.jpeg,colon_n/colonn3414.jpeg,colon_n,train
colonn3415.jpeg,colon_n/colonn3415.jpeg,colon_n,train
colonn3416.jpeg,colon_n/colonn3416.jpeg,colon_n,train
colonn3417.jpeg,colon_n/colonn3417.jpeg,colon_n,train
colonn3418.jpeg,colon_n/colonn3418.jpeg,colon_n,train
colonn342.jpeg,colon_n/colonn342.jpeg,colon_n,train
colonn3420.jpeg,colon_n/colonn3420.jpeg,colon_n,train
colonn3421.jpeg,colon_n/colonn3421.jpeg,colon_n,train
colonn3422.jpeg,colon_n/colonn3422.jpeg,colon_n,train
colonn3424.jpeg,colon_n/colonn3424.jpeg,colon_n,train
colonn3426.jpeg,colon_n/colonn3426.jpeg,colon_n,train
colonn3428.jpeg,colon_n/colonn3428.jpeg,colon_n,train
colonn3429.jpeg,colon_n/colonn3429.jpeg,colon_n,train
colonn343.jpeg,colon_n/colonn343.jpeg,colon_n,train
colonn3430.jpeg,colon_n/colonn3430.jpeg,colon_n,train
colonn3431.jpeg,colon_n/colonn3431.jpeg,colon_n,train
colonn3432.jpeg,colon_n/colonn3432.jpeg,colon_n,train
colonn3434.jpeg,colon_n/colonn3434.jpeg,colon_n,train
colonn3436.jpeg,colon_n/colonn3436.jpeg,colon_n,train
colonn3437.jpeg,colon_n/colonn3437.jpeg,colon_n,train
colonn3439.jpeg,colon_n/colonn3439.jpeg,colon_n,train
colonn3440.jpeg,colon_n/colonn3440.jpeg,colon_n,train
colonn3441.jpeg,colon_n/colonn3441.jpeg,colon_n,train
colonn3442.jpeg,colon_n/colonn3442.jpeg,colon_n,train
colonn3446.jpeg,colon_n/colonn3446.jpeg,colon_n,train
colonn3447.jpeg,colon_n/colonn3447.jpeg,colon_n,train
colonn3448.jpeg,colon_n/colonn3448.jpeg,colon_n,train
colonn3449.jpeg,colon_n/colonn3449.jpeg,colon_n,train
colonn345.jpeg,colon_n/colonn345.jpeg,colon_n,train
colonn3450.jpeg,colon_n/colonn3450.jpeg,colon_n,train
colonn3451.jpeg,colon_n/colonn3451.jpeg,colon_n,train
colonn3452.jpeg,colon_n/colonn3452.jpeg,colon_n,train
colonn3453.jpeg,colon_n/colonn3453.jpeg,colon_n,train
colonn3454.jpeg,colon_n/colonn3454.jpeg,colon_n,train
colonn3455.jpeg,colon_n/colonn3455.jpeg,colon_n,train
colonn3456.jpeg,colon_n/colonn3456.jpeg,colon_n,train
colonn3457.jpeg,colon_n/colonn3457.jpeg,colon_n,train
colonn3458.jpeg,colon_n/colonn3458.jpeg,colon_n,train
colonn3459.jpeg,colon_n/colonn3459.jpeg,colon_n,train
colonn346.jpeg,colon_n/colonn346.jpeg,colon_n,train
colonn3460.jpeg,colon_n/colonn3460.jpeg,colon_n,train
colonn3461.jpeg,colon_n/colonn3461.jpeg,colon_n,train
colonn3462.jpeg,colon_n/colonn3462.jpeg,colon_n,train
colonn3463.jpeg,colon_n/colonn3463.jpeg,colon_n,train
colonn3464.jpeg,colon_n/colonn3464.jpeg,colon_n,train
colonn3465.jpeg,colon_n/colonn3465.jpeg,colon_n,train
colonn3467.jpeg,colon_n/colonn3467.jpeg,colon_n,train
colonn3468.jpeg,colon_n/colonn3468.jpeg,colon_n,train
colonn3469.jpeg,colon_n/colonn3469.jpeg,colon_n,train
colonn347.jpeg,colon_n/colonn347.jpeg,colon_n,train
colonn3470.jpeg,colon_n/colonn3470.jpeg,colon_n,train
colonn3471.jpeg,colon_n/colonn3471.jpeg,colon_n,train
colonn3472.jpeg,colon_n/colonn3472.jpeg,colon_n,train
colonn3473.jpeg,colon_n/colonn3473.jpeg,colon_n,train
colonn3474.jpeg,colon_n/colonn3474.jpeg,colon_n,train
colonn3475.jpeg,colon_n/colonn3475.jpeg,colon_n,train
colonn3476.jpeg,colon_n/colonn3476.jpeg,colon_n,train
colonn3477.jpeg,colon_n/colonn3477.jpeg,colon_n,train
colonn3478.jpeg,colon_n/colonn3478.jpeg,colon_n,train
colonn3479.jpeg,colon_n/colonn3479.jpeg,colon_n,train
colonn348.jpeg,colon_n/colonn348.jpeg,colon_n,train
colonn3480.jpeg,colon_n/colonn3480.jpeg,colon_n,train
colonn3481.jpeg,colon_n/colonn3481.jpeg,colon_n,train
colonn3482.jpeg,colon_n/colonn3482.jpeg,colon_n,train
colonn3483.jpeg,colon_n/colonn3483.jpeg,colon_n,train
colonn3484.jpeg,colon_n/colonn3484.jpeg,colon_n,train
colonn3485.jpeg,colon_n/colonn3485.jpeg,colon_n,train
colonn3487.jpeg,colon_n/colonn3487.jpeg,colon_n,train
colonn3488.jpeg,colon_n/colonn3488.jpeg,colon_n,train
colonn3489.jpeg,colon_n/colonn3489.jpeg,colon_n,train
colonn349.jpeg,colon_n/colonn349.jpeg,colon_n,train
colonn3490.jpeg,colon_n/colonn3490.jpeg,colon_n,train
colonn3491.jpeg,colon_n/colonn3491.jpeg,colon_n,train
colonn3492.jpeg,colon_n/colonn3492.jpeg,colon_n,train
colonn3493.jpeg,colon_n/colonn3493.jpeg,colon_n,train
colonn3495.jpeg,colon_n/colonn3495.jpeg,colon_n,train
colonn3496.jpeg,colon_n/colonn3496.jpeg,colon_n,train
colonn3497.jpeg,colon_n/colonn3497.jpeg,colon_n,train
colonn3498.jpeg,colon_n/colonn3498.jpeg,colon_n,train
colonn3499.jpeg,colon_n/colonn3499.jpeg,colon_n,train
colonn35.jpeg,colon_n/colonn35.jpeg,colon_n,train
colonn350.jpeg,colon_n/colonn350.jpeg,colon_n,train
colonn3500.jpeg,colon_n/colonn3500.jpeg,colon_n,train
colonn3501.jpeg,colon_n/colonn3501.jpeg,colon_n,train
colonn3503.jpeg,colon_n/colonn3503.jpeg,colon_n,train
colonn3504.jpeg,colon_n/colonn3504.jpeg,colon_n,train
colonn3506.jpeg,colon_n/colonn3506.jpeg,colon_n,train
colonn3507.jpeg,colon_n/colonn3507.jpeg,colon_n,train
colonn3508.jpeg,colon_n/colonn3508.jpeg,colon_n,train
colonn3509.jpeg,colon_n/colonn3509.jpeg,colon_n,train
colonn351.jpeg,colon_n/colonn351.jpeg,colon_n,train
colonn3510.jpeg,colon_n/colonn3510.jpeg,colon_n,train
colonn3511.jpeg,colon_n/colonn3511.jpeg,colon_n,train
colonn3512.jpeg,colon_n/colonn3512.jpeg,colon_n,train
colonn3513.jpeg,colon_n/colonn3513.jpeg,colon_n,train
colonn3514.jpeg,colon_n/colonn3514.jpeg,colon_n,train
colonn3515.jpeg,colon_n/colonn3515.jpeg,colon_n,train
colonn3516.jpeg,colon_n/colonn3516.jpeg,colon_n,train
colonn3518.jpeg,colon_n/colonn3518.jpeg,colon_n,train
colonn3520.jpeg,colon_n/colonn3520.jpeg,colon_n,train
colonn3521.jpeg,colon_n/colonn3521.jpeg,colon_n,train
colonn3522.jpeg,colon_n/colonn3522.jpeg,colon_n,train
colonn3523.jpeg,colon_n/colonn3523.jpeg,colon_n,train
colonn3524.jpeg,colon_n/colonn3524.jpeg,colon_n,train
colonn3526.jpeg,colon_n/colonn3526.jpeg,colon_n,train
colonn3527.jpeg,colon_n/colonn3527.jpeg,colon_n,train
colonn3529.jpeg,colon_n/colonn3529.jpeg,colon_n,train
colonn353.jpeg,colon_n/colonn353.jpeg,colon_n,train
colonn3530.jpeg,colon_n/colonn3530.jpeg,colon_n,train
colonn3532.jpeg,colon_n/colonn3532.jpeg,colon_n,train
colonn3535.jpeg,colon_n/colonn3535.jpeg,colon_n,train
colonn3538.jpeg,colon_n/colonn3538.jpeg,colon_n,train
colonn3539.jpeg,colon_n/colonn3539.jpeg,colon_n,train
colonn354.jpeg,colon_n/colonn354.jpeg,colon_n,train
colonn3540.jpeg,colon_n/colonn3540.jpeg,colon_n,train
colonn3541.jpeg,colon_n/colonn3541.jpeg,colon_n,train
colonn3543.jpeg,colon_n/colonn3543.jpeg,colon_n,train
colonn3544.jpeg,colon_n/colonn3544.jpeg,colon_n,train
colonn3545.jpeg,colon_n/colonn3545.jpeg,colon_n,train
colonn3546.jpeg,colon_n/colonn3546.jpeg,colon_n,train
colonn3547.jpeg,colon_n/colonn3547.jpeg,colon_n,train
colonn3548.jpeg,colon_n/colonn3548.jpeg,colon_n,train
colonn3549.jpeg,colon_n/colonn3549.jpeg,colon_n,train
colonn3550.jpeg,colon_n/colonn3550.jpeg,colon_n,train
colonn3551.jpeg,colon_n/colonn3551.jpeg,colon_n,train
colonn3552.jpeg,colon_n/colonn3552.jpeg,colon_n,train
colonn3553.jpeg,colon_n/colonn3553.jpeg,colon_n,train
colonn3554.jpeg,colon_n/colonn3554.jpeg,colon_n,train
colonn3555.jpeg,colon_n/colonn3555.jpeg,colon_n,train
colonn3556.jpeg,colon_n/colonn3556.jpeg,colon_n,train
colonn3557.jpeg,colon_n/colonn3557.jpeg,colon_n,train
colonn3558.jpeg,colon_n/colonn3558.jpeg,colon_n,train
colonn3561.jpeg,colon_n/colonn3561.jpeg,colon_n,train
colonn3562.jpeg,colon_n/colonn3562.jpeg,colon_n,train
colonn3563.jpeg,colon_n/colonn3563.jpeg,colon_n,train
colonn3564.jpeg,colon_n/colonn3564.jpeg,colon_n,train
colonn3566.jpeg,colon_n/colonn3566.jpeg,colon_n,train
colonn3567.jpeg,colon_n/colonn3567.jpeg,colon_n,train
colonn3568.jpeg,colon_n/colonn3568.jpeg,colon_n,train
colonn3569.jpeg,colon_n/colonn3569.jpeg,colon_n,train
colonn357.jpeg,colon_n/colonn357.jpeg,colon_n,train
colonn3570.jpeg,colon_n/colonn3570.jpeg,colon_n,train
colonn3571.jpeg,colon_n/colonn3571.jpeg,colon_n,train
colonn3572.jpeg,colon_n/colonn3572.jpeg,colon_n,train
colonn3573.jpeg,colon_n/colonn3573.jpeg,colon_n,train
colonn3574.jpeg,colon_n/colonn3574.jpeg,colon_n,train
colonn3576.jpeg,colon_n/colonn3576.jpeg,colon_n,train
colonn3577.jpeg,colon_n/colonn3577.jpeg,colon_n,train
colonn3578.jpeg,colon_n/colonn3578.jpeg,colon_n,train
colonn3579.jpeg,colon_n/colonn3579.jpeg,colon_n,train
colonn358.jpeg,colon_n/colonn358.jpeg,colon_n,train
colonn3580.jpeg,colon_n/colonn3580.jpeg,colon_n,train
colonn3581.jpeg,colon_n/colonn3581.jpeg,colon_n,train
colonn3582.jpeg,colon_n/colonn3582.jpeg,colon_n,train
colonn3585.jpeg,colon_n/colonn3585.jpeg,colon_n,train
colonn3586.jpeg,colon_n/colonn3586.jpeg,colon_n,train
colonn3587.jpeg,colon_n/colonn3587.jpeg,colon_n,train
colonn3589.jpeg,colon_n/colonn3589.jpeg,colon_n,train
colonn359.jpeg,colon_n/colonn359.jpeg,colon_n,train
colonn3590.jpeg,colon_n/colonn3590.jpeg,colon_n,train
colonn3591.jpeg,colon_n/colonn3591.jpeg,colon_n,train
colonn3592.jpeg,colon_n/colonn3592.jpeg,colon_n,train
colonn3593.jpeg,colon_n/colonn3593.jpeg,colon_n,train
colonn3594.jpeg,colon_n/colonn3594.jpeg,colon_n,train
colonn3595.jpeg,colon_n/colonn3595.jpeg,colon_n,train
colonn3596.jpeg,colon_n/colonn3596.jpeg,colon_n,train
colonn3597.jpeg,colon_n/colonn3597.jpeg,colon_n,train
colonn3598.jpeg,colon_n/colonn3598.jpeg,colon_n,train
colonn3599.jpeg,colon_n/colonn3599.jpeg,colon_n,train
colonn36.jpeg,colon_n/colonn36.jpeg,colon_n,train
colonn3600.jpeg,colon_n/colonn3600.jpeg,colon_n,train
colonn3602.jpeg,colon_n/colonn3602.jpeg,colon_n,train
colonn3603.jpeg,colon_n/colonn3603.jpeg,colon_n,train
colonn3604.jpeg,colon_n/colonn3604.jpeg,colon_n,train
colonn3606.jpeg,colon_n/colonn3606.jpeg,colon_n,train
colonn3607.jpeg,colon_n/colonn3607.jpeg,colon_n,train
colonn3608.jpeg,colon_n/colonn3608.jpeg,colon_n,train
colonn3609.jpeg,colon_n/colonn3609.jpeg,colon_n,train
colonn361.jpeg,colon_n/colonn361.jpeg,colon_n,train
colonn3610.jpeg,colon_n/colonn3610.jpeg,colon_n,train
colonn3611.jpeg,colon_n/colonn3611.jpeg,colon_n,train
colonn3612.jpeg,colon_n/colonn3612.jpeg,colon_n,train
colonn3613.jpeg,colon_n/colonn3613.jpeg,colon_n,train
colonn3614.jpeg,colon_n/colonn3614.jpeg,colon_n,train
colonn3615.jpeg,colon_n/colonn3615.jpeg,colon_n,train
colonn3616.jpeg,colon_n/colonn3616.jpeg,colon_n,train
colonn3618.jpeg,colon_n/colonn3618.jpeg,colon_n,train
colonn3619.jpeg,colon_n/colonn3619.jpeg,colon_n,train
colonn3620.jpeg,colon_n/colonn3620.jpeg,colon_n,train
colonn3621.jpeg,colon_n/colonn3621.jpeg,colon_n,train
colonn3622.jpeg,colon_n/colonn3622.jpeg,colon_n,train
colonn3624.jpeg,colon_n/colonn3624.jpeg,colon_n,train
colonn3625.jpeg,colon_n/colonn3625.jpeg,colon_n,train
colonn3626.jpeg,colon_n/colonn3626.jpeg,colon_n,train
colonn3627.jpeg,colon_n/colonn3627.jpeg,colon_n,train
colonn3628.jpeg,colon_n/colonn3628.jpeg,colon_n,train
colonn3629.jpeg,colon_n/colonn3629.jpeg,colon_n,train
colonn3630.jpeg,colon_n/colonn3630.jpeg,colon_n,train
colonn3632.jpeg,colon_n/colonn3632.jpeg,colon_n,train
colonn3633.jpeg,colon_n/colonn3633.jpeg,colon_n,train
colonn3634.jpeg,colon_n/colonn3634.jpeg,colon_n,train
colonn3635.jpeg,colon_n/colonn3635.jpeg,colon_n,train
colonn3637.jpeg,colon_n/colonn3637.jpeg,colon_n,train
colonn3638.jpeg,colon_n/colonn3638.jpeg,colon_n,train
colonn3640.jpeg,colon_n/colonn3640.jpeg,colon_n,train
colonn3641.jpeg,colon_n/colonn3641.jpeg,colon_n,train
colonn3642.jpeg,colon_n/colonn3642.jpeg,colon_n,train
colonn3645.jpeg,colon_n/colonn3645.jpeg,colon_n,train
colonn3646.jpeg,colon_n/colonn3646.jpeg,colon_n,train
colonn3647.jpeg,colon_n/colonn3647.jpeg,colon_n,train
colonn3648.jpeg,colon_n/colonn3648.jpeg,colon_n,train
colonn365.jpeg,colon_n/colonn365.jpeg,colon_n,train
colonn3651.jpeg,colon_n/colonn3651.jpeg,colon_n,train
colonn3652.jpeg,colon_n/colonn3652.jpeg,colon_n,train
colonn3653.jpeg,colon_n/colonn3653.jpeg,colon_n,train
colonn3654.jpeg,colon_n/colonn3654.jpeg,colon_n,train
colonn3658.jpeg,colon_n/colonn3658.jpeg,colon_n,train
colonn366.jpeg,colon_n/colonn366.jpeg,colon_n,train
colonn3661.jpeg,colon_n/colonn3661.jpeg,colon_n,train
colonn3663.jpeg,colon_n/colonn3663.jpeg,colon_n,train
colonn3664.jpeg,colon_n/colonn3664.jpeg,colon_n,train
colonn3666.jpeg,colon_n/colonn3666.jpeg,colon_n,train
colonn3667.jpeg,colon_n/colonn3667.jpeg,colon_n,train
colonn3668.jpeg,colon_n/colonn3668.jpeg,colon_n,train
colonn3669.jpeg,colon_n/colonn3669.jpeg,colon_n,train
colonn3670.jpeg,colon_n/colonn3670.jpeg,colon_n,train
colonn3671.jpeg,colon_n/colonn3671.jpeg,colon_n,train
colonn3672.jpeg,colon_n/colonn3672.jpeg,colon_n,train
colonn3673.jpeg,colon_n/colonn3673.jpeg,colon_n,train
colonn3674.jpeg,colon_n/colonn3674.jpeg,colon_n,train
colonn3675.jpeg,colon_n/colonn3675.jpeg,colon_n,train
colonn3676.jpeg,colon_n/colonn3676.jpeg,colon_n,train
colonn3678.jpeg,colon_n/colonn3678.jpeg,colon_n,train
colonn3679.jpeg,colon_n/colonn3679.jpeg,colon_n,train
colonn368.jpeg,colon_n/colonn368.jpeg,colon_n,train
colonn3680.jpeg,colon_n/colonn3680.jpeg,colon_n,train
colonn3682.jpeg,colon_n/colonn3682.jpeg,colon_n,train
colonn3683.jpeg,colon_n/colonn3683.jpeg,colon_n,train
colonn3684.jpeg,colon_n/colonn3684.jpeg,colon_n,train
colonn3685.jpeg,colon_n/colonn3685.jpeg,colon_n,train
colonn3687.jpeg,colon_n/colonn3687.jpeg,colon_n,train
colonn3688.jpeg,colon_n/colonn3688.jpeg,colon_n,train
colonn3689.jpeg,colon_n/colonn3689.jpeg,colon_n,train
colonn369.jpeg,colon_n/colonn369.jpeg,colon_n,train
colonn3691.jpeg,colon_n/colonn3691.jpeg,colon_n,train
colonn3693.jpeg,colon_n/colonn3693.jpeg,colon_n,train
colonn3694.jpeg,colon_n/colonn3694.jpeg,colon_n,train
colonn3698.jpeg,colon_n/colonn3698.jpeg,colon_n,train
colonn37.jpeg,colon_n/colonn37.jpeg,colon_n,train
colonn370.jpeg,colon_n/colonn370.jpeg,colon_n,train
colonn3700.jpeg,colon_n/colonn3700.jpeg,colon_n,train
colonn3701.jpeg,colon_n/colonn3701.jpeg,colon_n,train
colonn3702.jpeg,colon_n/colonn3702.jpeg,colon_n,train
colonn3704.jpeg,colon_n/colonn3704.jpeg,colon_n,train
colonn3705.jpeg,colon_n/colonn3705.jpeg,colon_n,train
colonn3706.jpeg,colon_n/colonn3706.jpeg,colon_n,train
colonn3707.jpeg,colon_n/colonn3707.jpeg,colon_n,train
colonn3708.jpeg,colon_n/colonn3708.jpeg,colon_n,train
colonn3709.jpeg,colon_n/colonn3709.jpeg,colon_n,train
colonn371.jpeg,colon_n/colonn371.jpeg,colon_n,train
colonn3710.jpeg,colon_n/colonn3710.jpeg,colon_n,train
colonn3711.jpeg,colon_n/colonn3711.jpeg,colon_n,train
colonn3712.jpeg,colon_n/colonn3712.jpeg,colon_n,train
colonn3713.jpeg,colon_n/colonn3713.jpeg,colon_n,train
colonn3714.jpeg,colon_n/colonn3714.jpeg,colon_n,train
colonn3715.jpeg,colon_n/colonn3715.jpeg,colon_n,train
colonn3716.jpeg,colon_n/colonn3716.jpeg,colon_n,train
colonn3717.jpeg,colon_n/colonn3717.jpeg,colon_n,train
colonn3718.jpeg,colon_n/colonn3718.jpeg,colon_n,train
colonn3719.jpeg,colon_n/colonn3719.jpeg,colon_n,train
colonn372.jpeg,colon_n/colonn372.jpeg,colon_n,train
colonn3720.jpeg,colon_n/colonn3720.jpeg,colon_n,train
colonn3721.jpeg,colon_n/colonn3721.jpeg,colon_n,train
colonn3723.jpeg,colon_n/colonn3723.jpeg,colon_n,train
colonn3724.jpeg,colon_n/colonn3724.jpeg,colon_n,train
colonn3725.jpeg,colon_n/colonn3725.jpeg,colon_n,train
colonn3726.jpeg,colon_n/colonn3726.jpeg,colon_n,train
colonn3727.jpeg,colon_n/colonn3727.jpeg,colon_n,train
colonn3729.jpeg,colon_n/colonn3729.jpeg,colon_n,train
colonn3730.jpeg,colon_n/colonn3730.jpeg,colon_n,train
colonn3731.jpeg,colon_n/colonn3731.jpeg,colon_n,train
colonn3733.jpeg,colon_n/colonn3733.jpeg,colon_n,train
colonn3734.jpeg,colon_n/colonn3734.jpeg,colon_n,train
colonn3736.jpeg,colon_n/colonn3736.jpeg,colon_n,train
colonn3738.jpeg,colon_n/colonn3738.jpeg,colon_n,train
colonn3739.jpeg,colon_n/colonn3739.jpeg,colon_n,train
colonn374.jpeg,colon_n/colonn374.jpeg,colon_n,train
colonn3740.jpeg,colon_n/colonn3740.jpeg,colon_n,train
colonn3741.jpeg,colon_n/colonn3741.jpeg,colon_n,train
colonn3742.jpeg,colon_n/colonn3742.jpeg,colon_n,train
colonn3744.jpeg,colon_n/colonn3744.jpeg,colon_n,train
colonn3745.jpeg,colon_n/colonn3745.jpeg,colon_n,train
colonn3746.jpeg,colon_n/colonn3746.jpeg,colon_n,train
colonn3747.jpeg,colon_n/colonn3747.jpeg,colon_n,train
colonn3748.jpeg,colon_n/colonn3748.jpeg,colon_n,train
colonn3749.jpeg,colon_n/colonn3749.jpeg,colon_n,train
colonn3750.jpeg,colon_n/colonn3750.jpeg,colon_n,train
colonn3751.jpeg,colon_n/colonn3751.jpeg,colon_n,train
colonn3752.jpeg,colon_n/colonn3752.jpeg,colon_n,train
colonn3754.jpeg,colon_n/colonn3754.jpeg,colon_n,train
colonn3755.jpeg,colon_n/colonn3755.jpeg,colon_n,train
colonn3756.jpeg,colon_n/colonn3756.jpeg,colon_n,train
colonn3757.jpeg,colon_n/colonn3757.jpeg,colon_n,train
colonn3758.jpeg,colon_n/colonn3758.jpeg,colon_n,train
colonn3759.jpeg,colon_n/colonn3759.jpeg,colon_n,train
colonn376.jpeg,colon_n/colonn376.jpeg,colon_n,train
colonn3760.jpeg,colon_n/colonn3760.jpeg,colon_n,train
colonn3761.jpeg,colon_n/colonn3761.jpeg,colon_n,train
colonn3762.jpeg,colon_n/colonn3762.jpeg,colon_n,train
colonn3765.jpeg,colon_n/colonn3765.jpeg,colon_n,train
colonn3766.jpeg,colon_n/colonn3766.jpeg,colon_n,train
colonn3767.jpeg,colon_n/colonn3767.jpeg,colon_n,train
colonn3768.jpeg,colon_n/colonn3768.jpeg,colon_n,train
colonn3769.jpeg,colon_n/colonn3769.jpeg,colon_n,train
colonn377.jpeg,colon_n/colonn377.jpeg,colon_n,train
colonn3770.jpeg,colon_n/colonn3770.jpeg,colon_n,train
colonn3771.jpeg,colon_n/colonn3771.jpeg,colon_n,train
colonn3772.jpeg,colon_n/colonn3772.jpeg,colon_n,train
colonn3774.jpeg,colon_n/colonn3774.jpeg,colon_n,train
colonn3775.jpeg,colon_n/colonn3775.jpeg,colon_n,train
colonn3777.jpeg,colon_n/colonn3777.jpeg,colon_n,train
colonn3778.jpeg,colon_n/colonn3778.jpeg,colon_n,train
colonn3779.jpeg,colon_n/colonn3779.jpeg,colon_n,train
colonn3780.jpeg,colon_n/colonn3780.jpeg,colon_n,train
colonn3781.jpeg,colon_n/colonn3781.jpeg,colon_n,train
colonn3782.jpeg,colon_n/colonn3782.jpeg,colon_n,train
colonn3783.jpeg,colon_n/colonn3783.jpeg,colon_n,train
colonn3785.jpeg,colon_n/colonn3785.jpeg,colon_n,train
colonn3786.jpeg,colon_n/colonn3786.jpeg,colon_n,train
colonn3787.jpeg,colon_n/colonn3787.jpeg,colon_n,train
colonn3790.jpeg,colon_n/colonn3790.jpeg,colon_n,train
colonn3791.jpeg,colon_n/colonn3791.jpeg,colon_n,train
colonn3792.jpeg,colon_n/colonn3792.jpeg,colon_n,train
colonn3793.jpeg,colon_n/colonn3793.jpeg,colon_n,train
colonn3794.jpeg,colon_n/colonn3794.jpeg,colon_n,train
colonn3795.jpeg,colon_n/colonn3795.jpeg,colon_n,train
colonn3796.jpeg,colon_n/colonn3796.jpeg,colon_n,train
colonn3798.jpeg,colon_n/colonn3798.jpeg,colon_n,train
colonn3799.jpeg,colon_n/colonn3799.jpeg,colon_n,train
colonn38.jpeg,colon_n/colonn38.jpeg,colon_n,train
colonn380.jpeg,colon_n/colonn380.jpeg,colon_n,train
colonn3800.jpeg,colon_n/colonn3800.jpeg,colon_n,train
colonn3801.jpeg,colon_n/colonn3801.jpeg,colon_n,train
colonn3802.jpeg,colon_n/colonn3802.jpeg,colon_n,train
colonn3803.jpeg,colon_n/colonn3803.jpeg,colon_n,train
colonn3804.jpeg,colon_n/colonn3804.jpeg,colon_n,train
colonn3805.jpeg,colon_n/colonn3805.jpeg,colon_n,train
colonn3806.jpeg,colon_n/colonn3806.jpeg,colon_n,train
colonn3809.jpeg,colon_n/colonn3809.jpeg,colon_n,train
colonn3812.jpeg,colon_n/colonn3812.jpeg,colon_n,train
colonn3813.jpeg,colon_n/colonn3813.jpeg,colon_n,train
colonn3814.jpeg,colon_n/colonn3814.jpeg,colon_n,train
colonn3815.jpeg,colon_n/colonn3815.jpeg,colon_n,train
colonn3816.jpeg,colon_n/colonn3816.jpeg,colon_n,train
colonn3817.jpeg,colon_n/colonn3817.jpeg,colon_n,train
colonn3818.jpeg,colon_n/colonn3818.jpeg,colon_n,train
colonn3819.jpeg,colon_n/colonn3819.jpeg,colon_n,train
colonn3820.jpeg,colon_n/colonn3820.jpeg,colon_n,train
colonn3822.jpeg,colon_n/colonn3822.jpeg,colon_n,train
colonn3823.jpeg,colon_n/colonn3823.jpeg,colon_n,train
colonn3824.jpeg,colon_n/colonn3824.jpeg,colon_n,train
colonn3825.jpeg,colon_n/colonn3825.jpeg,colon_n,train
colonn3826.jpeg,colon_n/colonn3826.jpeg,colon_n,train
colonn3827.jpeg,colon_n/colonn3827.jpeg,colon_n,train
colonn3828.jpeg,colon_n/colonn3828.jpeg,colon_n,train
colonn3829.jpeg,colon_n/colonn3829.jpeg,colon_n,train
colonn383.jpeg,colon_n/colonn383.jpeg,colon_n,train
colonn3830.jpeg,colon_n/colonn3830.jpeg,colon_n,train
colonn3831.jpeg,colon_n/colonn3831.jpeg,colon_n,train
colonn3833.jpeg,colon_n/colonn3833.jpeg,colon_n,train
colonn3834.jpeg,colon_n/colonn3834.jpeg,colon_n,train
colonn3835.jpeg,colon_n/colonn3835.jpeg,colon_n,train
colonn3837.jpeg,colon_n/colonn3837.jpeg,colon_n,train
colonn3838.jpeg,colon_n/colonn3838.jpeg,colon_n,train
colonn3839.jpeg,colon_n/colonn3839.jpeg,colon_n,train
colonn384.jpeg,colon_n/colonn384.jpeg,colon_n,train
colonn3841.jpeg,colon_n/colonn3841.jpeg,colon_n,train
colonn3842.jpeg,colon_n/colonn3842.jpeg,colon_n,train
colonn3843.jpeg,colon_n/colonn3843.jpeg,colon_n,train
colonn3845.jpeg,colon_n/colonn3845.jpeg,colon_n,train
colonn3846.jpeg,colon_n/colonn3846.jpeg,colon_n,train
colonn3847.jpeg,colon_n/colonn3847.jpeg,colon_n,train
colonn3848.jpeg,colon_n/colonn3848.jpeg,colon_n,train
colonn3849.jpeg,colon_n/colonn3849.jpeg,colon_n,train
colonn385.jpeg,colon_n/colonn385.jpeg,colon_n,train
colonn3850.jpeg,colon_n/colonn3850.jpeg,colon_n,train
colonn3851.jpeg,colon_n/colonn3851.jpeg,colon_n,train
colonn3852.jpeg,colon_n/colonn3852.jpeg,colon_n,train
colonn3853.jpeg,colon_n/colonn3853.jpeg,colon_n,train
colonn3854.jpeg,colon_n/colonn3854.jpeg,colon_n,train
colonn3855.jpeg,colon_n/colonn3855.jpeg,colon_n,train
colonn3856.jpeg,colon_n/colonn3856.jpeg,colon_n,train
colonn3857.jpeg,colon_n/colonn3857.jpeg,colon_n,train
colonn3858.jpeg,colon_n/colonn3858.jpeg,colon_n,train
colonn3859.jpeg,colon_n/colonn3859.jpeg,colon_n,train
colonn3861.jpeg,colon_n/colonn3861.jpeg,colon_n,train
colonn3862.jpeg,colon_n/colonn3862.jpeg,colon_n,train
colonn3863.jpeg,colon_n/colonn3863.jpeg,colon_n,train
colonn3864.jpeg,colon_n/colonn3864.jpeg,colon_n,train
colonn3865.jpeg,colon_n/colonn3865.jpeg,colon_n,train
colonn3866.jpeg,colon_n/colonn3866.jpeg,colon_n,train
colonn3867.jpeg,colon_n/colonn3867.jpeg,colon_n,train
colonn3869.jpeg,colon_n/colonn3869.jpeg,colon_n,train
colonn387.jpeg,colon_n/colonn387.jpeg,colon_n,train
colonn3871.jpeg,colon_n/colonn3871.jpeg,colon_n,train
colonn3874.jpeg,colon_n/colonn3874.jpeg,colon_n,train
colonn3875.jpeg,colon_n/colonn3875.jpeg,colon_n,train
colonn3876.jpeg,colon_n/colonn3876.jpeg,colon_n,train
colonn3877.jpeg,colon_n/colonn3877.jpeg,colon_n,train
colonn3878.jpeg,colon_n/colonn3878.jpeg,colon_n,train
colonn3879.jpeg,colon_n/colonn3879.jpeg,colon_n,train
colonn388.jpeg,colon_n/colonn388.jpeg,colon_n,train
colonn3880.jpeg,colon_n/colonn3880.jpeg,colon_n,train
colonn3881.jpeg,colon_n/colonn3881.jpeg,colon_n,train
colonn3883.jpeg,colon_n/colonn3883.jpeg,colon_n,train
colonn3884.jpeg,colon_n/colonn3884.jpeg,colon_n,train
colonn3885.jpeg,colon_n/colonn3885.jpeg,colon_n,train
colonn3886.jpeg,colon_n/colonn3886.jpeg,colon_n,train
colonn3887.jpeg,colon_n/colonn3887.jpeg,colon_n,train
colonn3888.jpeg,colon_n/colonn3888.jpeg,colon_n,train
colonn3889.jpeg,colon_n/colonn3889.jpeg,colon_n,train
colonn389.jpeg,colon_n/colonn389.jpeg,colon_n,train
colonn3890.jpeg,colon_n/colonn3890.jpeg,colon_n,train
colonn3891.jpeg,colon_n/colonn3891.jpeg,colon_n,train
colonn3894.jpeg,colon_n/colonn3894.jpeg,colon_n,train
colonn3895.jpeg,colon_n/colonn3895.jpeg,colon_n,train
colonn3896.jpeg,colon_n/colonn3896.jpeg,colon_n,train
colonn3897.jpeg,colon_n/colonn3897.jpeg,colon_n,train
colonn3898.jpeg,colon_n/colonn3898.jpeg,colon_n,train
colonn3899.jpeg,colon_n/colonn3899.jpeg,colon_n,train
colonn39.jpeg,colon_n/colonn39.jpeg,colon_n,train
colonn390.jpeg,colon_n/colonn390.jpeg,colon_n,train
colonn3900.jpeg,colon_n/colonn3900.jpeg,colon_n,train
colonn3902.jpeg,colon_n/colonn3902.jpeg,colon_n,train
colonn3903.jpeg,colon_n/colonn3903.jpeg,colon_n,train
colonn3905.jpeg,colon_n/colonn3905.jpeg,colon_n,train
colonn3906.jpeg,colon_n/colonn3906.jpeg,colon_n,train
colonn3907.jpeg,colon_n/colonn3907.jpeg,colon_n,train
colonn3908.jpeg,colon_n/colonn3908.jpeg,colon_n,train
colonn391.jpeg,colon_n/colonn391.jpeg,colon_n,train
colonn3910.jpeg,colon_n/colonn3910.jpeg,colon_n,train
colonn3913.jpeg,colon_n/colonn3913.jpeg,colon_n,train
colonn3915.jpeg,colon_n/colonn3915.jpeg,colon_n,train
colonn3916.jpeg,colon_n/colonn3916.jpeg,colon_n,train
colonn3918.jpeg,colon_n/colonn3918.jpeg,colon_n,train
colonn3919.jpeg,colon_n/colonn3919.jpeg,colon_n,train
colonn392.jpeg,colon_n/colonn392.jpeg,colon_n,train
colonn3920.jpeg,colon_n/colonn3920.jpeg,colon_n,train
colonn3921.jpeg,colon_n/colonn3921.jpeg,colon_n,train
colonn3922.jpeg,colon_n/colonn3922.jpeg,colon_n,train
colonn3923.jpeg,colon_n/colonn3923.jpeg,colon_n,train
colonn3925.jpeg,colon_n/colonn3925.jpeg,colon_n,train
colonn3927.jpeg,colon_n/colonn3927.jpeg,colon_n,train
colonn3928.jpeg,colon_n/colonn3928.jpeg,colon_n,train
colonn393.jpeg,colon_n/colonn393.jpeg,colon_n,train
colonn3930.jpeg,colon_n/colonn3930.jpeg,colon_n,train
colonn3931.jpeg,colon_n/colonn3931.jpeg,colon_n,train
colonn3933.jpeg,colon_n/colonn3933.jpeg,colon_n,train
colonn3935.jpeg,colon_n/colonn3935.jpeg,colon_n,train
colonn3937.jpeg,colon_n/colonn3937.jpeg,colon_n,train
colonn3938.jpeg,colon_n/colonn3938.jpeg,colon_n,train
colonn3939.jpeg,colon_n/colonn3939.jpeg,colon_n,train
colonn394.jpeg,colon_n/colonn394.jpeg,colon_n,train
colonn3941.jpeg,colon_n/colonn3941.jpeg,colon_n,train
colonn3942.jpeg,colon_n/colonn3942.jpeg,colon_n,train
colonn3943.jpeg,colon_n/colonn3943.jpeg,colon_n,train
colonn3945.jpeg,colon_n/colonn3945.jpeg,colon_n,train
colonn3946.jpeg,colon_n/colonn3946.jpeg,colon_n,train
colonn3947.jpeg,colon_n/colonn3947.jpeg,colon_n,train
colonn3948.jpeg,colon_n/colonn3948.jpeg,colon_n,train
colonn3949.jpeg,colon_n/colonn3949.jpeg,colon_n,train
colonn395.jpeg,colon_n/colonn395.jpeg,colon_n,train
colonn3950.jpeg,colon_n/colonn3950.jpeg,colon_n,train
colonn3951.jpeg,colon_n/colonn3951.jpeg,colon_n,train
colonn3954.jpeg,colon_n/colonn3954.jpeg,colon_n,train
colonn3955.jpeg,colon_n/colonn3955.jpeg,colon_n,train
colonn3956.jpeg,colon_n/colonn3956.jpeg,colon_n,train
colonn3957.jpeg,colon_n/colonn3957.jpeg,colon_n,train
colonn3958.jpeg,colon_n/colonn3958.jpeg,colon_n,train
colonn3959.jpeg,colon_n/colonn3959.jpeg,colon_n,train
colonn396.jpeg,colon_n/colonn396.jpeg,colon_n,train
colonn3960.jpeg,colon_n/colonn3960.jpeg,colon_n,train
colonn3961.jpeg,colon_n/colonn3961.jpeg,colon_n,train
colonn3962.jpeg,colon_n/colonn3962.jpeg,colon_n,train
colonn3963.jpeg,colon_n/colonn3963.jpeg,colon_n,train
colonn3964.jpeg,colon_n/colonn3964.jpeg,colon_n,train
colonn3965.jpeg,colon_n/colonn3965.jpeg,colon_n,train
colonn3966.jpeg,colon_n/colonn3966.jpeg,colon_n,train
colonn3967.jpeg,colon_n/colonn3967.jpeg,colon_n,train
colonn3968.jpeg,colon_n/colonn3968.jpeg,colon_n,train
colonn3969.jpeg,colon_n/colonn3969.jpeg,colon_n,train
colonn397.jpeg,colon_n/colonn397.jpeg,colon_n,train
colonn3970.jpeg,colon_n/colonn3970.jpeg,colon_n,train
colonn3971.jpeg,colon_n/colonn3971.jpeg,colon_n,train
colonn3972.jpeg,colon_n/colonn3972.jpeg,colon_n,train
colonn3974.jpeg,colon_n/colonn3974.jpeg,colon_n,train
colonn3975.jpeg,colon_n/colonn3975.jpeg,colon_n,train
colonn3976.jpeg,colon_n/colonn3976.jpeg,colon_n,train
colonn3977.jpeg,colon_n/colonn3977.jpeg,colon_n,train
colonn3979.jpeg,colon_n/colonn3979.jpeg,colon_n,train
colonn398.jpeg,colon_n/colonn398.jpeg,colon_n,train
colonn3980.jpeg,colon_n/colonn3980.jpeg,colon_n,train
colonn3982.jpeg,colon_n/colonn3982.jpeg,colon_n,train
colonn3984.jpeg,colon_n/colonn3984.jpeg,colon_n,train
colonn3985.jpeg,colon_n/colonn3985.jpeg,colon_n,train
colonn3987.jpeg,colon_n/colonn3987.jpeg,colon_n,train
colonn3988.jpeg,colon_n/colonn3988.jpeg,colon_n,train
colonn399.jpeg,colon_n/colonn399.jpeg,colon_n,train
colonn3990.jpeg,colon_n/colonn3990.jpeg,colon_n,train
colonn3992.jpeg,colon_n/colonn3992.jpeg,colon_n,train
colonn3993.jpeg,colon_n/colonn3993.jpeg,colon_n,train
colonn3994.jpeg,colon_n/colonn3994.jpeg,colon_n,train
colonn3995.jpeg,colon_n/colonn3995.jpeg,colon_n,train
colonn3996.jpeg,colon_n/colonn3996.jpeg,colon_n,train
colonn3997.jpeg,colon_n/colonn3997.jpeg,colon_n,train
colonn3998.jpeg,colon_n/colonn3998.jpeg,colon_n,train
colonn3999.jpeg,colon_n/colonn3999.jpeg,colon_n,train
colonn4.jpeg,colon_n/colonn4.jpeg,colon_n,train
colonn40.jpeg,colon_n/colonn40.jpeg,colon_n,train
colonn4000.jpeg,colon_n/colonn4000.jpeg,colon_n,train
colonn4001.jpeg,colon_n/colonn4001.jpeg,colon_n,train
colonn4002.jpeg,colon_n/colonn4002.jpeg,colon_n,train
colonn4004.jpeg,colon_n/colonn4004.jpeg,colon_n,train
colonn4005.jpeg,colon_n/colonn4005.jpeg,colon_n,train
colonn4006.jpeg,colon_n/colonn4006.jpeg,colon_n,train
colonn4007.jpeg,colon_n/colonn4007.jpeg,colon_n,train
colonn4008.jpeg,colon_n/colonn4008.jpeg,colon_n,train
colonn4009.jpeg,colon_n/colonn4009.jpeg,colon_n,train
colonn401.jpeg,colon_n/colonn401.jpeg,colon_n,train
colonn4011.jpeg,colon_n/colonn4011.jpeg,colon_n,train
colonn4013.jpeg,colon_n/colonn4013.jpeg,colon_n,train
colonn4014.jpeg,colon_n/colonn4014.jpeg,colon_n,train
colonn4015.jpeg,colon_n/colonn4015.jpeg,colon_n,train
colonn4016.jpeg,colon_n/colonn4016.jpeg,colon_n,train
colonn4018.jpeg,colon_n/colonn4018.jpeg,colon_n,train
colonn402.jpeg,colon_n/colonn402.jpeg,colon_n,train
colonn4020.jpeg,colon_n/colonn4020.jpeg,colon_n,train
colonn4021.jpeg,colon_n/colonn4021.jpeg,colon_n,train
colonn4022.jpeg,colon_n/colonn4022.jpeg,colon_n,train
colonn4023.jpeg,colon_n/colonn4023.jpeg,colon_n,train
colonn4024.jpeg,colon_n/colonn4024.jpeg,colon_n,train
colonn4025.jpeg,colon_n/colonn4025.jpeg,colon_n,train
colonn4026.jpeg,colon_n/colonn4026.jpeg,colon_n,train
colonn4029.jpeg,colon_n/colonn4029.jpeg,colon_n,train
colonn403.jpeg,colon_n/colonn403.jpeg,colon_n,train
colonn4030.jpeg,colon_n/colonn4030.jpeg,colon_n,train
colonn4031.jpeg,colon_n/colonn4031.jpeg,colon_n,train
colonn4032.jpeg,colon_n/colonn4032.jpeg,colon_n,train
colonn4035.jpeg,colon_n/colonn4035.jpeg,colon_n,train
colonn4036.jpeg,colon_n/colonn4036.jpeg,colon_n,train
colonn4038.jpeg,colon_n/colonn4038.jpeg,colon_n,train
colonn404.jpeg,colon_n/colonn404.jpeg,colon_n,train
colonn4041.jpeg,colon_n/colonn4041.jpeg,colon_n,train
colonn4043.jpeg,colon_n/colonn4043.jpeg,colon_n,train
colonn4044.jpeg,colon_n/colonn4044.jpeg,colon_n,train
colonn4046.jpeg,colon_n/colonn4046.jpeg,colon_n,train
colonn4047.jpeg,colon_n/colonn4047.jpeg,colon_n,train
colonn4048.jpeg,colon_n/colonn4048.jpeg,colon_n,train
colonn4049.jpeg,colon_n/colonn4049.jpeg,colon_n,train
colonn405.jpeg,colon_n/colonn405.jpeg,colon_n,train
colonn4051.jpeg,colon_n/colonn4051.jpeg,colon_n,train
colonn4052.jpeg,colon_n/colonn4052.jpeg,colon_n,train
colonn4053.jpeg,colon_n/colonn4053.jpeg,colon_n,train
colonn4054.jpeg,colon_n/colonn4054.jpeg,colon_n,train
colonn4056.jpeg,colon_n/colonn4056.jpeg,colon_n,train
colonn4057.jpeg,colon_n/colonn4057.jpeg,colon_n,train
colonn4058.jpeg,colon_n/colonn4058.jpeg,colon_n,train
colonn4059.jpeg,colon_n/colonn4059.jpeg,colon_n,train
colonn406.jpeg,colon_n/colonn406.jpeg,colon_n,train
colonn4060.jpeg,colon_n/colonn4060.jpeg,colon_n,train
colonn4061.jpeg,colon_n/colonn4061.jpeg,colon_n,train
colonn4062.jpeg,colon_n/colonn4062.jpeg,colon_n,train
colonn4064.jpeg,colon_n/colonn4064.jpeg,colon_n,train
colonn4066.jpeg,colon_n/colonn4066.jpeg,colon_n,train
colonn4067.jpeg,colon_n/colonn4067.jpeg,colon_n,train
colonn4068.jpeg,colon_n/colonn4068.jpeg,colon_n,train
colonn4069.jpeg,colon_n/colonn4069.jpeg,colon_n,train
colonn407.jpeg,colon_n/colonn407.jpeg,colon_n,train
colonn4070.jpeg,colon_n/colonn4070.jpeg,colon_n,train
colonn4071.jpeg,colon_n/colonn4071.jpeg,colon_n,train
colonn4072.jpeg,colon_n/colonn4072.jpeg,colon_n,train
colonn4073.jpeg,colon_n/colonn4073.jpeg,colon_n,train
colonn4074.jpeg,colon_n/colonn4074.jpeg,colon_n,train
colonn4075.jpeg,colon_n/colonn4075.jpeg,colon_n,train
colonn4076.jpeg,colon_n/colonn4076.jpeg,colon_n,train
colonn4078.jpeg,colon_n/colonn4078.jpeg,colon_n,train
colonn4079.jpeg,colon_n/colonn4079.jpeg,colon_n,train
colonn408.jpeg,colon_n/colonn408.jpeg,colon_n,train
colonn4080.jpeg,colon_n/colonn4080.jpeg,colon_n,train
colonn4082.jpeg,colon_n/colonn4082.jpeg,colon_n,train
colonn4083.jpeg,colon_n/colonn4083.jpeg,colon_n,train
colonn4084.jpeg,colon_n/colonn4084.jpeg,colon_n,train
colonn4085.jpeg,colon_n/colonn4085.jpeg,colon_n,train
colonn4086.jpeg,colon_n/colonn4086.jpeg,colon_n,train
colonn4087.jpeg,colon_n/colonn4087.jpeg,colon_n,train
colonn4088.jpeg,colon_n/colonn4088.jpeg,colon_n,train
colonn409.jpeg,colon_n/colonn409.jpeg,colon_n,train
colonn4090.jpeg,colon_n/colonn4090.jpeg,colon_n,train
colonn4091.jpeg,colon_n/colonn4091.jpeg,colon_n,train
colonn4092.jpeg,colon_n/colonn4092.jpeg,colon_n,train
colonn4094.jpeg,colon_n/colonn4094.jpeg,colon_n,train
colonn4095.jpeg,colon_n/colonn4095.jpeg,colon_n,train
colonn4096.jpeg,colon_n/colonn4096.jpeg,colon_n,train
colonn4098.jpeg,colon_n/colonn4098.jpeg,colon_n,train
colonn4099.jpeg,colon_n/colonn4099.jpeg,colon_n,train
colonn41.jpeg,colon_n/colonn41.jpeg,colon_n,train
colonn4100.jpeg,colon_n/colonn4100.jpeg,colon_n,train
colonn4101.jpeg,colon_n/colonn4101.jpeg,colon_n,train
colonn4102.jpeg,colon_n/colonn4102.jpeg,colon_n,train
colonn4103.jpeg,colon_n/colonn4103.jpeg,colon_n,train
colonn4104.jpeg,colon_n/colonn4104.jpeg,colon_n,train
colonn4105.jpeg,colon_n/colonn4105.jpeg,colon_n,train
colonn4107.jpeg,colon_n/colonn4107.jpeg,colon_n,train
colonn4109.jpeg,colon_n/colonn4109.jpeg,colon_n,train
colonn411.jpeg,colon_n/colonn411.jpeg,colon_n,train
colonn4111.jpeg,colon_n/colonn4111.jpeg,colon_n,train
colonn4112.jpeg,colon_n/colonn4112.jpeg,colon_n,train
colonn4113.jpeg,colon_n/colonn4113.jpeg,colon_n,train
colonn4114.jpeg,colon_n/colonn4114.jpeg,colon_n,train
colonn4115.jpeg,colon_n/colonn4115.jpeg,colon_n,train
colonn4116.jpeg,colon_n/colonn4116.jpeg,colon_n,train
colonn4117.jpeg,colon_n/colonn4117.jpeg,colon_n,train
colonn4119.jpeg,colon_n/colonn4119.jpeg,colon_n,train
colonn412.jpeg,colon_n/colonn412.jpeg,colon_n,train
colonn4121.jpeg,colon_n/colonn4121.jpeg,colon_n,train
colonn4122.jpeg,colon_n/colonn4122.jpeg,colon_n,train
colonn4124.jpeg,colon_n/colonn4124.jpeg,colon_n,train
colonn4125.jpeg,colon_n/colonn4125.jpeg,colon_n,train
colonn4127.jpeg,colon_n/colonn4127.jpeg,colon_n,train
colonn4128.jpeg,colon_n/colonn4128.jpeg,colon_n,train
colonn4129.jpeg,colon_n/colonn4129.jpeg,colon_n,train
colonn413.jpeg,colon_n/colonn413.jpeg,colon_n,train
colonn4130.jpeg,colon_n/colonn4130.jpeg,colon_n,train
colonn4131.jpeg,colon_n/colonn4131.jpeg,colon_n,train
colonn4132.jpeg,colon_n/colonn4132.jpeg,colon_n,train
colonn4133.jpeg,colon_n/colonn4133.jpeg,colon_n,train
colonn4134.jpeg,colon_n/colonn4134.jpeg,colon_n,train
colonn4136.jpeg,colon_n/colonn4136.jpeg,colon_n,train
colonn4137.jpeg,colon_n/colonn4137.jpeg,colon_n,train
colonn4138.jpeg,colon_n/colonn4138.jpeg,colon_n,train
colonn4139.jpeg,colon_n/colonn4139.jpeg,colon_n,train
colonn4140.jpeg,colon_n/colonn4140.jpeg,colon_n,train
colonn4141.jpeg,colon_n/colonn4141.jpeg,colon_n,train
colonn4142.jpeg,colon_n/colonn4142.jpeg,colon_n,train
colonn4143.jpeg,colon_n/colonn4143.jpeg,colon_n,train
colonn4144.jpeg,colon_n/colonn4144.jpeg,colon_n,train
colonn4145.jpeg,colon_n/colonn4145.jpeg,colon_n,train
colonn4146.jpeg,colon_n/colonn4146.jpeg,colon_n,train
colonn4147.jpeg,colon_n/colonn4147.jpeg,colon_n,train
colonn4148.jpeg,colon_n/colonn4148.jpeg,colon_n,train
colonn4149.jpeg,colon_n/colonn4149.jpeg,colon_n,train
colonn415.jpeg,colon_n/colonn415.jpeg,colon_n,train
colonn4150.jpeg,colon_n/colonn4150.jpeg,colon_n,train
colonn4151.jpeg,colon_n/colonn4151.jpeg,colon_n,train
colonn4152.jpeg,colon_n/colonn4152.jpeg,colon_n,train
colonn4153.jpeg,colon_n/colonn4153.jpeg,colon_n,train
colonn4154.jpeg,colon_n/colonn4154.jpeg,colon_n,train
colonn4155.jpeg,colon_n/colonn4155.jpeg,colon_n,train
colonn4158.jpeg,colon_n/colonn4158.jpeg,colon_n,train
colonn4159.jpeg,colon_n/colonn4159.jpeg,colon_n,train
colonn416.jpeg,colon_n/colonn416.jpeg,colon_n,train
colonn4160.jpeg,colon_n/colonn4160.jpeg,colon_n,train
colonn4162.jpeg,colon_n/colonn4162.jpeg,colon_n,train
colonn4163.jpeg,colon_n/colonn4163.jpeg,colon_n,train
colonn4164.jpeg,colon_n/colonn4164.jpeg,colon_n,train
colonn4165.jpeg,colon_n/colonn4165.jpeg,colon_n,train
colonn4166.jpeg,colon_n/colonn4166.jpeg,colon_n,train
colonn4167.jpeg,colon_n/colonn4167.jpeg,colon_n,train
colonn4168.jpeg,colon_n/colonn4168.jpeg,colon_n,train
colonn4169.jpeg,colon_n/colonn4169.jpeg,colon_n,train
colonn417.jpeg,colon_n/colonn417.jpeg,colon_n,train
colonn4171.jpeg,colon_n/colonn4171.jpeg,colon_n,train
colonn4173.jpeg,colon_n/colonn4173.jpeg,colon_n,train
colonn4174.jpeg,colon_n/colonn4174.jpeg,colon_n,train
colonn4175.jpeg,colon_n/colonn4175.jpeg,colon_n,train
colonn4176.jpeg,colon_n/colonn4176.jpeg,colon_n,train
colonn4177.jpeg,colon_n/colonn4177.jpeg,colon_n,train
colonn4178.jpeg,colon_n/colonn4178.jpeg,colon_n,train
colonn4179.jpeg,colon_n/colonn4179.jpeg,colon_n,train
colonn4180.jpeg,colon_n/colonn4180.jpeg,colon_n,train
colonn4181.jpeg,colon_n/colonn4181.jpeg,colon_n,train
colonn4182.jpeg,colon_n/colonn4182.jpeg,colon_n,train
colonn4183.jpeg,colon_n/colonn4183.jpeg,colon_n,train
colonn4184.jpeg,colon_n/colonn4184.jpeg,colon_n,train
colonn4186.jpeg,colon_n/colonn4186.jpeg,colon_n,train
colonn4187.jpeg,colon_n/colonn4187.jpeg,colon_n,train
colonn4188.jpeg,colon_n/colonn4188.jpeg,colon_n,train
colonn4189.jpeg,colon_n/colonn4189.jpeg,colon_n,train
colonn419.jpeg,colon_n/colonn419.jpeg,colon_n,train
colonn4190.jpeg,colon_n/colonn4190.jpeg,colon_n,train
colonn4192.jpeg,colon_n/colonn4192.jpeg,colon_n,train
colonn4193.jpeg,colon_n/colonn4193.jpeg,colon_n,train
colonn4194.jpeg,colon_n/colonn4194.jpeg,colon_n,train
colonn4195.jpeg,colon_n/colonn4195.jpeg,colon_n,train
colonn4196.jpeg,colon_n/colonn4196.jpeg,colon_n,train
colonn4198.jpeg,colon_n/colonn4198.jpeg,colon_n,train
colonn4199.jpeg,colon_n/colonn4199.jpeg,colon_n,train
colonn420.jpeg,colon_n/colonn420.jpeg,colon_n,train
colonn4200.jpeg,colon_n/colonn4200.jpeg,colon_n,train
colonn4201.jpeg,colon_n/colonn4201.jpeg,colon_n,train
colonn4202.jpeg,colon_n/colonn4202.jpeg,colon_n,train
colonn4203.jpeg,colon_n/colonn4203.jpeg,colon_n,train
colonn4204.jpeg,colon_n/colonn4204.jpeg,colon_n,train
colonn4206.jpeg,colon_n/colonn4206.jpeg,colon_n,train
colonn4209.jpeg,colon_n/colonn4209.jpeg,colon_n,train
colonn421.jpeg,colon_n/colonn421.jpeg,colon_n,train
colonn4210.jpeg,colon_n/colonn4210.jpeg,colon_n,train
colonn4211.jpeg,colon_n/colonn4211.jpeg,colon_n,train
colonn4212.jpeg,colon_n/colonn4212.jpeg,colon_n,train
colonn4214.jpeg,colon_n/colonn4214.jpeg,colon_n,train
colonn4215.jpeg,colon_n/colonn4215.jpeg,colon_n,train
colonn4216.jpeg,colon_n/colonn4216.jpeg,colon_n,train
colonn4217.jpeg,colon_n/colonn4217.jpeg,colon_n,train
colonn4219.jpeg,colon_n/colonn4219.jpeg,colon_n,train
colonn422.jpeg,colon_n/colonn422.jpeg,colon_n,train
colonn4221.jpeg,colon_n/colonn4221.jpeg,colon_n,train
colonn4222.jpeg,colon_n/colonn4222.jpeg,colon_n,train
colonn4223.jpeg,colon_n/colonn4223.jpeg,colon_n,train
colonn4226.jpeg,colon_n/colonn4226.jpeg,colon_n,train
colonn4227.jpeg,colon_n/colonn4227.jpeg,colon_n,train
colonn4228.jpeg,colon_n/colonn4228.jpeg,colon_n,train
colonn4229.jpeg,colon_n/colonn4229.jpeg,colon_n,train
colonn423.jpeg,colon_n/colonn423.jpeg,colon_n,train
colonn4231.jpeg,colon_n/colonn4231.jpeg,colon_n,train
colonn4233.jpeg,colon_n/colonn4233.jpeg,colon_n,train
colonn4234.jpeg,colon_n/colonn4234.jpeg,colon_n,train
colonn4236.jpeg,colon_n/colonn4236.jpeg,colon_n,train
colonn4237.jpeg,colon_n/colonn4237.jpeg,colon_n,train
colonn4238.jpeg,colon_n/colonn4238.jpeg,colon_n,train
colonn4239.jpeg,colon_n/colonn4239.jpeg,colon_n,train
colonn424.jpeg,colon_n/colonn424.jpeg,colon_n,train
colonn4240.jpeg,colon_n/colonn4240.jpeg,colon_n,train
colonn4242.jpeg,colon_n/colonn4242.jpeg,colon_n,train
colonn4243.jpeg,colon_n/colonn4243.jpeg,colon_n,train
colonn4244.jpeg,colon_n/colonn4244.jpeg,colon_n,train
colonn4245.jpeg,colon_n/colonn4245.jpeg,colon_n,train
colonn4246.jpeg,colon_n/colonn4246.jpeg,colon_n,train
colonn4247.jpeg,colon_n/colonn4247.jpeg,colon_n,train
colonn4248.jpeg,colon_n/colonn4248.jpeg,colon_n,train
colonn4249.jpeg,colon_n/colonn4249.jpeg,colon_n,train
colonn425.jpeg,colon_n/colonn425.jpeg,colon_n,train
colonn4250.jpeg,colon_n/colonn4250.jpeg,colon_n,train
colonn4251.jpeg,colon_n/colonn4251.jpeg,colon_n,train
colonn4252.jpeg,colon_n/colonn4252.jpeg,colon_n,train
colonn4254.jpeg,colon_n/colonn4254.jpeg,colon_n,train
colonn4255.jpeg,colon_n/colonn4255.jpeg,colon_n,train
colonn4257.jpeg,colon_n/colonn4257.jpeg,colon_n,train
colonn4258.jpeg,colon_n/colonn4258.jpeg,colon_n,train
colonn4259.jpeg,colon_n/colonn4259.jpeg,colon_n,train
colonn426.jpeg,colon_n/colonn426.jpeg,colon_n,train
colonn4260.jpeg,colon_n/colonn4260.jpeg,colon_n,train
colonn4261.jpeg,colon_n/colonn4261.jpeg,colon_n,train
colonn4262.jpeg,colon_n/colonn4262.jpeg,colon_n,train
colonn4265.jpeg,colon_n/colonn4265.jpeg,colon_n,train
colonn4267.jpeg,colon_n/colonn4267.jpeg,colon_n,train
colonn4268.jpeg,colon_n/colonn4268.jpeg,colon_n,train
colonn4269.jpeg,colon_n/colonn4269.jpeg,colon_n,train
colonn427.jpeg,colon_n/colonn427.jpeg,colon_n,train
colonn4270.jpeg,colon_n/colonn4270.jpeg,colon_n,train
colonn4271.jpeg,colon_n/colonn4271.jpeg,colon_n,train
colonn4272.jpeg,colon_n/colonn4272.jpeg,colon_n,train
colonn4273.jpeg,colon_n/colonn4273.jpeg,colon_n,train
colonn4274.jpeg,colon_n/colonn4274.jpeg,colon_n,train
colonn4275.jpeg,colon_n/colonn4275.jpeg,colon_n,train
colonn4276.jpeg,colon_n/colonn4276.jpeg,colon_n,train
colonn4277.jpeg,colon_n/colonn4277.jpeg,colon_n,train
colonn4278.jpeg,colon_n/colonn4278.jpeg,colon_n,train
colonn428.jpeg,colon_n/colonn428.jpeg,colon_n,train
colonn4280.jpeg,colon_n/colonn4280.jpeg,colon_n,train
colonn4281.jpeg,colon_n/colonn4281.jpeg,colon_n,train
colonn4283.jpeg,colon_n/colonn4283.jpeg,colon_n,train
colonn4285.jpeg,colon_n/colonn4285.jpeg,colon_n,train
colonn4286.jpeg,colon_n/colonn4286.jpeg,colon_n,train
colonn4287.jpeg,colon_n/colonn4287.jpeg,colon_n,train
colonn4288.jpeg,colon_n/colonn4288.jpeg,colon_n,train
colonn429.jpeg,colon_n/colonn429.jpeg,colon_n,train
colonn4290.jpeg,colon_n/colonn4290.jpeg,colon_n,train
colonn4292.jpeg,colon_n/colonn4292.jpeg,colon_n,train
colonn4293.jpeg,colon_n/colonn4293.jpeg,colon_n,train
colonn4295.jpeg,colon_n/colonn4295.jpeg,colon_n,train
colonn4296.jpeg,colon_n/colonn4296.jpeg,colon_n,train
colonn4297.jpeg,colon_n/colonn4297.jpeg,colon_n,train
colonn4298.jpeg,colon_n/colonn4298.jpeg,colon_n,train
colonn4299.jpeg,colon_n/colonn4299.jpeg,colon_n,train
colonn43.jpeg,colon_n/colonn43.jpeg,colon_n,train
colonn430.jpeg,colon_n/colonn430.jpeg,colon_n,train
colonn4300.jpeg,colon_n/colonn4300.jpeg,colon_n,train
colonn4301.jpeg,colon_n/colonn4301.jpeg,colon_n,train
colonn4302.jpeg,colon_n/colonn4302.jpeg,colon_n,train
colonn4303.jpeg,colon_n/colonn4303.jpeg,colon_n,train
colonn4304.jpeg,colon_n/colonn4304.jpeg,colon_n,train
colonn4305.jpeg,colon_n/colonn4305.jpeg,colon_n,train
colonn4306.jpeg,colon_n/colonn4306.jpeg,colon_n,train
colonn4307.jpeg,colon_n/colonn4307.jpeg,colon_n,train
colonn4308.jpeg,colon_n/colonn4308.jpeg,colon_n,train
colonn4309.jpeg,colon_n/colonn4309.jpeg,colon_n,train
colonn4310.jpeg,colon_n/colonn4310.jpeg,colon_n,train
colonn4311.jpeg,colon_n/colonn4311.jpeg,colon_n,train
colonn4312.jpeg,colon_n/colonn4312.jpeg,colon_n,train
colonn4313.jpeg,colon_n/colonn4313.jpeg,colon_n,train
colonn4314.jpeg,colon_n/colonn4314.jpeg,colon_n,train
colonn4316.jpeg,colon_n/colonn4316.jpeg,colon_n,train
colonn4317.jpeg,colon_n/colonn4317.jpeg,colon_n,train
colonn4319.jpeg,colon_n/colonn4319.jpeg,colon_n,train
colonn432.jpeg,colon_n/colonn432.jpeg,colon_n,train
colonn4322.jpeg,colon_n/colonn4322.jpeg,colon_n,train
colonn4323.jpeg,colon_n/colonn4323.jpeg,colon_n,train
colonn4325.jpeg,colon_n/colonn4325.jpeg,colon_n,train
colonn4326.jpeg,colon_n/colonn4326.jpeg,colon_n,train
colonn4327.jpeg,colon_n/colonn4327.jpeg,colon_n,train
colonn4328.jpeg,colon_n/colonn4328.jpeg,colon_n,train
colonn4329.jpeg,colon_n/colonn4329.jpeg,colon_n,train
colonn433.jpeg,colon_n/colonn433.jpeg,colon_n,train
colonn4330.jpeg,colon_n/colonn4330.jpeg,colon_n,train
colonn4331.jpeg,colon_n/colonn4331.jpeg,colon_n,train
colonn4332.jpeg,colon_n/colonn4332.jpeg,colon_n,train
colonn4333.jpeg,colon_n/colonn4333.jpeg,colon_n,train
colonn4334.jpeg,colon_n/colonn4334.jpeg,colon_n,train
colonn4335.jpeg,colon_n/colonn4335.jpeg,colon_n,train
colonn4336.jpeg,colon_n/colonn4336.jpeg,colon_n,train
colonn4338.jpeg,colon_n/colonn4338.jpeg,colon_n,train
colonn4339.jpeg,colon_n/colonn4339.jpeg,colon_n,train
colonn434.jpeg,colon_n/colonn434.jpeg,colon_n,train
colonn4340.jpeg,colon_n/colonn4340.jpeg,colon_n,train
colonn4342.jpeg,colon_n/colonn4342.jpeg,colon_n,train
colonn4343.jpeg,colon_n/colonn4343.jpeg,colon_n,train
colonn4344.jpeg,colon_n/colonn4344.jpeg,colon_n,train
colonn4345.jpeg,colon_n/colonn4345.jpeg,colon_n,train
colonn4346.jpeg,colon_n/colonn4346.jpeg,colon_n,train
colonn4347.jpeg,colon_n/colonn4347.jpeg,colon_n,train
colonn4348.jpeg,colon_n/colonn4348.jpeg,colon_n,train
colonn4349.jpeg,colon_n/colonn4349.jpeg,colon_n,train
colonn435.jpeg,colon_n/colonn435.jpeg,colon_n,train
colonn4352.jpeg,colon_n/colonn4352.jpeg,colon_n,train
colonn4353.jpeg,colon_n/colonn4353.jpeg,colon_n,train
colonn4354.jpeg,colon_n/colonn4354.jpeg,colon_n,train
colonn4355.jpeg,colon_n/colonn4355.jpeg,colon_n,train
colonn4357.jpeg,colon_n/colonn4357.jpeg,colon_n,train
colonn4358.jpeg,colon_n/colonn4358.jpeg,colon_n,train
colonn4359.jpeg,colon_n/colonn4359.jpeg,colon_n,train
colonn436.jpeg,colon_n/colonn436.jpeg,colon_n,train
colonn4360.jpeg,colon_n/colonn4360.jpeg,colon_n,train
colonn4361.jpeg,colon_n/colonn4361.jpeg,colon_n,train
colonn4362.jpeg,colon_n/colonn4362.jpeg,colon_n,train
colonn4363.jpeg,colon_n/colonn4363.jpeg,colon_n,train
colonn4364.jpeg,colon_n/colonn4364.jpeg,colon_n,train
colonn4366.jpeg,colon_n/colonn4366.jpeg,colon_n,train
colonn4367.jpeg,colon_n/colonn4367.jpeg,colon_n,train
colonn4368.jpeg,colon_n/colonn4368.jpeg,colon_n,train
colonn4369.jpeg,colon_n/colonn4369.jpeg,colon_n,train
colonn4370.jpeg,colon_n/colonn4370.jpeg,colon_n,train
colonn4371.jpeg,colon_n/colonn4371.jpeg,colon_n,train
colonn4372.jpeg,colon_n/colonn4372.jpeg,colon_n,train
colonn4373.jpeg,colon_n/colonn4373.jpeg,colon_n,train
colonn4374.jpeg,colon_n/colonn4374.jpeg,colon_n,train
colonn4375.jpeg,colon_n/colonn4375.jpeg,colon_n,train
colonn4376.jpeg,colon_n/colonn4376.jpeg,colon_n,train
colonn4377.jpeg,colon_n/colonn4377.jpeg,colon_n,train
colonn4378.jpeg,colon_n/colonn4378.jpeg,colon_n,train
colonn4379.jpeg,colon_n/colonn4379.jpeg,colon_n,train
colonn438.jpeg,colon_n/colonn438.jpeg,colon_n,train
colonn4380.jpeg,colon_n/colonn4380.jpeg,colon_n,train
colonn4382.jpeg,colon_n/colonn4382.jpeg,colon_n,train
colonn4383.jpeg,colon_n/colonn4383.jpeg,colon_n,train
colonn4385.jpeg,colon_n/colonn4385.jpeg,colon_n,train
colonn4386.jpeg,colon_n/colonn4386.jpeg,colon_n,train
colonn4387.jpeg,colon_n/colonn4387.jpeg,colon_n,train
colonn4388.jpeg,colon_n/colonn4388.jpeg,colon_n,train
colonn4389.jpeg,colon_n/colonn4389.jpeg,colon_n,train
colonn439.jpeg,colon_n/colonn439.jpeg,colon_n,train
colonn4391.jpeg,colon_n/colonn4391.jpeg,colon_n,train
colonn4392.jpeg,colon_n/colonn4392.jpeg,colon_n,train
colonn4393.jpeg,colon_n/colonn4393.jpeg,colon_n,train
colonn4394.jpeg,colon_n/colonn4394.jpeg,colon_n,train
colonn4395.jpeg,colon_n/colonn4395.jpeg,colon_n,train
colonn4398.jpeg,colon_n/colonn4398.jpeg,colon_n,train
colonn4399.jpeg,colon_n/colonn4399.jpeg,colon_n,train
colonn440.jpeg,colon_n/colonn440.jpeg,colon_n,train
colonn4400.jpeg,colon_n/colonn4400.jpeg,colon_n,train
colonn4401.jpeg,colon_n/colonn4401.jpeg,colon_n,train
colonn4402.jpeg,colon_n/colonn4402.jpeg,colon_n,train
colonn4403.jpeg,colon_n/colonn4403.jpeg,colon_n,train
colonn4404.jpeg,colon_n/colonn4404.jpeg,colon_n,train
colonn4405.jpeg,colon_n/colonn4405.jpeg,colon_n,train
colonn4406.jpeg,colon_n/colonn4406.jpeg,colon_n,train
colonn4407.jpeg,colon_n/colonn4407.jpeg,colon_n,train
colonn4408.jpeg,colon_n/colonn4408.jpeg,colon_n,train
colonn4409.jpeg,colon_n/colonn4409.jpeg,colon_n,train
colonn441.jpeg,colon_n/colonn441.jpeg,colon_n,train
colonn4411.jpeg,colon_n/colonn4411.jpeg,colon_n,train
colonn4412.jpeg,colon_n/colonn4412.jpeg,colon_n,train
colonn4413.jpeg,colon_n/colonn4413.jpeg,colon_n,train
colonn4414.jpeg,colon_n/colonn4414.jpeg,colon_n,train
colonn4415.jpeg,colon_n/colonn4415.jpeg,colon_n,train
colonn4416.jpeg,colon_n/colonn4416.jpeg,colon_n,train
colonn4419.jpeg,colon_n/colonn4419.jpeg,colon_n,train
colonn442.jpeg,colon_n/colonn442.jpeg,colon_n,train
colonn4420.jpeg,colon_n/colonn4420.jpeg,colon_n,train
colonn4421.jpeg,colon_n/colonn4421.jpeg,colon_n,train
colonn4422.jpeg,colon_n/colonn4422.jpeg,colon_n,train
colonn4423.jpeg,colon_n/colonn4423.jpeg,colon_n,train
colonn4425.jpeg,colon_n/colonn4425.jpeg,colon_n,train
colonn4426.jpeg,colon_n/colonn4426.jpeg,colon_n,train
colonn4427.jpeg,colon_n/colonn4427.jpeg,colon_n,train
colonn4428.jpeg,colon_n/colonn4428.jpeg,colon_n,train
colonn4429.jpeg,colon_n/colonn4429.jpeg,colon_n,train
colonn443.jpeg,colon_n/colonn443.jpeg,colon_n,train
colonn4430.jpeg,colon_n/colonn4430.jpeg,colon_n,train
colonn4431.jpeg,colon_n/colonn4431.jpeg,colon_n,train
colonn4432.jpeg,colon_n/colonn4432.jpeg,colon_n,train
colonn4433.jpeg,colon_n/colonn4433.jpeg,colon_n,train
colonn4434.jpeg,colon_n/colonn4434.jpeg,colon_n,train
colonn4435.jpeg,colon_n/colonn4435.jpeg,colon_n,train
colonn4436.jpeg,colon_n/colonn4436.jpeg,colon_n,train
colonn4438.jpeg,colon_n/colonn4438.jpeg,colon_n,train
colonn4439.jpeg,colon_n/colonn4439.jpeg,colon_n,train
colonn444.jpeg,colon_n/colonn444.jpeg,colon_n,train
colonn4440.jpeg,colon_n/colonn4440.jpeg,colon_n,train
colonn4441.jpeg,colon_n/colonn4441.jpeg,colon_n,train
colonn4442.jpeg,colon_n/colonn4442.jpeg,colon_n,train
colonn4444.jpeg,colon_n/colonn4444.jpeg,colon_n,train
colonn4445.jpeg,colon_n/colonn4445.jpeg,colon_n,train
colonn4446.jpeg,colon_n/colonn4446.jpeg,colon_n,train
colonn4447.jpeg,colon_n/colonn4447.jpeg,colon_n,train
colonn4448.jpeg,colon_n/colonn4448.jpeg,colon_n,train
colonn4449.jpeg,colon_n/colonn4449.jpeg,colon_n,train
colonn445.jpeg,colon_n/colonn445.jpeg,colon_n,train
colonn4450.jpeg,colon_n/colonn4450.jpeg,colon_n,train
colonn4451.jpeg,colon_n/colonn4451.jpeg,colon_n,train
colonn4452.jpeg,colon_n/colonn4452.jpeg,colon_n,train
colonn4453.jpeg,colon_n/colonn4453.jpeg,colon_n,train
colonn4454.jpeg,colon_n/colonn4454.jpeg,colon_n,train
colonn4455.jpeg,colon_n/colonn4455.jpeg,colon_n,train
colonn4457.jpeg,colon_n/colonn4457.jpeg,colon_n,train
colonn4459.jpeg,colon_n/colonn4459.jpeg,colon_n,train
colonn446.jpeg,colon_n/colonn446.jpeg,colon_n,train
colonn4460.jpeg,colon_n/colonn4460.jpeg,colon_n,train
colonn4462.jpeg,colon_n/colonn4462.jpeg,colon_n,train
colonn4463.jpeg,colon_n/colonn4463.jpeg,colon_n,train
colonn4464.jpeg,colon_n/colonn4464.jpeg,colon_n,train
colonn4466.jpeg,colon_n/colonn4466.jpeg,colon_n,train
colonn4467.jpeg,colon_n/colonn4467.jpeg,colon_n,train
colonn4468.jpeg,colon_n/colonn4468.jpeg,colon_n,train
colonn4469.jpeg,colon_n/colonn4469.jpeg,colon_n,train
colonn447.jpeg,colon_n/colonn447.jpeg,colon_n,train
colonn4470.jpeg,colon_n/colonn4470.jpeg,colon_n,train
colonn4471.jpeg,colon_n/colonn4471.jpeg,colon_n,train
colonn4472.jpeg,colon_n/colonn4472.jpeg,colon_n,train
colonn4473.jpeg,colon_n/colonn4473.jpeg,colon_n,train
colonn4475.jpeg,colon_n/colonn4475.jpeg,colon_n,train
colonn4477.jpeg,colon_n/colonn4477.jpeg,colon_n,train
colonn4478.jpeg,colon_n/colonn4478.jpeg,colon_n,train
colonn4479.jpeg,colon_n/colonn4479.jpeg,colon_n,train
colonn4480.jpeg,colon_n/colonn4480.jpeg,colon_n,train
colonn4481.jpeg,colon_n/colonn4481.jpeg,colon_n,train
colonn4482.jpeg,colon_n/colonn4482.jpeg,colon_n,train
colonn4483.jpeg,colon_n/colonn4483.jpeg,colon_n,train
colonn4484.jpeg,colon_n/colonn4484.jpeg,colon_n,train
colonn4487.jpeg,colon_n/colonn4487.jpeg,colon_n,train
colonn4489.jpeg,colon_n/colonn4489.jpeg,colon_n,train
colonn449.jpeg,colon_n/colonn449.jpeg,colon_n,train
colonn4490.jpeg,colon_n/colonn4490.jpeg,colon_n,train
colonn4491.jpeg,colon_n/colonn4491.jpeg,colon_n,train
colonn4492.jpeg,colon_n/colonn4492.jpeg,colon_n,train
colonn4494.jpeg,colon_n/colonn4494.jpeg,colon_n,train
colonn4495.jpeg,colon_n/colonn4495.jpeg,colon_n,train
colonn4496.jpeg,colon_n/colonn4496.jpeg,colon_n,train
colonn4497.jpeg,colon_n/colonn4497.jpeg,colon_n,train
colonn4498.jpeg,colon_n/colonn4498.jpeg,colon_n,train
colonn4499.jpeg,colon_n/colonn4499.jpeg,colon_n,train
colonn45.jpeg,colon_n/colonn45.jpeg,colon_n,train
colonn4500.jpeg,colon_n/colonn4500.jpeg,colon_n,train
colonn4501.jpeg,colon_n/colonn4501.jpeg,colon_n,train
colonn4503.jpeg,colon_n/colonn4503.jpeg,colon_n,train
colonn4504.jpeg,colon_n/colonn4504.jpeg,colon_n,train
colonn4505.jpeg,colon_n/colonn4505.jpeg,colon_n,train
colonn4506.jpeg,colon_n/colonn4506.jpeg,colon_n,train
colonn4508.jpeg,colon_n/colonn4508.jpeg,colon_n,train
colonn451.jpeg,colon_n/colonn451.jpeg,colon_n,train
colonn4510.jpeg,colon_n/colonn4510.jpeg,colon_n,train
colonn4512.jpeg,colon_n/colonn4512.jpeg,colon_n,train
colonn4513.jpeg,colon_n/colonn4513.jpeg,colon_n,train
colonn4514.jpeg,colon_n/colonn4514.jpeg,colon_n,train
colonn4515.jpeg,colon_n/colonn4515.jpeg,colon_n,train
colonn4517.jpeg,colon_n/colonn4517.jpeg,colon_n,train
colonn4518.jpeg,colon_n/colonn4518.jpeg,colon_n,train
colonn4519.jpeg,colon_n/colonn4519.jpeg,colon_n,train
colonn452.jpeg,colon_n/colonn452.jpeg,colon_n,train
colonn4520.jpeg,colon_n/colonn4520.jpeg,colon_n,train
colonn4521.jpeg,colon_n/colonn4521.jpeg,colon_n,train
colonn4522.jpeg,colon_n/colonn4522.jpeg,colon_n,train
colonn4523.jpeg,colon_n/colonn4523.jpeg,colon_n,train
colonn4524.jpeg,colon_n/colonn4524.jpeg,colon_n,train
colonn4526.jpeg,colon_n/colonn4526.jpeg,colon_n,train
colonn4527.jpeg,colon_n/colonn4527.jpeg,colon_n,train
colonn4528.jpeg,colon_n/colonn4528.jpeg,colon_n,train
colonn453.jpeg,colon_n/colonn453.jpeg,colon_n,train
colonn4531.jpeg,colon_n/colonn4531.jpeg,colon_n,train
colonn4532.jpeg,colon_n/colonn4532.jpeg,colon_n,train
colonn4533.jpeg,colon_n/colonn4533.jpeg,colon_n,train
colonn4534.jpeg,colon_n/colonn4534.jpeg,colon_n,train
colonn4535.jpeg,colon_n/colonn4535.jpeg,colon_n,train
colonn4536.jpeg,colon_n/colonn4536.jpeg,colon_n,train
colonn4538.jpeg,colon_n/colonn4538.jpeg,colon_n,train
colonn4539.jpeg,colon_n/colonn4539.jpeg,colon_n,train
colonn454.jpeg,colon_n/colonn454.jpeg,colon_n,train
colonn4540.jpeg,colon_n/colonn4540.jpeg,colon_n,train
colonn4541.jpeg,colon_n/colonn4541.jpeg,colon_n,train
colonn4542.jpeg,colon_n/colonn4542.jpeg,colon_n,train
colonn4543.jpeg,colon_n/colonn4543.jpeg,colon_n,train
colonn4544.jpeg,colon_n/colonn4544.jpeg,colon_n,train
colonn4545.jpeg,colon_n/colonn4545.jpeg,colon_n,train
colonn4546.jpeg,colon_n/colonn4546.jpeg,colon_n,train
colonn4548.jpeg,colon_n/colonn4548.jpeg,colon_n,train
colonn4550.jpeg,colon_n/colonn4550.jpeg,colon_n,train
colonn4551.jpeg,colon_n/colonn4551.jpeg,colon_n,train
colonn4555.jpeg,colon_n/colonn4555.jpeg,colon_n,train
colonn4557.jpeg,colon_n/colonn4557.jpeg,colon_n,train
colonn4558.jpeg,colon_n/colonn4558.jpeg,colon_n,train
colonn4559.jpeg,colon_n/colonn4559.jpeg,colon_n,train
colonn456.jpeg,colon_n/colonn456.jpeg,colon_n,train
colonn4560.jpeg,colon_n/colonn4560.jpeg,colon_n,train
colonn4561.jpeg,colon_n/colonn4561.jpeg,colon_n,train
colonn4562.jpeg,colon_n/colonn4562.jpeg,colon_n,train
colonn4566.jpeg,colon_n/colonn4566.jpeg,colon_n,train
colonn4567.jpeg,colon_n/colonn4567.jpeg,colon_n,train
colonn4568.jpeg,colon_n/colonn4568.jpeg,colon_n,train
colonn4569.jpeg,colon_n/colonn4569.jpeg,colon_n,train
colonn457.jpeg,colon_n/colonn457.jpeg,colon_n,train
colonn4570.jpeg,colon_n/colonn4570.jpeg,colon_n,train
colonn4571.jpeg,colon_n/colonn4571.jpeg,colon_n,train
colonn4572.jpeg,colon_n/colonn4572.jpeg,colon_n,train
colonn4573.jpeg,colon_n/colonn4573.jpeg,colon_n,train
colonn4574.jpeg,colon_n/colonn4574.jpeg,colon_n,train
colonn4575.jpeg,colon_n/colonn4575.jpeg,colon_n,train
colonn4576.jpeg,colon_n/colonn4576.jpeg,colon_n,train
colonn4578.jpeg,colon_n/colonn4578.jpeg,colon_n,train
colonn4579.jpeg,colon_n/colonn4579.jpeg,colon_n,train
colonn458.jpeg,colon_n/colonn458.jpeg,colon_n,train
colonn4580.jpeg,colon_n/colonn4580.jpeg,colon_n,train
colonn4582.jpeg,colon_n/colonn4582.jpeg,colon_n,train
colonn4583.jpeg,colon_n/colonn4583.jpeg,colon_n,train
colonn4584.jpeg,colon_n/colonn4584.jpeg,colon_n,train
colonn4585.jpeg,colon_n/colonn4585.jpeg,colon_n,train
colonn4586.jpeg,colon_n/colonn4586.jpeg,colon_n,train
colonn4590.jpeg,colon_n/colonn4590.jpeg,colon_n,train
colonn4592.jpeg,colon_n/colonn4592.jpeg,colon_n,train
colonn4595.jpeg,colon_n/colonn4595.jpeg,colon_n,train
colonn4597.jpeg,colon_n/colonn4597.jpeg,colon_n,train
colonn4598.jpeg,colon_n/colonn4598.jpeg,colon_n,train
colonn4599.jpeg,colon_n/colonn4599.jpeg,colon_n,train
colonn46.jpeg,colon_n/colonn46.jpeg,colon_n,train
colonn460.jpeg,colon_n/colonn460.jpeg,colon_n,train
colonn4600.jpeg,colon_n/colonn4600.jpeg,colon_n,train
colonn4601.jpeg,colon_n/colonn4601.jpeg,colon_n,train
colonn4602.jpeg,colon_n/colonn4602.jpeg,colon_n,train
colonn4603.jpeg,colon_n/colonn4603.jpeg,colon_n,train
colonn4604.jpeg,colon_n/colonn4604.jpeg,colon_n,train
colonn4605.jpeg,colon_n/colonn4605.jpeg,colon_n,train
colonn4606.jpeg,colon_n/colonn4606.jpeg,colon_n,train
colonn4607.jpeg,colon_n/colonn4607.jpeg,colon_n,train
colonn4608.jpeg,colon_n/colonn4608.jpeg,colon_n,train
colonn4609.jpeg,colon_n/colonn4609.jpeg,colon_n,train
colonn461.jpeg,colon_n/colonn461.jpeg,colon_n,train
colonn4610.jpeg,colon_n/colonn4610.jpeg,colon_n,train
colonn4612.jpeg,colon_n/colonn4612.jpeg,colon_n,train
colonn4613.jpeg,colon_n/colonn4613.jpeg,colon_n,train
colonn4614.jpeg,colon_n/colonn4614.jpeg,colon_n,train
colonn4616.jpeg,colon_n/colonn4616.jpeg,colon_n,train
colonn4618.jpeg,colon_n/colonn4618.jpeg,colon_n,train
colonn4619.jpeg,colon_n/colonn4619.jpeg,colon_n,train
colonn462.jpeg,colon_n/colonn462.jpeg,colon_n,train
colonn4620.jpeg,colon_n/colonn4620.jpeg,colon_n,train
colonn4621.jpeg,colon_n/colonn4621.jpeg,colon_n,train
colonn4622.jpeg,colon_n/colonn4622.jpeg,colon_n,train
colonn4623.jpeg,colon_n/colonn4623.jpeg,colon_n,train
colonn4624.jpeg,colon_n/colonn4624.jpeg,colon_n,train
colonn4627.jpeg,colon_n/colonn4627.jpeg,colon_n,train
colonn4628.jpeg,colon_n/colonn4628.jpeg,colon_n,train
colonn463.jpeg,colon_n/colonn463.jpeg,colon_n,train
colonn4631.jpeg,colon_n/colonn4631.jpeg,colon_n,train
colonn4632.jpeg,colon_n/colonn4632.jpeg,colon_n,train
colonn4633.jpeg,colon_n/colonn4633.jpeg,colon_n,train
colonn4634.jpeg,colon_n/colonn4634.jpeg,colon_n,train
colonn4635.jpeg,colon_n/colonn4635.jpeg,colon_n,train
colonn4636.jpeg,colon_n/colonn4636.jpeg,colon_n,train
colonn4637.jpeg,colon_n/colonn4637.jpeg,colon_n,train
colonn4639.jpeg,colon_n/colonn4639.jpeg,colon_n,train
colonn464.jpeg,colon_n/colonn464.jpeg,colon_n,train
colonn4640.jpeg,colon_n/colonn4640.jpeg,colon_n,train
colonn4641.jpeg,colon_n/colonn4641.jpeg,colon_n,train
colonn4642.jpeg,colon_n/colonn4642.jpeg,colon_n,train
colonn4644.jpeg,colon_n/colonn4644.jpeg,colon_n,train
colonn4645.jpeg,colon_n/colonn4645.jpeg,colon_n,train
colonn4646.jpeg,colon_n/colonn4646.jpeg,colon_n,train
colonn4647.jpeg,colon_n/colonn4647.jpeg,colon_n,train
colonn4648.jpeg,colon_n/colonn4648.jpeg,colon_n,train
colonn4649.jpeg,colon_n/colonn4649.jpeg,colon_n,train
colonn465.jpeg,colon_n/colonn465.jpeg,colon_n,train
colonn4650.jpeg,colon_n/colonn4650.jpeg,colon_n,train
colonn4651.jpeg,colon_n/colonn4651.jpeg,colon_n,train
colonn4652.jpeg,colon_n/colonn4652.jpeg,colon_n,train
colonn4653.jpeg,colon_n/colonn4653.jpeg,colon_n,train
colonn4654.jpeg,colon_n/colonn4654.jpeg,colon_n,train
colonn4655.jpeg,colon_n/colonn4655.jpeg,colon_n,train
colonn4656.jpeg,colon_n/colonn4656.jpeg,colon_n,train
colonn4657.jpeg,colon_n/colonn4657.jpeg,colon_n,train
colonn4658.jpeg,colon_n/colonn4658.jpeg,colon_n,train
colonn4659.jpeg,colon_n/colonn4659.jpeg,colon_n,train
colonn4660.jpeg,colon_n/colonn4660.jpeg,colon_n,train
colonn4661.jpeg,colon_n/colonn4661.jpeg,colon_n,train
colonn4662.jpeg,colon_n/colonn4662.jpeg,colon_n,train
colonn4663.jpeg,colon_n/colonn4663.jpeg,colon_n,train
colonn4664.jpeg,colon_n/colonn4664.jpeg,colon_n,train
colonn4665.jpeg,colon_n/colonn4665.jpeg,colon_n,train
colonn4666.jpeg,colon_n/colonn4666.jpeg,colon_n,train
colonn4667.jpeg,colon_n/colonn4667.jpeg,colon_n,train
colonn4668.jpeg,colon_n/colonn4668.jpeg,colon_n,train
colonn4669.jpeg,colon_n/colonn4669.jpeg,colon_n,train
colonn467.jpeg,colon_n/colonn467.jpeg,colon_n,train
colonn4670.jpeg,colon_n/colonn4670.jpeg,colon_n,train
colonn4671.jpeg,colon_n/colonn4671.jpeg,colon_n,train
colonn4672.jpeg,colon_n/colonn4672.jpeg,colon_n,train
colonn4674.jpeg,colon_n/colonn4674.jpeg,colon_n,train
colonn4675.jpeg,colon_n/colonn4675.jpeg,colon_n,train
colonn4677.jpeg,colon_n/colonn4677.jpeg,colon_n,train
colonn4679.jpeg,colon_n/colonn4679.jpeg,colon_n,train
colonn468.jpeg,colon_n/colonn468.jpeg,colon_n,train
colonn4680.jpeg,colon_n/colonn4680.jpeg,colon_n,train
colonn4681.jpeg,colon_n/colonn4681.jpeg,colon_n,train
colonn4683.jpeg,colon_n/colonn4683.jpeg,colon_n,train
colonn4686.jpeg,colon_n/colonn4686.jpeg,colon_n,train
colonn4687.jpeg,colon_n/colonn4687.jpeg,colon_n,train
colonn4688.jpeg,colon_n/colonn4688.jpeg,colon_n,train
colonn4689.jpeg,colon_n/colonn4689.jpeg,colon_n,train
colonn469.jpeg,colon_n/colonn469.jpeg,colon_n,train
colonn4690.jpeg,colon_n/colonn4690.jpeg,colon_n,train
colonn4691.jpeg,colon_n/colonn4691.jpeg,colon_n,train
colonn4692.jpeg,colon_n/colonn4692.jpeg,colon_n,train
colonn4693.jpeg,colon_n/colonn4693.jpeg,colon_n,train
colonn4695.jpeg,colon_n/colonn4695.jpeg,colon_n,train
colonn4696.jpeg,colon_n/colonn4696.jpeg,colon_n,train
colonn4697.jpeg,colon_n/colonn4697.jpeg,colon_n,train
colonn4698.jpeg,colon_n/colonn4698.jpeg,colon_n,train
colonn4699.jpeg,colon_n/colonn4699.jpeg,colon_n,train
colonn470.jpeg,colon_n/colonn470.jpeg,colon_n,train
colonn4701.jpeg,colon_n/colonn4701.jpeg,colon_n,train
colonn4702.jpeg,colon_n/colonn4702.jpeg,colon_n,train
colonn4704.jpeg,colon_n/colonn4704.jpeg,colon_n,train
colonn4705.jpeg,colon_n/colonn4705.jpeg,colon_n,train
colonn4707.jpeg,colon_n/colonn4707.jpeg,colon_n,train
colonn4709.jpeg,colon_n/colonn4709.jpeg,colon_n,train
colonn4710.jpeg,colon_n/colonn4710.jpeg,colon_n,train
colonn4711.jpeg,colon_n/colonn4711.jpeg,colon_n,train
colonn4712.jpeg,colon_n/colonn4712.jpeg,colon_n,train
colonn4713.jpeg,colon_n/colonn4713.jpeg,colon_n,train
colonn4714.jpeg,colon_n/colonn4714.jpeg,colon_n,train
colonn4715.jpeg,colon_n/colonn4715.jpeg,colon_n,train
colonn4716.jpeg,colon_n/colonn4716.jpeg,colon_n,train
colonn4718.jpeg,colon_n/colonn4718.jpeg,colon_n,train
colonn4719.jpeg,colon_n/colonn4719.jpeg,colon_n,train
colonn472.jpeg,colon_n/colonn472.jpeg,colon_n,train
colonn4720.jpeg,colon_n/colonn4720.jpeg,colon_n,train
colonn4721.jpeg,colon_n/colonn4721.jpeg,colon_n,train
colonn4722.jpeg,colon_n/colonn4722.jpeg,colon_n,train
colonn4724.jpeg,colon_n/colonn4724.jpeg,colon_n,train
colonn4725.jpeg,colon_n/colonn4725.jpeg,colon_n,train
colonn4726.jpeg,colon_n/colonn4726.jpeg,colon_n,train
colonn4727.jpeg,colon_n/colonn4727.jpeg,colon_n,train
colonn4728.jpeg,colon_n/colonn4728.jpeg,colon_n,train
colonn4729.jpeg,colon_n/colonn4729.jpeg,colon_n,train
colonn473.jpeg,colon_n/colonn473.jpeg,colon_n,train
colonn4730.jpeg,colon_n/colonn4730.jpeg,colon_n,train
colonn4732.jpeg,colon_n/colonn4732.jpeg,colon_n,train
colonn4733.jpeg,colon_n/colonn4733.jpeg,colon_n,train
colonn4734.jpeg,colon_n/colonn4734.jpeg,colon_n,train
colonn4735.jpeg,colon_n/colonn4735.jpeg,colon_n,train
colonn4736.jpeg,colon_n/colonn4736.jpeg,colon_n,train
colonn4737.jpeg,colon_n/colonn4737.jpeg,colon_n,train
colonn4739.jpeg,colon_n/colonn4739.jpeg,colon_n,train
colonn474.jpeg,colon_n/colonn474.jpeg,colon_n,train
colonn4740.jpeg,colon_n/colonn4740.jpeg,colon_n,train
colonn4741.jpeg,colon_n/colonn4741.jpeg,colon_n,train
colonn4742.jpeg,colon_n/colonn4742.jpeg,colon_n,train
colonn4743.jpeg,colon_n/colonn4743.jpeg,colon_n,train
colonn4744.jpeg,colon_n/colonn4744.jpeg,colon_n,train
colonn4745.jpeg,colon_n/colonn4745.jpeg,colon_n,train
colonn4746.jpeg,colon_n/colonn4746.jpeg,colon_n,train
colonn4748.jpeg,colon_n/colonn4748.jpeg,colon_n,train
colonn4749.jpeg,colon_n/colonn4749.jpeg,colon_n,train
colonn4750.jpeg,colon_n/colonn4750.jpeg,colon_n,train
colonn4751.jpeg,colon_n/colonn4751.jpeg,colon_n,train
colonn4752.jpeg,colon_n/colonn4752.jpeg,colon_n,train
colonn4753.jpeg,colon_n/colonn4753.jpeg,colon_n,train
colonn4754.jpeg,colon_n/colonn4754.jpeg,colon_n,train
colonn4755.jpeg,colon_n/colonn4755.jpeg,colon_n,train
colonn4756.jpeg,colon_n/colonn4756.jpeg,colon_n,train
colonn4758.jpeg,colon_n/colonn4758.jpeg,colon_n,train
colonn476.jpeg,colon_n/colonn476.jpeg,colon_n,train
colonn4760.jpeg,colon_n/colonn4760.jpeg,colon_n,train
colonn4761.jpeg,colon_n/colonn4761.jpeg,colon_n,train
colonn4764.jpeg,colon_n/colonn4764.jpeg,colon_n,train
colonn4766.jpeg,colon_n/colonn4766.jpeg,colon_n,train
colonn4767.jpeg,colon_n/colonn4767.jpeg,colon_n,train
colonn4769.jpeg,colon_n/colonn4769.jpeg,colon_n,train
colonn477.jpeg,colon_n/colonn477.jpeg,colon_n,train
colonn4770.jpeg,colon_n/colonn4770.jpeg,colon_n,train
colonn4771.jpeg,colon_n/colonn4771.jpeg,colon_n,train
colonn4772.jpeg,colon_n/colonn4772.jpeg,colon_n,train
colonn4773.jpeg,colon_n/colonn4773.jpeg,colon_n,train
colonn4774.jpeg,colon_n/colonn4774.jpeg,colon_n,train
colonn4775.jpeg,colon_n/colonn4775.jpeg,colon_n,train
colonn4776.jpeg,colon_n/colonn4776.jpeg,colon_n,train
colonn4777.jpeg,colon_n/colonn4777.jpeg,colon_n,train
colonn478.jpeg,colon_n/colonn478.jpeg,colon_n,train
colonn4780.jpeg,colon_n/colonn4780.jpeg,colon_n,train
colonn4781.jpeg,colon_n/colonn4781.jpeg,colon_n,train
colonn4782.jpeg,colon_n/colonn4782.jpeg,colon_n,train
colonn4785.jpeg,colon_n/colonn4785.jpeg,colon_n,train
colonn4786.jpeg,colon_n/colonn4786.jpeg,colon_n,train
colonn4787.jpeg,colon_n/colonn4787.jpeg,colon_n,train
colonn4789.jpeg,colon_n/colonn4789.jpeg,colon_n,train
colonn4790.jpeg,colon_n/colonn4790.jpeg,colon_n,train
colonn4792.jpeg,colon_n/colonn4792.jpeg,colon_n,train
colonn4794.jpeg,colon_n/colonn4794.jpeg,colon_n,train
colonn4795.jpeg,colon_n/colonn4795.jpeg,colon_n,train
colonn4796.jpeg,colon_n/colonn4796.jpeg,colon_n,train
colonn4797.jpeg,colon_n/colonn4797.jpeg,colon_n,train
colonn4798.jpeg,colon_n/colonn4798.jpeg,colon_n,train
colonn4799.jpeg,colon_n/colonn4799.jpeg,colon_n,train
colonn48.jpeg,colon_n/colonn48.jpeg,colon_n,train
colonn480.jpeg,colon_n/colonn480.jpeg,colon_n,train
colonn4800.jpeg,colon_n/colonn4800.jpeg,colon_n,train
colonn4802.jpeg,colon_n/colonn4802.jpeg,colon_n,train
colonn4803.jpeg,colon_n/colonn4803.jpeg,colon_n,train
colonn4804.jpeg,colon_n/colonn4804.jpeg,colon_n,train
colonn4805.jpeg,colon_n/colonn4805.jpeg,colon_n,train
colonn4809.jpeg,colon_n/colonn4809.jpeg,colon_n,train
colonn4811.jpeg,colon_n/colonn4811.jpeg,colon_n,train
colonn4812.jpeg,colon_n/colonn4812.jpeg,colon_n,train
colonn4813.jpeg,colon_n/colonn4813.jpeg,colon_n,train
colonn4814.jpeg,colon_n/colonn4814.jpeg,colon_n,train
colonn4815.jpeg,colon_n/colonn4815.jpeg,colon_n,train
colonn4818.jpeg,colon_n/colonn4818.jpeg,colon_n,train
colonn4820.jpeg,colon_n/colonn4820.jpeg,colon_n,train
colonn4821.jpeg,colon_n/colonn4821.jpeg,colon_n,train
colonn4822.jpeg,colon_n/colonn4822.jpeg,colon_n,train
colonn4823.jpeg,colon_n/colonn4823.jpeg,colon_n,train
colonn4824.jpeg,colon_n/colonn4824.jpeg,colon_n,train
colonn4826.jpeg,colon_n/colonn4826.jpeg,colon_n,train
colonn4827.jpeg,colon_n/colonn4827.jpeg,colon_n,train
colonn4828.jpeg,colon_n/colonn4828.jpeg,colon_n,train
colonn4829.jpeg,colon_n/colonn4829.jpeg,colon_n,train
colonn483.jpeg,colon_n/colonn483.jpeg,colon_n,train
colonn4831.jpeg,colon_n/colonn4831.jpeg,colon_n,train
colonn4832.jpeg,colon_n/colonn4832.jpeg,colon_n,train
colonn4833.jpeg,colon_n/colonn4833.jpeg,colon_n,train
colonn4834.jpeg,colon_n/colonn4834.jpeg,colon_n,train
colonn4835.jpeg,colon_n/colonn4835.jpeg,colon_n,train
colonn4836.jpeg,colon_n/colonn4836.jpeg,colon_n,train
colonn4838.jpeg,colon_n/colonn4838.jpeg,colon_n,train
colonn4839.jpeg,colon_n/colonn4839.jpeg,colon_n,train
colonn4841.jpeg,colon_n/colonn4841.jpeg,colon_n,train
colonn4842.jpeg,colon_n/colonn4842.jpeg,colon_n,train
colonn4844.jpeg,colon_n/colonn4844.jpeg,colon_n,train
colonn4845.jpeg,colon_n/colonn4845.jpeg,colon_n,train
colonn4846.jpeg,colon_n/colonn4846.jpeg,colon_n,train
colonn4847.jpeg,colon_n/colonn4847.jpeg,colon_n,train
colonn4849.jpeg,colon_n/colonn4849.jpeg,colon_n,train
colonn485.jpeg,colon_n/colonn485.jpeg,colon_n,train
colonn4850.jpeg,colon_n/colonn4850.jpeg,colon_n,train
colonn4852.jpeg,colon_n/colonn4852.jpeg,colon_n,train
colonn4854.jpeg,colon_n/colonn4854.jpeg,colon_n,train
colonn4855.jpeg,colon_n/colonn4855.jpeg,colon_n,train
colonn4856.jpeg,colon_n/colonn4856.jpeg,colon_n,train
colonn4857.jpeg,colon_n/colonn4857.jpeg,colon_n,train
colonn4858.jpeg,colon_n/colonn4858.jpeg,colon_n,train
colonn4859.jpeg,colon_n/colonn4859.jpeg,colon_n,train
colonn4860.jpeg,colon_n/colonn4860.jpeg,colon_n,train
colonn4861.jpeg,colon_n/colonn4861.jpeg,colon_n,train
colonn4862.jpeg,colon_n/colonn4862.jpeg,colon_n,train
colonn4863.jpeg,colon_n/colonn4863.jpeg,colon_n,train
colonn4864.jpeg,colon_n/colonn4864.jpeg,colon_n,train
colonn4866.jpeg,colon_n/colonn4866.jpeg,colon_n,train
colonn4867.jpeg,colon_n/colonn4867.jpeg,colon_n,train
colonn4868.jpeg,colon_n/colonn4868.jpeg,colon_n,train
colonn4869.jpeg,colon_n/colonn4869.jpeg,colon_n,train
colonn487.jpeg,colon_n/colonn487.jpeg,colon_n,train
colonn4870.jpeg,colon_n/colonn4870.jpeg,colon_n,train
colonn4871.jpeg,colon_n/colonn4871.jpeg,colon_n,train
colonn4874.jpeg,colon_n/colonn4874.jpeg,colon_n,train
colonn4876.jpeg,colon_n/colonn4876.jpeg,colon_n,train
colonn4877.jpeg,colon_n/colonn4877.jpeg,colon_n,train
colonn4878.jpeg,colon_n/colonn4878.jpeg,colon_n,train
colonn4879.jpeg,colon_n/colonn4879.jpeg,colon_n,train
colonn488.jpeg,colon_n/colonn488.jpeg,colon_n,train
colonn4880.jpeg,colon_n/colonn4880.jpeg,colon_n,train
colonn4883.jpeg,colon_n/colonn4883.jpeg,colon_n,train
colonn4884.jpeg,colon_n/colonn4884.jpeg,colon_n,train
colonn4885.jpeg,colon_n/colonn4885.jpeg,colon_n,train
colonn4886.jpeg,colon_n/colonn4886.jpeg,colon_n,train
colonn4887.jpeg,colon_n/colonn4887.jpeg,colon_n,train
colonn4888.jpeg,colon_n/colonn4888.jpeg,colon_n,train
colonn4889.jpeg,colon_n/colonn4889.jpeg,colon_n,train
colonn489.jpeg,colon_n/colonn489.jpeg,colon_n,train
colonn4890.jpeg,colon_n/colonn4890.jpeg,colon_n,train
colonn4891.jpeg,colon_n/colonn4891.jpeg,colon_n,train
colonn4892.jpeg,colon_n/colonn4892.jpeg,colon_n,train
colonn4893.jpeg,colon_n/colonn4893.jpeg,colon_n,train
colonn4894.jpeg,colon_n/colonn4894.jpeg,colon_n,train
colonn4895.jpeg,colon_n/colonn4895.jpeg,colon_n,train
colonn4896.jpeg,colon_n/colonn4896.jpeg,colon_n,train
colonn4897.jpeg,colon_n/colonn4897.jpeg,colon_n,train
colonn4898.jpeg,colon_n/colonn4898.jpeg,colon_n,train
colonn4899.jpeg,colon_n/colonn4899.jpeg,colon_n,train
colonn49.jpeg,colon_n/colonn49.jpeg,colon_n,train
colonn490.jpeg,colon_n/colonn490.jpeg,colon_n,train
colonn4900.jpeg,colon_n/colonn4900.jpeg,colon_n,train
colonn4901.jpeg,colon_n/colonn4901.jpeg,colon_n,train
colonn4902.jpeg,colon_n/colonn4902.jpeg,colon_n,train
colonn4903.jpeg,colon_n/colonn4903.jpeg,colon_n,train
colonn4904.jpeg,colon_n/colonn4904.jpeg,colon_n,train
colonn4906.jpeg,colon_n/colonn4906.jpeg,colon_n,train
colonn4907.jpeg,colon_n/colonn4907.jpeg,colon_n,train
colonn4908.jpeg,colon_n/colonn4908.jpeg,colon_n,train
colonn4909.jpeg,colon_n/colonn4909.jpeg,colon_n,train
colonn4910.jpeg,colon_n/colonn4910.jpeg,colon_n,train
colonn4912.jpeg,colon_n/colonn4912.jpeg,colon_n,train
colonn4913.jpeg,colon_n/colonn4913.jpeg,colon_n,train
colonn4914.jpeg,colon_n/colonn4914.jpeg,colon_n,train
colonn4915.jpeg,colon_n/colonn4915.jpeg,colon_n,train
colonn4916.jpeg,colon_n/colonn4916.jpeg,colon_n,train
colonn4918.jpeg,colon_n/colonn4918.jpeg,colon_n,train
colonn4919.jpeg,colon_n/colonn4919.jpeg,colon_n,train
colonn492.jpeg,colon_n/colonn492.jpeg,colon_n,train
colonn4920.jpeg,colon_n/colonn4920.jpeg,colon_n,train
colonn4921.jpeg,colon_n/colonn4921.jpeg,colon_n,train
colonn4922.jpeg,colon_n/colonn4922.jpeg,colon_n,train
colonn4923.jpeg,colon_n/colonn4923.jpeg,colon_n,train
colonn4924.jpeg,colon_n/colonn4924.jpeg,colon_n,train
colonn4925.jpeg,colon_n/colonn4925.jpeg,colon_n,train
colonn4926.jpeg,colon_n/colonn4926.jpeg,colon_n,train
colonn4927.jpeg,colon_n/colonn4927.jpeg,colon_n,train
colonn4928.jpeg,colon_n/colonn4928.jpeg,colon_n,train
colonn4929.jpeg,colon_n/colonn4929.jpeg,colon_n,train
colonn493.jpeg,colon_n/colonn493.jpeg,colon_n,train
colonn4931.jpeg,colon_n/colonn4931.jpeg,colon_n,train
colonn4933.jpeg,colon_n/colonn4933.jpeg,colon_n,train
colonn4934.jpeg,colon_n/colonn4934.jpeg,colon_n,train
colonn4935.jpeg,colon_n/colonn4935.jpeg,colon_n,train
colonn4936.jpeg,colon_n/colonn4936.jpeg,colon_n,train
colonn4937.jpeg,colon_n/colonn4937.jpeg,colon_n,train
colonn4938.jpeg,colon_n/colonn4938.jpeg,colon_n,train
colonn4939.jpeg,colon_n/colonn4939.jpeg,colon_n,train
colonn494.jpeg,colon_n/colonn494.jpeg,colon_n,train
colonn4940.jpeg,colon_n/colonn4940.jpeg,colon_n,train
colonn4941.jpeg,colon_n/colonn4941.jpeg,colon_n,train
colonn4943.jpeg,colon_n/colonn4943.jpeg,colon_n,train
colonn4945.jpeg,colon_n/colonn4945.jpeg,colon_n,train
colonn4946.jpeg,colon_n/colonn4946.jpeg,colon_n,train
colonn4947.jpeg,colon_n/colonn4947.jpeg,colon_n,train
colonn4948.jpeg,colon_n/colonn4948.jpeg,colon_n,train
colonn4950.jpeg,colon_n/colonn4950.jpeg,colon_n,train
colonn4952.jpeg,colon_n/colonn4952.jpeg,colon_n,train
colonn4953.jpeg,colon_n/colonn4953.jpeg,colon_n,train
colonn4954.jpeg,colon_n/colonn4954.jpeg,colon_n,train
colonn4955.jpeg,colon_n/colonn4955.jpeg,colon_n,train
colonn4956.jpeg,colon_n/colonn4956.jpeg,colon_n,train
colonn4957.jpeg,colon_n/colonn4957.jpeg,colon_n,train
colonn4960.jpeg,colon_n/colonn4960.jpeg,colon_n,train
colonn4961.jpeg,colon_n/colonn4961.jpeg,colon_n,train
colonn4963.jpeg,colon_n/colonn4963.jpeg,colon_n,train
colonn4967.jpeg,colon_n/colonn4967.jpeg,colon_n,train
colonn4968.jpeg,colon_n/colonn4968.jpeg,colon_n,train
colonn4969.jpeg,colon_n/colonn4969.jpeg,colon_n,train
colonn497.jpeg,colon_n/colonn497.jpeg,colon_n,train
colonn4971.jpeg,colon_n/colonn4971.jpeg,colon_n,train
colonn4972.jpeg,colon_n/colonn4972.jpeg,colon_n,train
colonn4973.jpeg,colon_n/colonn4973.jpeg,colon_n,train
colonn4974.jpeg,colon_n/colonn4974.jpeg,colon_n,train
colonn4976.jpeg,colon_n/colonn4976.jpeg,colon_n,train
colonn4977.jpeg,colon_n/colonn4977.jpeg,colon_n,train
colonn4978.jpeg,colon_n/colonn4978.jpeg,colon_n,train
colonn498.jpeg,colon_n/colonn498.jpeg,colon_n,train
colonn4980.jpeg,colon_n/colonn4980.jpeg,colon_n,train
colonn4981.jpeg,colon_n/colonn4981.jpeg,colon_n,train
colonn4983.jpeg,colon_n/colonn4983.jpeg,colon_n,train
colonn4984.jpeg,colon_n/colonn4984.jpeg,colon_n,train
colonn4986.jpeg,colon_n/colonn4986.jpeg,colon_n,train
colonn4987.jpeg,colon_n/colonn4987.jpeg,colon_n,train
colonn4988.jpeg,colon_n/colonn4988.jpeg,colon_n,train
colonn4989.jpeg,colon_n/colonn4989.jpeg,colon_n,train
colonn499.jpeg,colon_n/colonn499.jpeg,colon_n,train
colonn4990.jpeg,colon_n/colonn4990.jpeg,colon_n,train
colonn4991.jpeg,colon_n/colonn4991.jpeg,colon_n,train
colonn4992.jpeg,colon_n/colonn4992.jpeg,colon_n,train
colonn4993.jpeg,colon_n/colonn4993.jpeg,colon_n,train
colonn4994.jpeg,colon_n/colonn4994.jpeg,colon_n,train
colonn4995.jpeg,colon_n/colonn4995.jpeg,colon_n,train
colonn4996.jpeg,colon_n/colonn4996.jpeg,colon_n,train
colonn4997.jpeg,colon_n/colonn4997.jpeg,colon_n,train
colonn4998.jpeg,colon_n/colonn4998.jpeg,colon_n,train
colonn4999.jpeg,colon_n/colonn4999.jpeg,colon_n,train
colonn5.jpeg,colon_n/colonn5.jpeg,colon_n,train
colonn50.jpeg,colon_n/colonn50.jpeg,colon_n,train
colonn500.jpeg,colon_n/colonn500.jpeg,colon_n,train
colonn5000.jpeg,colon_n/colonn5000.jpeg,colon_n,train
colonn502.jpeg,colon_n/colonn502.jpeg,colon_n,train
colonn503.jpeg,colon_n/colonn503.jpeg,colon_n,train
colonn504.jpeg,colon_n/colonn504.jpeg,colon_n,train
colonn506.jpeg,colon_n/colonn506.jpeg,colon_n,train
colonn508.jpeg,colon_n/colonn508.jpeg,colon_n,train
colonn509.jpeg,colon_n/colonn509.jpeg,colon_n,train
colonn510.jpeg,colon_n/colonn510.jpeg,colon_n,train
colonn512.jpeg,colon_n/colonn512.jpeg,colon_n,train
colonn513.jpeg,colon_n/colonn513.jpeg,colon_n,train
colonn515.jpeg,colon_n/colonn515.jpeg,colon_n,train
colonn516.jpeg,colon_n/colonn516.jpeg,colon_n,train
colonn517.jpeg,colon_n/colonn517.jpeg,colon_n,train
colonn518.jpeg,colon_n/colonn518.jpeg,colon_n,train
colonn519.jpeg,colon_n/colonn519.jpeg,colon_n,train
colonn52.jpeg,colon_n/colonn52.jpeg,colon_n,train
colonn520.jpeg,colon_n/colonn520.jpeg,colon_n,train
colonn522.jpeg,colon_n/colonn522.jpeg,colon_n,train
colonn523.jpeg,colon_n/colonn523.jpeg,colon_n,train
colonn524.jpeg,colon_n/colonn524.jpeg,colon_n,train
colonn525.jpeg,colon_n/colonn525.jpeg,colon_n,train
colonn527.jpeg,colon_n/colonn527.jpeg,colon_n,train
colonn528.jpeg,colon_n/colonn528.jpeg,colon_n,train
colonn529.jpeg,colon_n/colonn529.jpeg,colon_n,train
colonn531.jpeg,colon_n/colonn531.jpeg,colon_n,train
colonn532.jpeg,colon_n/colonn532.jpeg,colon_n,train
colonn533.jpeg,colon_n/colonn533.jpeg,colon_n,train
colonn534.jpeg,colon_n/colonn534.jpeg,colon_n,train
colonn536.jpeg,colon_n/colonn536.jpeg,colon_n,train
colonn537.jpeg,colon_n/colonn537.jpeg,colon_n,train
colonn538.jpeg,colon_n/colonn538.jpeg,colon_n,train
colonn539.jpeg,colon_n/colonn539.jpeg,colon_n,train
colonn54.jpeg,colon_n/colonn54.jpeg,colon_n,train
colonn540.jpeg,colon_n/colonn540.jpeg,colon_n,train
colonn541.jpeg,colon_n/colonn541.jpeg,colon_n,train
colonn542.jpeg,colon_n/colonn542.jpeg,colon_n,train
colonn543.jpeg,colon_n/colonn543.jpeg,colon_n,train
colonn544.jpeg,colon_n/colonn544.jpeg,colon_n,train
colonn546.jpeg,colon_n/colonn546.jpeg,colon_n,train
colonn547.jpeg,colon_n/colonn547.jpeg,colon_n,train
colonn548.jpeg,colon_n/colonn548.jpeg,colon_n,train
colonn549.jpeg,colon_n/colonn549.jpeg,colon_n,train
colonn551.jpeg,colon_n/colonn551.jpeg,colon_n,train
colonn552.jpeg,colon_n/colonn552.jpeg,colon_n,train
colonn553.jpeg,colon_n/colonn553.jpeg,colon_n,train
colonn555.jpeg,colon_n/colonn555.jpeg,colon_n,train
colonn557.jpeg,colon_n/colonn557.jpeg,colon_n,train
colonn559.jpeg,colon_n/colonn559.jpeg,colon_n,train
colonn56.jpeg,colon_n/colonn56.jpeg,colon_n,train
colonn561.jpeg,colon_n/colonn561.jpeg,colon_n,train
colonn562.jpeg,colon_n/colonn562.jpeg,colon_n,train
colonn563.jpeg,colon_n/colonn563.jpeg,colon_n,train
colonn564.jpeg,colon_n/colonn564.jpeg,colon_n,train
colonn567.jpeg,colon_n/colonn567.jpeg,colon_n,train
colonn568.jpeg,colon_n/colonn568.jpeg,colon_n,train
colonn57.jpeg,colon_n/colonn57.jpeg,colon_n,train
colonn570.jpeg,colon_n/colonn570.jpeg,colon_n,train
colonn571.jpeg,colon_n/colonn571.jpeg,colon_n,train
colonn572.jpeg,colon_n/colonn572.jpeg,colon_n,train
colonn573.jpeg,colon_n/colonn573.jpeg,colon_n,train
colonn574.jpeg,colon_n/colonn574.jpeg,colon_n,train
colonn575.jpeg,colon_n/colonn575.jpeg,colon_n,train
colonn576.jpeg,colon_n/colonn576.jpeg,colon_n,train
colonn577.jpeg,colon_n/colonn577.jpeg,colon_n,train
colonn578.jpeg,colon_n/colonn578.jpeg,colon_n,train
colonn579.jpeg,colon_n/colonn579.jpeg,colon_n,train
colonn580.jpeg,colon_n/colonn580.jpeg,colon_n,train
colonn582.jpeg,colon_n/colonn582.jpeg,colon_n,train
colonn583.jpeg,colon_n/colonn583.jpeg,colon_n,train
colonn584.jpeg,colon_n/colonn584.jpeg,colon_n,train
colonn585.jpeg,colon_n/colonn585.jpeg,colon_n,train
colonn586.jpeg,colon_n/colonn586.jpeg,colon_n,train
colonn587.jpeg,colon_n/colonn587.jpeg,colon_n,train
colonn588.jpeg,colon_n/colonn588.jpeg,colon_n,train
colonn589.jpeg,colon_n/colonn589.jpeg,colon_n,train
colonn590.jpeg,colon_n/colonn590.jpeg,colon_n,train
colonn592.jpeg,colon_n/colonn592.jpeg,colon_n,train
colonn594.jpeg,colon_n/colonn594.jpeg,colon_n,train
colonn597.jpeg,colon_n/colonn597.jpeg,colon_n,train
colonn598.jpeg,colon_n/colonn598.jpeg,colon_n,train
colonn599.jpeg,colon_n/colonn599.jpeg,colon_n,train
colonn60.jpeg,colon_n/colonn60.jpeg,colon_n,train
colonn600.jpeg,colon_n/colonn600.jpeg,colon_n,train
colonn601.jpeg,colon_n/colonn601.jpeg,colon_n,train
colonn602.jpeg,colon_n/colonn602.jpeg,colon_n,train
colonn603.jpeg,colon_n/colonn603.jpeg,colon_n,train
colonn604.jpeg,colon_n/colonn604.jpeg,colon_n,train
colonn605.jpeg,colon_n/colonn605.jpeg,colon_n,train
colonn606.jpeg,colon_n/colonn606.jpeg,colon_n,train
colonn607.jpeg,colon_n/colonn607.jpeg,colon_n,train
colonn608.jpeg,colon_n/colonn608.jpeg,colon_n,train
colonn61.jpeg,colon_n/colonn61.jpeg,colon_n,train
colonn610.jpeg,colon_n/colonn610.jpeg,colon_n,train
colonn611.jpeg,colon_n/colonn611.jpeg,colon_n,train
colonn613.jpeg,colon_n/colonn613.jpeg,colon_n,train
colonn614.jpeg,colon_n/colonn614.jpeg,colon_n,train
colonn615.jpeg,colon_n/colonn615.jpeg,colon_n,train
colonn616.jpeg,colon_n/colonn616.jpeg,colon_n,train
colonn617.jpeg,colon_n/colonn617.jpeg,colon_n,train
colonn618.jpeg,colon_n/colonn618.jpeg,colon_n,train
colonn619.jpeg,colon_n/colonn619.jpeg,colon_n,train
colonn62.jpeg,colon_n/colonn62.jpeg,colon_n,train
colonn620.jpeg,colon_n/colonn620.jpeg,colon_n,train
colonn621.jpeg,colon_n/colonn621.jpeg,colon_n,train
colonn622.jpeg,colon_n/colonn622.jpeg,colon_n,train
colonn624.jpeg,colon_n/colonn624.jpeg,colon_n,train
colonn625.jpeg,colon_n/colonn625.jpeg,colon_n,train
colonn626.jpeg,colon_n/colonn626.jpeg,colon_n,train
colonn627.jpeg,colon_n/colonn627.jpeg,colon_n,train
colonn628.jpeg,colon_n/colonn628.jpeg,colon_n,train
colonn629.jpeg,colon_n/colonn629.jpeg,colon_n,train
colonn63.jpeg,colon_n/colonn63.jpeg,colon_n,train
colonn630.jpeg,colon_n/colonn630.jpeg,colon_n,train
colonn631.jpeg,colon_n/colonn631.jpeg,colon_n,train
colonn633.jpeg,colon_n/colonn633.jpeg,colon_n,train
colonn634.jpeg,colon_n/colonn634.jpeg,colon_n,train
colonn636.jpeg,colon_n/colonn636.jpeg,colon_n,train
colonn638.jpeg,colon_n/colonn638.jpeg,colon_n,train
colonn639.jpeg,colon_n/colonn639.jpeg,colon_n,train
colonn64.jpeg,colon_n/colonn64.jpeg,colon_n,train
colonn641.jpeg,colon_n/colonn641.jpeg,colon_n,train
colonn642.jpeg,colon_n/colonn642.jpeg,colon_n,train
colonn643.jpeg,colon_n/colonn643.jpeg,colon_n,train
colonn644.jpeg,colon_n/colonn644.jpeg,colon_n,train
colonn645.jpeg,colon_n/colonn645.jpeg,colon_n,train
colonn646.jpeg,colon_n/colonn646.jpeg,colon_n,train
colonn647.jpeg,colon_n/colonn647.jpeg,colon_n,train
colonn648.jpeg,colon_n/colonn648.jpeg,colon_n,train
colonn649.jpeg,colon_n/colonn649.jpeg,colon_n,train
colonn650.jpeg,colon_n/colonn650.jpeg,colon_n,train
colonn651.jpeg,colon_n/colonn651.jpeg,colon_n,train
colonn652.jpeg,colon_n/colonn652.jpeg,colon_n,train
colonn653.jpeg,colon_n/colonn653.jpeg,colon_n,train
colonn655.jpeg,colon_n/colonn655.jpeg,colon_n,train
colonn656.jpeg,colon_n/colonn656.jpeg,colon_n,train
colonn657.jpeg,colon_n/colonn657.jpeg,colon_n,train
colonn659.jpeg,colon_n/colonn659.jpeg,colon_n,train
colonn66.jpeg,colon_n/colonn66.jpeg,colon_n,train
colonn660.jpeg,colon_n/colonn660.jpeg,colon_n,train
colonn661.jpeg,colon_n/colonn661.jpeg,colon_n,train
colonn662.jpeg,colon_n/colonn662.jpeg,colon_n,train
colonn663.jpeg,colon_n/colonn663.jpeg,colon_n,train
colonn664.jpeg,colon_n/colonn664.jpeg,colon_n,train
colonn667.jpeg,colon_n/colonn667.jpeg,colon_n,train
colonn668.jpeg,colon_n/colonn668.jpeg,colon_n,train
colonn67.jpeg,colon_n/colonn67.jpeg,colon_n,train
colonn671.jpeg,colon_n/colonn671.jpeg,colon_n,train
colonn672.jpeg,colon_n/colonn672.jpeg,colon_n,train
colonn673.jpeg,colon_n/colonn673.jpeg,colon_n,train
colonn676.jpeg,colon_n/colonn676.jpeg,colon_n,train
colonn677.jpeg,colon_n/colonn677.jpeg,colon_n,train
colonn679.jpeg,colon_n/colonn679.jpeg,colon_n,train
colonn68.jpeg,colon_n/colonn68.jpeg,colon_n,train
colonn680.jpeg,colon_n/colonn680.jpeg,colon_n,train
colonn682.jpeg,colon_n/colonn682.jpeg,colon_n,train
colonn683.jpeg,colon_n/colonn683.jpeg,colon_n,train
colonn684.jpeg,colon_n/colonn684.jpeg,colon_n,train
colonn688.jpeg,colon_n/colonn688.jpeg,colon_n,train
colonn689.jpeg,colon_n/colonn689.jpeg,colon_n,train
colonn69.jpeg,colon_n/colonn69.jpeg,colon_n,train
colonn690.jpeg,colon_n/colonn690.jpeg,colon_n,train
colonn691.jpeg,colon_n/colonn691.jpeg,colon_n,train
colonn692.jpeg,colon_n/colonn692.jpeg,colon_n,train
colonn694.jpeg,colon_n/colonn694.jpeg,colon_n,train
colonn695.jpeg,colon_n/colonn695.jpeg,colon_n,train
colonn696.jpeg,colon_n/colonn696.jpeg,colon_n,train
colonn697.jpeg,colon_n/colonn697.jpeg,colon_n,train
colonn698.jpeg,colon_n/colonn698.jpeg,colon_n,train
colonn699.jpeg,colon_n/colonn699.jpeg,colon_n,train
colonn7.jpeg,colon_n/colonn7.jpeg,colon_n,train
colonn70.jpeg,colon_n/colonn70.jpeg,colon_n,train
colonn702.jpeg,colon_n/colonn702.jpeg,colon_n,train
colonn703.jpeg,colon_n/colonn703.jpeg,colon_n,train
colonn704.jpeg,colon_n/colonn704.jpeg,colon_n,train
colonn705.jpeg,colon_n/colonn705.jpeg,colon_n,train
colonn706.jpeg,colon_n/colonn706.jpeg,colon_n,train
colonn707.jpeg,colon_n/colonn707.jpeg,colon_n,train
colonn709.jpeg,colon_n/colonn709.jpeg,colon_n,train
colonn71.jpeg,colon_n/colonn71.jpeg,colon_n,train
colonn710.jpeg,colon_n/colonn710.jpeg,colon_n,train
colonn711.jpeg,colon_n/colonn711.jpeg,colon_n,train
colonn713.jpeg,colon_n/colonn713.jpeg,colon_n,train
colonn714.jpeg,colon_n/colonn714.jpeg,colon_n,train
colonn715.jpeg,colon_n/colonn715.jpeg,colon_n,train
colonn718.jpeg,colon_n/colonn718.jpeg,colon_n,train
colonn719.jpeg,colon_n/colonn719.jpeg,colon_n,train
colonn72.jpeg,colon_n/colonn72.jpeg,colon_n,train
colonn721.jpeg,colon_n/colonn721.jpeg,colon_n,train
colonn723.jpeg,colon_n/colonn723.jpeg,colon_n,train
colonn724.jpeg,colon_n/colonn724.jpeg,colon_n,train
colonn725.jpeg,colon_n/colonn725.jpeg,colon_n,train
colonn726.jpeg,colon_n/colonn726.jpeg,colon_n,train
colonn727.jpeg,colon_n/colonn727.jpeg,colon_n,train
colonn73.jpeg,colon_n/colonn73.jpeg,colon_n,train
colonn730.jpeg,colon_n/colonn730.jpeg,colon_n,train
colonn731.jpeg,colon_n/colonn731.jpeg,colon_n,train
colonn732.jpeg,colon_n/colonn732.jpeg,colon_n,train
colonn733.jpeg,colon_n/colonn733.jpeg,colon_n,train
colonn734.jpeg,colon_n/colonn734.jpeg,colon_n,train
colonn735.jpeg,colon_n/colonn735.jpeg,colon_n,train
colonn736.jpeg,colon_n/colonn736.jpeg,colon_n,train
colonn739.jpeg,colon_n/colonn739.jpeg,colon_n,train
colonn74.jpeg,colon_n/colonn74.jpeg,colon_n,train
colonn740.jpeg,colon_n/colonn740.jpeg,colon_n,train
colonn743.jpeg,colon_n/colonn743.jpeg,colon_n,train
colonn745.jpeg,colon_n/colonn745.jpeg,colon_n,train
colonn746.jpeg,colon_n/colonn746.jpeg,colon_n,train
colonn747.jpeg,colon_n/colonn747.jpeg,colon_n,train
colonn748.jpeg,colon_n/colonn748.jpeg,colon_n,train
colonn749.jpeg,colon_n/colonn749.jpeg,colon_n,train
colonn75.jpeg,colon_n/colonn75.jpeg,colon_n,train
colonn750.jpeg,colon_n/colonn750.jpeg,colon_n,train
colonn751.jpeg,colon_n/colonn751.jpeg,colon_n,train
colonn752.jpeg,colon_n/colonn752.jpeg,colon_n,train
colonn753.jpeg,colon_n/colonn753.jpeg,colon_n,train
colonn754.jpeg,colon_n/colonn754.jpeg,colon_n,train
colonn756.jpeg,colon_n/colonn756.jpeg,colon_n,train
colonn757.jpeg,colon_n/colonn757.jpeg,colon_n,train
colonn758.jpeg,colon_n/colonn758.jpeg,colon_n,train
colonn759.jpeg,colon_n/colonn759.jpeg,colon_n,train
colonn76.jpeg,colon_n/colonn76.jpeg,colon_n,train
colonn760.jpeg,colon_n/colonn760.jpeg,colon_n,train
colonn761.jpeg,colon_n/colonn761.jpeg,colon_n,train
colonn762.jpeg,colon_n/colonn762.jpeg,colon_n,train
colonn763.jpeg,colon_n/colonn763.jpeg,colon_n,train
colonn764.jpeg,colon_n/colonn764.jpeg,colon_n,train
colonn765.jpeg,colon_n/colonn765.jpeg,colon_n,train
colonn766.jpeg,colon_n/colonn766.jpeg,colon_n,train
colonn768.jpeg,colon_n/colonn768.jpeg,colon_n,train
colonn769.jpeg,colon_n/colonn769.jpeg,colon_n,train
colonn77.jpeg,colon_n/colonn77.jpeg,colon_n,train
colonn770.jpeg,colon_n/colonn770.jpeg,colon_n,train
colonn771.jpeg,colon_n/colonn771.jpeg,colon_n,train
colonn772.jpeg,colon_n/colonn772.jpeg,colon_n,train
colonn773.jpeg,colon_n/colonn773.jpeg,colon_n,train
colonn774.jpeg,colon_n/colonn774.jpeg,colon_n,train
colonn776.jpeg,colon_n/colonn776.jpeg,colon_n,train
colonn777.jpeg,colon_n/colonn777.jpeg,colon_n,train
colonn778.jpeg,colon_n/colonn778.jpeg,colon_n,train
colonn779.jpeg,colon_n/colonn779.jpeg,colon_n,train
colonn780.jpeg,colon_n/colonn780.jpeg,colon_n,train
colonn781.jpeg,colon_n/colonn781.jpeg,colon_n,train
colonn783.jpeg,colon_n/colonn783.jpeg,colon_n,train
colonn784.jpeg,colon_n/colonn784.jpeg,colon_n,train
colonn785.jpeg,colon_n/colonn785.jpeg,colon_n,train
colonn787.jpeg,colon_n/colonn787.jpeg,colon_n,train
colonn788.jpeg,colon_n/colonn788.jpeg,colon_n,train
colonn79.jpeg,colon_n/colonn79.jpeg,colon_n,train
colonn790.jpeg,colon_n/colonn790.jpeg,colon_n,train
colonn791.jpeg,colon_n/colonn791.jpeg,colon_n,train
colonn792.jpeg,colon_n/colonn792.jpeg,colon_n,train
colonn793.jpeg,colon_n/colonn793.jpeg,colon_n,train
colonn794.jpeg,colon_n/colonn794.jpeg,colon_n,train
colonn795.jpeg,colon_n/colonn795.jpeg,colon_n,train
colonn796.jpeg,colon_n/colonn796.jpeg,colon_n,train
colonn797.jpeg,colon_n/colonn797.jpeg,colon_n,train
colonn798.jpeg,colon_n/colonn798.jpeg,colon_n,train
colonn8.jpeg,colon_n/colonn8.jpeg,colon_n,train
colonn80.jpeg,colon_n/colonn80.jpeg,colon_n,train
colonn800.jpeg,colon_n/colonn800.jpeg,colon_n,train
colonn801.jpeg,colon_n/colonn801.jpeg,colon_n,train
colonn802.jpeg,colon_n/colonn802.jpeg,colon_n,train
colonn803.jpeg,colon_n/colonn803.jpeg,colon_n,train
colonn806.jpeg,colon_n/colonn806.jpeg,colon_n,train
colonn807.jpeg,colon_n/colonn807.jpeg,colon_n,train
colonn808.jpeg,colon_n/colonn808.jpeg,colon_n,train
colonn809.jpeg,colon_n/colonn809.jpeg,colon_n,train
colonn81.jpeg,colon_n/colonn81.jpeg,colon_n,train
colonn810.jpeg,colon_n/colonn810.jpeg,colon_n,train
colonn811.jpeg,colon_n/colonn811.jpeg,colon_n,train
colonn812.jpeg,colon_n/colonn812.jpeg,colon_n,train
colonn813.jpeg,colon_n/colonn813.jpeg,colon_n,train
colonn814.jpeg,colon_n/colonn814.jpeg,colon_n,train
colonn815.jpeg,colon_n/colonn815.jpeg,colon_n,train
colonn817.jpeg,colon_n/colonn817.jpeg,colon_n,train
colonn818.jpeg,colon_n/colonn818.jpeg,colon_n,train
colonn819.jpeg,colon_n/colonn819.jpeg,colon_n,train
colonn82.jpeg,colon_n/colonn82.jpeg,colon_n,train
colonn820.jpeg,colon_n/colonn820.jpeg,colon_n,train
colonn821.jpeg,colon_n/colonn821.jpeg,colon_n,train
colonn822.jpeg,colon_n/colonn822.jpeg,colon_n,train
colonn823.jpeg,colon_n/colonn823.jpeg,colon_n,train
colonn824.jpeg,colon_n/colonn824.jpeg,colon_n,train
colonn825.jpeg,colon_n/colonn825.jpeg,colon_n,train
colonn826.jpeg,colon_n/colonn826.jpeg,colon_n,train
colonn827.jpeg,colon_n/colonn827.jpeg,colon_n,train
colonn828.jpeg,colon_n/colonn828.jpeg,colon_n,train
colonn829.jpeg,colon_n/colonn829.jpeg,colon_n,train
colonn83.jpeg,colon_n/colonn83.jpeg,colon_n,train
colonn830.jpeg,colon_n/colonn830.jpeg,colon_n,train
colonn831.jpeg,colon_n/colonn831.jpeg,colon_n,train
colonn832.jpeg,colon_n/colonn832.jpeg,colon_n,train
colonn833.jpeg,colon_n/colonn833.jpeg,colon_n,train
colonn834.jpeg,colon_n/colonn834.jpeg,colon_n,train
colonn835.jpeg,colon_n/colonn835.jpeg,colon_n,train
colonn836.jpeg,colon_n/colonn836.jpeg,colon_n,train
colonn837.jpeg,colon_n/colonn837.jpeg,colon_n,train
colonn838.jpeg,colon_n/colonn838.jpeg,colon_n,train
colonn84.jpeg,colon_n/colonn84.jpeg,colon_n,train
colonn840.jpeg,colon_n/colonn840.jpeg,colon_n,train
colonn841.jpeg,colon_n/colonn841.jpeg,colon_n,train
colonn843.jpeg,colon_n/colonn843.jpeg,colon_n,train
colonn844.jpeg,colon_n/colonn844.jpeg,colon_n,train
colonn846.jpeg,colon_n/colonn846.jpeg,colon_n,train
colonn847.jpeg,colon_n/colonn847.jpeg,colon_n,train
colonn848.jpeg,colon_n/colonn848.jpeg,colon_n,train
colonn849.jpeg,colon_n/colonn849.jpeg,colon_n,train
colonn85.jpeg,colon_n/colonn85.jpeg,colon_n,train
colonn850.jpeg,colon_n/colonn850.jpeg,colon_n,train
colonn851.jpeg,colon_n/colonn851.jpeg,colon_n,train
colonn852.jpeg,colon_n/colonn852.jpeg,colon_n,train
colonn853.jpeg,colon_n/colonn853.jpeg,colon_n,train
colonn854.jpeg,colon_n/colonn854.jpeg,colon_n,train
colonn856.jpeg,colon_n/colonn856.jpeg,colon_n,train
colonn857.jpeg,colon_n/colonn857.jpeg,colon_n,train
colonn858.jpeg,colon_n/colonn858.jpeg,colon_n,train
colonn859.jpeg,colon_n/colonn859.jpeg,colon_n,train
colonn86.jpeg,colon_n/colonn86.jpeg,colon_n,train
colonn860.jpeg,colon_n/colonn860.jpeg,colon_n,train
colonn861.jpeg,colon_n/colonn861.jpeg,colon_n,train
colonn862.jpeg,colon_n/colonn862.jpeg,colon_n,train
colonn863.jpeg,colon_n/colonn863.jpeg,colon_n,train
colonn864.jpeg,colon_n/colonn864.jpeg,colon_n,train
colonn865.jpeg,colon_n/colonn865.jpeg,colon_n,train
colonn866.jpeg,colon_n/colonn866.jpeg,colon_n,train
colonn868.jpeg,colon_n/colonn868.jpeg,colon_n,train
colonn869.jpeg,colon_n/colonn869.jpeg,colon_n,train
colonn87.jpeg,colon_n/colonn87.jpeg,colon_n,train
colonn870.jpeg,colon_n/colonn870.jpeg,colon_n,train
colonn871.jpeg,colon_n/colonn871.jpeg,colon_n,train
colonn872.jpeg,colon_n/colonn872.jpeg,colon_n,train
colonn873.jpeg,colon_n/colonn873.jpeg,colon_n,train
colonn875.jpeg,colon_n/colonn875.jpeg,colon_n,train
colonn876.jpeg,colon_n/colonn876.jpeg,colon_n,train
colonn877.jpeg,colon_n/colonn877.jpeg,colon_n,train
colonn878.jpeg,colon_n/colonn878.jpeg,colon_n,train
colonn879.jpeg,colon_n/colonn879.jpeg,colon_n,train
colonn88.jpeg,colon_n/colonn88.jpeg,colon_n,train
colonn880.jpeg,colon_n/colonn880.jpeg,colon_n,train
colonn881.jpeg,colon_n/colonn881.jpeg,colon_n,train
colonn882.jpeg,colon_n/colonn882.jpeg,colon_n,train
colonn883.jpeg,colon_n/colonn883.jpeg,colon_n,train
colonn884.jpeg,colon_n/colonn884.jpeg,colon_n,train
colonn885.jpeg,colon_n/colonn885.jpeg,colon_n,train
colonn886.jpeg,colon_n/colonn886.jpeg,colon_n,train
colonn887.jpeg,colon_n/colonn887.jpeg,colon_n,train
colonn888.jpeg,colon_n/colonn888.jpeg,colon_n,train
colonn889.jpeg,colon_n/colonn889.jpeg,colon_n,train
colonn89.jpeg,colon_n/colonn89.jpeg,colon_n,train
colonn890.jpeg,colon_n/colonn890.jpeg,colon_n,train
colonn891.jpeg,colon_n/colonn891.jpeg,colon_n,train
colonn892.jpeg,colon_n/colonn892.jpeg,colon_n,train
colonn893.jpeg,colon_n/colonn893.jpeg,colon_n,train
colonn894.jpeg,colon_n/colonn894.jpeg,colon_n,train
colonn895.jpeg,colon_n/colonn895.jpeg,colon_n,train
colonn896.jpeg,colon_n/colonn896.jpeg,colon_n,train
colonn897.jpeg,colon_n/colonn897.jpeg,colon_n,train
colonn898.jpeg,colon_n/colonn898.jpeg,colon_n,train
colonn899.jpeg,colon_n/colonn899.jpeg,colon_n,train
colonn90.jpeg,colon_n/colonn90.jpeg,colon_n,train
colonn900.jpeg,colon_n/colonn900.jpeg,colon_n,train
colonn902.jpeg,colon_n/colonn902.jpeg,colon_n,train
colonn903.jpeg,colon_n/colonn903.jpeg,colon_n,train
colonn905.jpeg,colon_n/colonn905.jpeg,colon_n,train
colonn906.jpeg,colon_n/colonn906.jpeg,colon_n,train
colonn907.jpeg,colon_n/colonn907.jpeg,colon_n,train
colonn909.jpeg,colon_n/colonn909.jpeg,colon_n,train
colonn91.jpeg,colon_n/colonn91.jpeg,colon_n,train
colonn910.jpeg,colon_n/colonn910.jpeg,colon_n,train
colonn911.jpeg,colon_n/colonn911.jpeg,colon_n,train
colonn912.jpeg,colon_n/colonn912.jpeg,colon_n,train
colonn913.jpeg,colon_n/colonn913.jpeg,colon_n,train
colonn914.jpeg,colon_n/colonn914.jpeg,colon_n,train
colonn915.jpeg,colon_n/colonn915.jpeg,colon_n,train
colonn916.jpeg,colon_n/colonn916.jpeg,colon_n,train
colonn917.jpeg,colon_n/colonn917.jpeg,colon_n,train
colonn918.jpeg,colon_n/colonn918.jpeg,colon_n,train
colonn919.jpeg,colon_n/colonn919.jpeg,colon_n,train
colonn92.jpeg,colon_n/colonn92.jpeg,colon_n,train
colonn920.jpeg,colon_n/colonn920.jpeg,colon_n,train
colonn921.jpeg,colon_n/colonn921.jpeg,colon_n,train
colonn922.jpeg,colon_n/colonn922.jpeg,colon_n,train
colonn923.jpeg,colon_n/colonn923.jpeg,colon_n,train
colonn924.jpeg,colon_n/colonn924.jpeg,colon_n,train
colonn925.jpeg,colon_n/colonn925.jpeg,colon_n,train
colonn926.jpeg,colon_n/colonn926.jpeg,colon_n,train
colonn928.jpeg,colon_n/colonn928.jpeg,colon_n,train
colonn929.jpeg,colon_n/colonn929.jpeg,colon_n,train
colonn930.jpeg,colon_n/colonn930.jpeg,colon_n,train
colonn931.jpeg,colon_n/colonn931.jpeg,colon_n,train
colonn932.jpeg,colon_n/colonn932.jpeg,colon_n,train
colonn933.jpeg,colon_n/colonn933.jpeg,colon_n,train
colonn935.jpeg,colon_n/colonn935.jpeg,colon_n,train
colonn936.jpeg,colon_n/colonn936.jpeg,colon_n,train
colonn937.jpeg,colon_n/colonn937.jpeg,colon_n,train
colonn938.jpeg,colon_n/colonn938.jpeg,colon_n,train
colonn939.jpeg,colon_n/colonn939.jpeg,colon_n,train
colonn94.jpeg,colon_n/colonn94.jpeg,colon_n,train
colonn940.jpeg,colon_n/colonn940.jpeg,colon_n,train
colonn941.jpeg,colon_n/colonn941.jpeg,colon_n,train
colonn942.jpeg,colon_n/colonn942.jpeg,colon_n,train
colonn943.jpeg,colon_n/colonn943.jpeg,colon_n,train
colonn944.jpeg,colon_n/colonn944.jpeg,colon_n,train
colonn945.jpeg,colon_n/colonn945.jpeg,colon_n,train
colonn946.jpeg,colon_n/colonn946.jpeg,colon_n,train
colonn947.jpeg,colon_n/colonn947.jpeg,colon_n,train
colonn948.jpeg,colon_n/colonn948.jpeg,colon_n,train
colonn949.jpeg,colon_n/colonn949.jpeg,colon_n,train
colonn95.jpeg,colon_n/colonn95.jpeg,colon_n,train
colonn950.jpeg,colon_n/colonn950.jpeg,colon_n,train
colonn953.jpeg,colon_n/colonn953.jpeg,colon_n,train
colonn955.jpeg,colon_n/colonn955.jpeg,colon_n,train
colonn956.jpeg,colon_n/colonn956.jpeg,colon_n,train
colonn958.jpeg,colon_n/colonn958.jpeg,colon_n,train
colonn959.jpeg,colon_n/colonn959.jpeg,colon_n,train
colonn96.jpeg,colon_n/colonn96.jpeg,colon_n,train
colonn960.jpeg,colon_n/colonn960.jpeg,colon_n,train
colonn961.jpeg,colon_n/colonn961.jpeg,colon_n,train
colonn962.jpeg,colon_n/colonn962.jpeg,colon_n,train
colonn963.jpeg,colon_n/colonn963.jpeg,colon_n,train
colonn964.jpeg,colon_n/colonn964.jpeg,colon_n,train
colonn965.jpeg,colon_n/colonn965.jpeg,colon_n,train
colonn966.jpeg,colon_n/colonn966.jpeg,colon_n,train
colonn967.jpeg,colon_n/colonn967.jpeg,colon_n,train
colonn968.jpeg,colon_n/colonn968.jpeg,colon_n,train
colonn969.jpeg,colon_n/colonn969.jpeg,colon_n,train
colonn97.jpeg,colon_n/colonn97.jpeg,colon_n,train
colonn970.jpeg,colon_n/colonn970.jpeg,colon_n,train
colonn971.jpeg,colon_n/colonn971.jpeg,colon_n,train
colonn972.jpeg,colon_n/colonn972.jpeg,colon_n,train
colonn974.jpeg,colon_n/colonn974.jpeg,colon_n,train
colonn975.jpeg,colon_n/colonn975.jpeg,colon_n,train
colonn976.jpeg,colon_n/colonn976.jpeg,colon_n,train
colonn977.jpeg,colon_n/colonn977.jpeg,colon_n,train
colonn978.jpeg,colon_n/colonn978.jpeg,colon_n,train
colonn980.jpeg,colon_n/colonn980.jpeg,colon_n,train
colonn982.jpeg,colon_n/colonn982.jpeg,colon_n,train
colonn983.jpeg,colon_n/colonn983.jpeg,colon_n,train
colonn984.jpeg,colon_n/colonn984.jpeg,colon_n,train
colonn986.jpeg,colon_n/colonn986.jpeg,colon_n,train
colonn987.jpeg,colon_n/colonn987.jpeg,colon_n,train
colonn988.jpeg,colon_n/colonn988.jpeg,colon_n,train
colonn989.jpeg,colon_n/colonn989.jpeg,colon_n,train
colonn99.jpeg,colon_n/colonn99.jpeg,colon_n,train
colonn991.jpeg,colon_n/colonn991.jpeg,colon_n,train
colonn992.jpeg,colon_n/colonn992.jpeg,colon_n,train
colonn993.jpeg,colon_n/colonn993.jpeg,colon_n,train
colonn994.jpeg,colon_n/colonn994.jpeg,colon_n,train
colonn995.jpeg,colon_n/colonn995.jpeg,colon_n,train
colonn996.jpeg,colon_n/colonn996.jpeg,colon_n,train
colonn997.jpeg,colon_n/colonn997.jpeg,colon_n,train
colonn999.jpeg,colon_n/colonn999.jpeg,colon_n,train
