filename,relative_path,class,split
NORMAL_100.png,NORMAL/NORMAL_100.png,NORMAL,train
NORMAL_1001.png,NORMAL/NORMAL_1001.png,NORMAL,train
NORMAL_1003.png,NORMAL/NORMAL_1003.png,NORMAL,train
NORMAL_1004.png,NORMAL/NORMAL_1004.png,NORMAL,train
NORMAL_1005.png,NORMAL/NORMAL_1005.png,NORMAL,train
NORMAL_1006.png,NORMAL/NORMAL_1006.png,NORMAL,train
NORMAL_1007.png,NORMAL/NORMAL_1007.png,NORMAL,train
NORMAL_1008.png,NORMAL/NORMAL_1008.png,NORMAL,train
NORMAL_1009.png,NORMAL/NORMAL_1009.png,NORMAL,train
NORMAL_101.png,NORMAL/NORMAL_101.png,NORMAL,train
NORMAL_1014.png,NORMAL/NORMAL_1014.png,NORMAL,train
NORMAL_1015.png,NORMAL/NORMAL_1015.png,NORMAL,train
NORMAL_1016.png,NORMAL/NORMAL_1016.png,NORMAL,train
NORMAL_1017.png,NORMAL/NORMAL_1017.png,NORMAL,train
NORMAL_1018.png,NORMAL/NORMAL_1018.png,NORMAL,train
NORMAL_1019.png,NORMAL/NORMAL_1019.png,NORMAL,train
NORMAL_102.png,NORMAL/NORMAL_102.png,NORMAL,train
NORMAL_1020.png,NORMAL/NORMAL_1020.png,NORMAL,train
NORMAL_1021.png,NORMAL/NORMAL_1021.png,NORMAL,train
NORMAL_1025.png,NORMAL/NORMAL_1025.png,NORMAL,train
NORMAL_1026.png,NORMAL/NORMAL_1026.png,NORMAL,train
NORMAL_1027.png,NORMAL/NORMAL_1027.png,NORMAL,train
NORMAL_1028.png,NORMAL/NORMAL_1028.png,NORMAL,train
NORMAL_1029.png,NORMAL/NORMAL_1029.png,NORMAL,train
NORMAL_103.png,NORMAL/NORMAL_103.png,NORMAL,train
NORMAL_1031.png,NORMAL/NORMAL_1031.png,NORMAL,train
NORMAL_1032.png,NORMAL/NORMAL_1032.png,NORMAL,train
NORMAL_1034.png,NORMAL/NORMAL_1034.png,NORMAL,train
NORMAL_1035.png,NORMAL/NORMAL_1035.png,NORMAL,train
NORMAL_1039.png,NORMAL/NORMAL_1039.png,NORMAL,train
NORMAL_104.png,NORMAL/NORMAL_104.png,NORMAL,train
NORMAL_1040.png,NORMAL/NORMAL_1040.png,NORMAL,train
NORMAL_1042.png,NORMAL/NORMAL_1042.png,NORMAL,train
NORMAL_1043.png,NORMAL/NORMAL_1043.png,NORMAL,train
NORMAL_1045.png,NORMAL/NORMAL_1045.png,NORMAL,train
NORMAL_1046.png,NORMAL/NORMAL_1046.png,NORMAL,train
NORMAL_1049.png,NORMAL/NORMAL_1049.png,NORMAL,train
NORMAL_1050.png,NORMAL/NORMAL_1050.png,NORMAL,train
NORMAL_1051.png,NORMAL/NORMAL_1051.png,NORMAL,train
NORMAL_1054.png,NORMAL/NORMAL_1054.png,NORMAL,train
NORMAL_1055.png,NORMAL/NORMAL_1055.png,NORMAL,train
NORMAL_1057.png,NORMAL/NORMAL_1057.png,NORMAL,train
NORMAL_1058.png,NORMAL/NORMAL_1058.png,NORMAL,train
NORMAL_1059.png,NORMAL/NORMAL_1059.png,NORMAL,train
NORMAL_106.png,NORMAL/NORMAL_106.png,NORMAL,train
NORMAL_1060.png,NORMAL/NORMAL_1060.png,NORMAL,train
NORMAL_1061.png,NORMAL/NORMAL_1061.png,NORMAL,train
NORMAL_1062.png,NORMAL/NORMAL_1062.png,NORMAL,train
NORMAL_1063.png,NORMAL/NORMAL_1063.png,NORMAL,train
NORMAL_1064.png,NORMAL/NORMAL_1064.png,NORMAL,train
NORMAL_1065.png,NORMAL/NORMAL_1065.png,NORMAL,train
NORMAL_1066.png,NORMAL/NORMAL_1066.png,NORMAL,train
NORMAL_1067.png,NORMAL/NORMAL_1067.png,NORMAL,train
NORMAL_1068.png,NORMAL/NORMAL_1068.png,NORMAL,train
NORMAL_1069.png,NORMAL/NORMAL_1069.png,NORMAL,train
NORMAL_107.png,NORMAL/NORMAL_107.png,NORMAL,train
NORMAL_1070.png,NORMAL/NORMAL_1070.png,NORMAL,train
NORMAL_1071.png,NORMAL/NORMAL_1071.png,NORMAL,train
NORMAL_1072.png,NORMAL/NORMAL_1072.png,NORMAL,train
NORMAL_1074.png,NORMAL/NORMAL_1074.png,NORMAL,train
NORMAL_1075.png,NORMAL/NORMAL_1075.png,NORMAL,train
NORMAL_1076.png,NORMAL/NORMAL_1076.png,NORMAL,train
NORMAL_1077.png,NORMAL/NORMAL_1077.png,NORMAL,train
NORMAL_1078.png,NORMAL/NORMAL_1078.png,NORMAL,train
NORMAL_1079.png,NORMAL/NORMAL_1079.png,NORMAL,train
NORMAL_1080.png,NORMAL/NORMAL_1080.png,NORMAL,train
NORMAL_1081.png,NORMAL/NORMAL_1081.png,NORMAL,train
NORMAL_1082.png,NORMAL/NORMAL_1082.png,NORMAL,train
NORMAL_1083.png,NORMAL/NORMAL_1083.png,NORMAL,train
NORMAL_1084.png,NORMAL/NORMAL_1084.png,NORMAL,train
NORMAL_1088.png,NORMAL/NORMAL_1088.png,NORMAL,train
NORMAL_109.png,NORMAL/NORMAL_109.png,NORMAL,train
NORMAL_1090.png,NORMAL/NORMAL_1090.png,NORMAL,train
NORMAL_1091.png,NORMAL/NORMAL_1091.png,NORMAL,train
NORMAL_1092.png,NORMAL/NORMAL_1092.png,NORMAL,train
NORMAL_1093.png,NORMAL/NORMAL_1093.png,NORMAL,train
NORMAL_1094.png,NORMAL/NORMAL_1094.png,NORMAL,train
NORMAL_1095.png,NORMAL/NORMAL_1095.png,NORMAL,train
NORMAL_1096.png,NORMAL/NORMAL_1096.png,NORMAL,train
NORMAL_1097.png,NORMAL/NORMAL_1097.png,NORMAL,train
NORMAL_1098.png,NORMAL/NORMAL_1098.png,NORMAL,train
NORMAL_1099.png,NORMAL/NORMAL_1099.png,NORMAL,train
NORMAL_11.png,NORMAL/NORMAL_11.png,NORMAL,train
NORMAL_110.png,NORMAL/NORMAL_110.png,NORMAL,train
NORMAL_1100.png,NORMAL/NORMAL_1100.png,NORMAL,train
NORMAL_1101.png,NORMAL/NORMAL_1101.png,NORMAL,train
NORMAL_1102.png,NORMAL/NORMAL_1102.png,NORMAL,train
NORMAL_1105.png,NORMAL/NORMAL_1105.png,NORMAL,train
NORMAL_1106.png,NORMAL/NORMAL_1106.png,NORMAL,train
NORMAL_1108.png,NORMAL/NORMAL_1108.png,NORMAL,train
NORMAL_1109.png,NORMAL/NORMAL_1109.png,NORMAL,train
NORMAL_111.png,NORMAL/NORMAL_111.png,NORMAL,train
NORMAL_1110.png,NORMAL/NORMAL_1110.png,NORMAL,train
NORMAL_1111.png,NORMAL/NORMAL_1111.png,NORMAL,train
NORMAL_1112.png,NORMAL/NORMAL_1112.png,NORMAL,train
NORMAL_1113.png,NORMAL/NORMAL_1113.png,NORMAL,train
NORMAL_1115.png,NORMAL/NORMAL_1115.png,NORMAL,train
NORMAL_1116.png,NORMAL/NORMAL_1116.png,NORMAL,train
NORMAL_1117.png,NORMAL/NORMAL_1117.png,NORMAL,train
NORMAL_1119.png,NORMAL/NORMAL_1119.png,NORMAL,train
NORMAL_1120.png,NORMAL/NORMAL_1120.png,NORMAL,train
NORMAL_1123.png,NORMAL/NORMAL_1123.png,NORMAL,train
NORMAL_1125.png,NORMAL/NORMAL_1125.png,NORMAL,train
NORMAL_1128.png,NORMAL/NORMAL_1128.png,NORMAL,train
NORMAL_1129.png,NORMAL/NORMAL_1129.png,NORMAL,train
NORMAL_1131.png,NORMAL/NORMAL_1131.png,NORMAL,train
NORMAL_1132.png,NORMAL/NORMAL_1132.png,NORMAL,train
NORMAL_1134.png,NORMAL/NORMAL_1134.png,NORMAL,train
NORMAL_1137.png,NORMAL/NORMAL_1137.png,NORMAL,train
NORMAL_1138.png,NORMAL/NORMAL_1138.png,NORMAL,train
NORMAL_114.png,NORMAL/NORMAL_114.png,NORMAL,train
NORMAL_1140.png,NORMAL/NORMAL_1140.png,NORMAL,train
NORMAL_1143.png,NORMAL/NORMAL_1143.png,NORMAL,train
NORMAL_1144.png,NORMAL/NORMAL_1144.png,NORMAL,train
NORMAL_1145.png,NORMAL/NORMAL_1145.png,NORMAL,train
NORMAL_1146.png,NORMAL/NORMAL_1146.png,NORMAL,train
NORMAL_1147.png,NORMAL/NORMAL_1147.png,NORMAL,train
NORMAL_1148.png,NORMAL/NORMAL_1148.png,NORMAL,train
NORMAL_1149.png,NORMAL/NORMAL_1149.png,NORMAL,train
NORMAL_115.png,NORMAL/NORMAL_115.png,NORMAL,train
NORMAL_1150.png,NORMAL/NORMAL_1150.png,NORMAL,train
NORMAL_1151.png,NORMAL/NORMAL_1151.png,NORMAL,train
NORMAL_1152.png,NORMAL/NORMAL_1152.png,NORMAL,train
NORMAL_1153.png,NORMAL/NORMAL_1153.png,NORMAL,train
NORMAL_1154.png,NORMAL/NORMAL_1154.png,NORMAL,train
NORMAL_1155.png,NORMAL/NORMAL_1155.png,NORMAL,train
NORMAL_1156.png,NORMAL/NORMAL_1156.png,NORMAL,train
NORMAL_1157.png,NORMAL/NORMAL_1157.png,NORMAL,train
NORMAL_1158.png,NORMAL/NORMAL_1158.png,NORMAL,train
NORMAL_1159.png,NORMAL/NORMAL_1159.png,NORMAL,train
NORMAL_1160.png,NORMAL/NORMAL_1160.png,NORMAL,train
NORMAL_1162.png,NORMAL/NORMAL_1162.png,NORMAL,train
NORMAL_1164.png,NORMAL/NORMAL_1164.png,NORMAL,train
NORMAL_1165.png,NORMAL/NORMAL_1165.png,NORMAL,train
NORMAL_1166.png,NORMAL/NORMAL_1166.png,NORMAL,train
NORMAL_1167.png,NORMAL/NORMAL_1167.png,NORMAL,train
NORMAL_1169.png,NORMAL/NORMAL_1169.png,NORMAL,train
NORMAL_117.png,NORMAL/NORMAL_117.png,NORMAL,train
NORMAL_1170.png,NORMAL/NORMAL_1170.png,NORMAL,train
NORMAL_1172.png,NORMAL/NORMAL_1172.png,NORMAL,train
NORMAL_1173.png,NORMAL/NORMAL_1173.png,NORMAL,train
NORMAL_1174.png,NORMAL/NORMAL_1174.png,NORMAL,train
NORMAL_1175.png,NORMAL/NORMAL_1175.png,NORMAL,train
NORMAL_1176.png,NORMAL/NORMAL_1176.png,NORMAL,train
NORMAL_1177.png,NORMAL/NORMAL_1177.png,NORMAL,train
NORMAL_118.png,NORMAL/NORMAL_118.png,NORMAL,train
NORMAL_1182.png,NORMAL/NORMAL_1182.png,NORMAL,train
NORMAL_1183.png,NORMAL/NORMAL_1183.png,NORMAL,train
NORMAL_1185.png,NORMAL/NORMAL_1185.png,NORMAL,train
NORMAL_1188.png,NORMAL/NORMAL_1188.png,NORMAL,train
NORMAL_1189.png,NORMAL/NORMAL_1189.png,NORMAL,train
NORMAL_119.png,NORMAL/NORMAL_119.png,NORMAL,train
NORMAL_1191.png,NORMAL/NORMAL_1191.png,NORMAL,train
NORMAL_1193.png,NORMAL/NORMAL_1193.png,NORMAL,train
NORMAL_1195.png,NORMAL/NORMAL_1195.png,NORMAL,train
NORMAL_1196.png,NORMAL/NORMAL_1196.png,NORMAL,train
NORMAL_1197.png,NORMAL/NORMAL_1197.png,NORMAL,train
NORMAL_1198.png,NORMAL/NORMAL_1198.png,NORMAL,train
NORMAL_1199.png,NORMAL/NORMAL_1199.png,NORMAL,train
NORMAL_1200.png,NORMAL/NORMAL_1200.png,NORMAL,train
NORMAL_1201.png,NORMAL/NORMAL_1201.png,NORMAL,train
NORMAL_1203.png,NORMAL/NORMAL_1203.png,NORMAL,train
NORMAL_1204.png,NORMAL/NORMAL_1204.png,NORMAL,train
NORMAL_1205.png,NORMAL/NORMAL_1205.png,NORMAL,train
NORMAL_1208.png,NORMAL/NORMAL_1208.png,NORMAL,train
NORMAL_1209.png,NORMAL/NORMAL_1209.png,NORMAL,train
NORMAL_121.png,NORMAL/NORMAL_121.png,NORMAL,train
NORMAL_1210.png,NORMAL/NORMAL_1210.png,NORMAL,train
NORMAL_1211.png,NORMAL/NORMAL_1211.png,NORMAL,train
NORMAL_1212.png,NORMAL/NORMAL_1212.png,NORMAL,train
NORMAL_1213.png,NORMAL/NORMAL_1213.png,NORMAL,train
NORMAL_1214.png,NORMAL/NORMAL_1214.png,NORMAL,train
NORMAL_1215.png,NORMAL/NORMAL_1215.png,NORMAL,train
NORMAL_1216.png,NORMAL/NORMAL_1216.png,NORMAL,train
NORMAL_1217.png,NORMAL/NORMAL_1217.png,NORMAL,train
NORMAL_1218.png,NORMAL/NORMAL_1218.png,NORMAL,train
NORMAL_122.png,NORMAL/NORMAL_122.png,NORMAL,train
NORMAL_1220.png,NORMAL/NORMAL_1220.png,NORMAL,train
NORMAL_1221.png,NORMAL/NORMAL_1221.png,NORMAL,train
NORMAL_1224.png,NORMAL/NORMAL_1224.png,NORMAL,train
NORMAL_1226.png,NORMAL/NORMAL_1226.png,NORMAL,train
NORMAL_1227.png,NORMAL/NORMAL_1227.png,NORMAL,train
NORMAL_1228.png,NORMAL/NORMAL_1228.png,NORMAL,train
NORMAL_1229.png,NORMAL/NORMAL_1229.png,NORMAL,train
NORMAL_123.png,NORMAL/NORMAL_123.png,NORMAL,train
NORMAL_1231.png,NORMAL/NORMAL_1231.png,NORMAL,train
NORMAL_1232.png,NORMAL/NORMAL_1232.png,NORMAL,train
NORMAL_1233.png,NORMAL/NORMAL_1233.png,NORMAL,train
NORMAL_1234.png,NORMAL/NORMAL_1234.png,NORMAL,train
NORMAL_1235.png,NORMAL/NORMAL_1235.png,NORMAL,train
NORMAL_1236.png,NORMAL/NORMAL_1236.png,NORMAL,train
NORMAL_1237.png,NORMAL/NORMAL_1237.png,NORMAL,train
NORMAL_1239.png,NORMAL/NORMAL_1239.png,NORMAL,train
NORMAL_124.png,NORMAL/NORMAL_124.png,NORMAL,train
NORMAL_1240.png,NORMAL/NORMAL_1240.png,NORMAL,train
NORMAL_1241.png,NORMAL/NORMAL_1241.png,NORMAL,train
NORMAL_1242.png,NORMAL/NORMAL_1242.png,NORMAL,train
NORMAL_1243.png,NORMAL/NORMAL_1243.png,NORMAL,train
NORMAL_1245.png,NORMAL/NORMAL_1245.png,NORMAL,train
NORMAL_1246.png,NORMAL/NORMAL_1246.png,NORMAL,train
NORMAL_1247.png,NORMAL/NORMAL_1247.png,NORMAL,train
NORMAL_1249.png,NORMAL/NORMAL_1249.png,NORMAL,train
NORMAL_125.png,NORMAL/NORMAL_125.png,NORMAL,train
NORMAL_1250.png,NORMAL/NORMAL_1250.png,NORMAL,train
NORMAL_1251.png,NORMAL/NORMAL_1251.png,NORMAL,train
NORMAL_1252.png,NORMAL/NORMAL_1252.png,NORMAL,train
NORMAL_1253.png,NORMAL/NORMAL_1253.png,NORMAL,train
NORMAL_1254.png,NORMAL/NORMAL_1254.png,NORMAL,train
NORMAL_1256.png,NORMAL/NORMAL_1256.png,NORMAL,train
NORMAL_1257.png,NORMAL/NORMAL_1257.png,NORMAL,train
NORMAL_1258.png,NORMAL/NORMAL_1258.png,NORMAL,train
NORMAL_1259.png,NORMAL/NORMAL_1259.png,NORMAL,train
NORMAL_126.png,NORMAL/NORMAL_126.png,NORMAL,train
NORMAL_1260.png,NORMAL/NORMAL_1260.png,NORMAL,train
NORMAL_1261.png,NORMAL/NORMAL_1261.png,NORMAL,train
NORMAL_1262.png,NORMAL/NORMAL_1262.png,NORMAL,train
NORMAL_1263.png,NORMAL/NORMAL_1263.png,NORMAL,train
NORMAL_1264.png,NORMAL/NORMAL_1264.png,NORMAL,train
NORMAL_1265.png,NORMAL/NORMAL_1265.png,NORMAL,train
NORMAL_1267.png,NORMAL/NORMAL_1267.png,NORMAL,train
NORMAL_1269.png,NORMAL/NORMAL_1269.png,NORMAL,train
NORMAL_127.png,NORMAL/NORMAL_127.png,NORMAL,train
NORMAL_1270.png,NORMAL/NORMAL_1270.png,NORMAL,train
NORMAL_1271.png,NORMAL/NORMAL_1271.png,NORMAL,train
NORMAL_1272.png,NORMAL/NORMAL_1272.png,NORMAL,train
NORMAL_1274.png,NORMAL/NORMAL_1274.png,NORMAL,train
NORMAL_1276.png,NORMAL/NORMAL_1276.png,NORMAL,train
NORMAL_1277.png,NORMAL/NORMAL_1277.png,NORMAL,train
NORMAL_1278.png,NORMAL/NORMAL_1278.png,NORMAL,train
NORMAL_1279.png,NORMAL/NORMAL_1279.png,NORMAL,train
NORMAL_128.png,NORMAL/NORMAL_128.png,NORMAL,train
NORMAL_1280.png,NORMAL/NORMAL_1280.png,NORMAL,train
NORMAL_1282.png,NORMAL/NORMAL_1282.png,NORMAL,train
NORMAL_1285.png,NORMAL/NORMAL_1285.png,NORMAL,train
NORMAL_1286.png,NORMAL/NORMAL_1286.png,NORMAL,train
NORMAL_1287.png,NORMAL/NORMAL_1287.png,NORMAL,train
NORMAL_1288.png,NORMAL/NORMAL_1288.png,NORMAL,train
NORMAL_1289.png,NORMAL/NORMAL_1289.png,NORMAL,train
NORMAL_1290.png,NORMAL/NORMAL_1290.png,NORMAL,train
NORMAL_1291.png,NORMAL/NORMAL_1291.png,NORMAL,train
NORMAL_1292.png,NORMAL/NORMAL_1292.png,NORMAL,train
NORMAL_1294.png,NORMAL/NORMAL_1294.png,NORMAL,train
NORMAL_1296.png,NORMAL/NORMAL_1296.png,NORMAL,train
NORMAL_1297.png,NORMAL/NORMAL_1297.png,NORMAL,train
NORMAL_1298.png,NORMAL/NORMAL_1298.png,NORMAL,train
NORMAL_1299.png,NORMAL/NORMAL_1299.png,NORMAL,train
NORMAL_13.png,NORMAL/NORMAL_13.png,NORMAL,train
NORMAL_1300.png,NORMAL/NORMAL_1300.png,NORMAL,train
NORMAL_1306.png,NORMAL/NORMAL_1306.png,NORMAL,train
NORMAL_1308.png,NORMAL/NORMAL_1308.png,NORMAL,train
NORMAL_1309.png,NORMAL/NORMAL_1309.png,NORMAL,train
NORMAL_1310.png,NORMAL/NORMAL_1310.png,NORMAL,train
NORMAL_1311.png,NORMAL/NORMAL_1311.png,NORMAL,train
NORMAL_1312.png,NORMAL/NORMAL_1312.png,NORMAL,train
NORMAL_1313.png,NORMAL/NORMAL_1313.png,NORMAL,train
NORMAL_1314.png,NORMAL/NORMAL_1314.png,NORMAL,train
NORMAL_1315.png,NORMAL/NORMAL_1315.png,NORMAL,train
NORMAL_1317.png,NORMAL/NORMAL_1317.png,NORMAL,train
NORMAL_1318.png,NORMAL/NORMAL_1318.png,NORMAL,train
NORMAL_132.png,NORMAL/NORMAL_132.png,NORMAL,train
NORMAL_1320.png,NORMAL/NORMAL_1320.png,NORMAL,train
NORMAL_1321.png,NORMAL/NORMAL_1321.png,NORMAL,train
NORMAL_1322.png,NORMAL/NORMAL_1322.png,NORMAL,train
NORMAL_1325.png,NORMAL/NORMAL_1325.png,NORMAL,train
NORMAL_1327.png,NORMAL/NORMAL_1327.png,NORMAL,train
NORMAL_1328.png,NORMAL/NORMAL_1328.png,NORMAL,train
NORMAL_1329.png,NORMAL/NORMAL_1329.png,NORMAL,train
NORMAL_133.png,NORMAL/NORMAL_133.png,NORMAL,train
NORMAL_1330.png,NORMAL/NORMAL_1330.png,NORMAL,train
NORMAL_1331.png,NORMAL/NORMAL_1331.png,NORMAL,train
NORMAL_1332.png,NORMAL/NORMAL_1332.png,NORMAL,train
NORMAL_1333.png,NORMAL/NORMAL_1333.png,NORMAL,train
NORMAL_1334.png,NORMAL/NORMAL_1334.png,NORMAL,train
NORMAL_1335.png,NORMAL/NORMAL_1335.png,NORMAL,train
NORMAL_1336.png,NORMAL/NORMAL_1336.png,NORMAL,train
NORMAL_1337.png,NORMAL/NORMAL_1337.png,NORMAL,train
NORMAL_1338.png,NORMAL/NORMAL_1338.png,NORMAL,train
NORMAL_134.png,NORMAL/NORMAL_134.png,NORMAL,train
NORMAL_1340.png,NORMAL/NORMAL_1340.png,NORMAL,train
NORMAL_1341.png,NORMAL/NORMAL_1341.png,NORMAL,train
NORMAL_1343.png,NORMAL/NORMAL_1343.png,NORMAL,train
NORMAL_1344.png,NORMAL/NORMAL_1344.png,NORMAL,train
NORMAL_1346.png,NORMAL/NORMAL_1346.png,NORMAL,train
NORMAL_1348.png,NORMAL/NORMAL_1348.png,NORMAL,train
NORMAL_135.png,NORMAL/NORMAL_135.png,NORMAL,train
NORMAL_1352.png,NORMAL/NORMAL_1352.png,NORMAL,train
NORMAL_1353.png,NORMAL/NORMAL_1353.png,NORMAL,train
NORMAL_1356.png,NORMAL/NORMAL_1356.png,NORMAL,train
NORMAL_1357.png,NORMAL/NORMAL_1357.png,NORMAL,train
NORMAL_1358.png,NORMAL/NORMAL_1358.png,NORMAL,train
NORMAL_1359.png,NORMAL/NORMAL_1359.png,NORMAL,train
NORMAL_136.png,NORMAL/NORMAL_136.png,NORMAL,train
NORMAL_1360.png,NORMAL/NORMAL_1360.png,NORMAL,train
NORMAL_1361.png,NORMAL/NORMAL_1361.png,NORMAL,train
NORMAL_1364.png,NORMAL/NORMAL_1364.png,NORMAL,train
NORMAL_1365.png,NORMAL/NORMAL_1365.png,NORMAL,train
NORMAL_1366.png,NORMAL/NORMAL_1366.png,NORMAL,train
NORMAL_1368.png,NORMAL/NORMAL_1368.png,NORMAL,train
NORMAL_1369.png,NORMAL/NORMAL_1369.png,NORMAL,train
NORMAL_1370.png,NORMAL/NORMAL_1370.png,NORMAL,train
NORMAL_1372.png,NORMAL/NORMAL_1372.png,NORMAL,train
NORMAL_1375.png,NORMAL/NORMAL_1375.png,NORMAL,train
NORMAL_1376.png,NORMAL/NORMAL_1376.png,NORMAL,train
NORMAL_1377.png,NORMAL/NORMAL_1377.png,NORMAL,train
NORMAL_1378.png,NORMAL/NORMAL_1378.png,NORMAL,train
NORMAL_1379.png,NORMAL/NORMAL_1379.png,NORMAL,train
NORMAL_138.png,NORMAL/NORMAL_138.png,NORMAL,train
NORMAL_1381.png,NORMAL/NORMAL_1381.png,NORMAL,train
NORMAL_1382.png,NORMAL/NORMAL_1382.png,NORMAL,train
NORMAL_1383.png,NORMAL/NORMAL_1383.png,NORMAL,train
NORMAL_1384.png,NORMAL/NORMAL_1384.png,NORMAL,train
NORMAL_1386.png,NORMAL/NORMAL_1386.png,NORMAL,train
NORMAL_1387.png,NORMAL/NORMAL_1387.png,NORMAL,train
NORMAL_1388.png,NORMAL/NORMAL_1388.png,NORMAL,train
NORMAL_1391.png,NORMAL/NORMAL_1391.png,NORMAL,train
NORMAL_1392.png,NORMAL/NORMAL_1392.png,NORMAL,train
NORMAL_1394.png,NORMAL/NORMAL_1394.png,NORMAL,train
NORMAL_1395.png,NORMAL/NORMAL_1395.png,NORMAL,train
NORMAL_1396.png,NORMAL/NORMAL_1396.png,NORMAL,train
NORMAL_1397.png,NORMAL/NORMAL_1397.png,NORMAL,train
NORMAL_1398.png,NORMAL/NORMAL_1398.png,NORMAL,train
NORMAL_14.png,NORMAL/NORMAL_14.png,NORMAL,train
NORMAL_140.png,NORMAL/NORMAL_140.png,NORMAL,train
NORMAL_1400.png,NORMAL/NORMAL_1400.png,NORMAL,train
NORMAL_1401.png,NORMAL/NORMAL_1401.png,NORMAL,train
NORMAL_1402.png,NORMAL/NORMAL_1402.png,NORMAL,train
NORMAL_1404.png,NORMAL/NORMAL_1404.png,NORMAL,train
NORMAL_1405.png,NORMAL/NORMAL_1405.png,NORMAL,train
NORMAL_1406.png,NORMAL/NORMAL_1406.png,NORMAL,train
NORMAL_1408.png,NORMAL/NORMAL_1408.png,NORMAL,train
NORMAL_1410.png,NORMAL/NORMAL_1410.png,NORMAL,train
NORMAL_1411.png,NORMAL/NORMAL_1411.png,NORMAL,train
NORMAL_1412.png,NORMAL/NORMAL_1412.png,NORMAL,train
NORMAL_1413.png,NORMAL/NORMAL_1413.png,NORMAL,train
NORMAL_1415.png,NORMAL/NORMAL_1415.png,NORMAL,train
NORMAL_1416.png,NORMAL/NORMAL_1416.png,NORMAL,train
NORMAL_1417.png,NORMAL/NORMAL_1417.png,NORMAL,train
NORMAL_1418.png,NORMAL/NORMAL_1418.png,NORMAL,train
NORMAL_1419.png,NORMAL/NORMAL_1419.png,NORMAL,train
NORMAL_142.png,NORMAL/NORMAL_142.png,NORMAL,train
NORMAL_1420.png,NORMAL/NORMAL_1420.png,NORMAL,train
NORMAL_1424.png,NORMAL/NORMAL_1424.png,NORMAL,train
NORMAL_1425.png,NORMAL/NORMAL_1425.png,NORMAL,train
NORMAL_1426.png,NORMAL/NORMAL_1426.png,NORMAL,train
NORMAL_1430.png,NORMAL/NORMAL_1430.png,NORMAL,train
NORMAL_1432.png,NORMAL/NORMAL_1432.png,NORMAL,train
NORMAL_1433.png,NORMAL/NORMAL_1433.png,NORMAL,train
NORMAL_1436.png,NORMAL/NORMAL_1436.png,NORMAL,train
NORMAL_1438.png,NORMAL/NORMAL_1438.png,NORMAL,train
NORMAL_1439.png,NORMAL/NORMAL_1439.png,NORMAL,train
NORMAL_144.png,NORMAL/NORMAL_144.png,NORMAL,train
NORMAL_1440.png,NORMAL/NORMAL_1440.png,NORMAL,train
NORMAL_1441.png,NORMAL/NORMAL_1441.png,NORMAL,train
NORMAL_1442.png,NORMAL/NORMAL_1442.png,NORMAL,train
NORMAL_1443.png,NORMAL/NORMAL_1443.png,NORMAL,train
NORMAL_1444.png,NORMAL/NORMAL_1444.png,NORMAL,train
NORMAL_1445.png,NORMAL/NORMAL_1445.png,NORMAL,train
NORMAL_1448.png,NORMAL/NORMAL_1448.png,NORMAL,train
NORMAL_1449.png,NORMAL/NORMAL_1449.png,NORMAL,train
NORMAL_145.png,NORMAL/NORMAL_145.png,NORMAL,train
NORMAL_1451.png,NORMAL/NORMAL_1451.png,NORMAL,train
NORMAL_1453.png,NORMAL/NORMAL_1453.png,NORMAL,train
NORMAL_1454.png,NORMAL/NORMAL_1454.png,NORMAL,train
NORMAL_1456.png,NORMAL/NORMAL_1456.png,NORMAL,train
NORMAL_1457.png,NORMAL/NORMAL_1457.png,NORMAL,train
NORMAL_1458.png,NORMAL/NORMAL_1458.png,NORMAL,train
NORMAL_146.png,NORMAL/NORMAL_146.png,NORMAL,train
NORMAL_1460.png,NORMAL/NORMAL_1460.png,NORMAL,train
NORMAL_1461.png,NORMAL/NORMAL_1461.png,NORMAL,train
NORMAL_1463.png,NORMAL/NORMAL_1463.png,NORMAL,train
NORMAL_1464.png,NORMAL/NORMAL_1464.png,NORMAL,train
NORMAL_1466.png,NORMAL/NORMAL_1466.png,NORMAL,train
NORMAL_1467.png,NORMAL/NORMAL_1467.png,NORMAL,train
NORMAL_1468.png,NORMAL/NORMAL_1468.png,NORMAL,train
NORMAL_1469.png,NORMAL/NORMAL_1469.png,NORMAL,train
NORMAL_147.png,NORMAL/NORMAL_147.png,NORMAL,train
NORMAL_1470.png,NORMAL/NORMAL_1470.png,NORMAL,train
NORMAL_1471.png,NORMAL/NORMAL_1471.png,NORMAL,train
NORMAL_1473.png,NORMAL/NORMAL_1473.png,NORMAL,train
NORMAL_1474.png,NORMAL/NORMAL_1474.png,NORMAL,train
NORMAL_1475.png,NORMAL/NORMAL_1475.png,NORMAL,train
NORMAL_1476.png,NORMAL/NORMAL_1476.png,NORMAL,train
NORMAL_1477.png,NORMAL/NORMAL_1477.png,NORMAL,train
NORMAL_1479.png,NORMAL/NORMAL_1479.png,NORMAL,train
NORMAL_148.png,NORMAL/NORMAL_148.png,NORMAL,train
NORMAL_1480.png,NORMAL/NORMAL_1480.png,NORMAL,train
NORMAL_1481.png,NORMAL/NORMAL_1481.png,NORMAL,train
NORMAL_1482.png,NORMAL/NORMAL_1482.png,NORMAL,train
NORMAL_1483.png,NORMAL/NORMAL_1483.png,NORMAL,train
NORMAL_1485.png,NORMAL/NORMAL_1485.png,NORMAL,train
NORMAL_1487.png,NORMAL/NORMAL_1487.png,NORMAL,train
NORMAL_1489.png,NORMAL/NORMAL_1489.png,NORMAL,train
NORMAL_1490.png,NORMAL/NORMAL_1490.png,NORMAL,train
NORMAL_1491.png,NORMAL/NORMAL_1491.png,NORMAL,train
NORMAL_1492.png,NORMAL/NORMAL_1492.png,NORMAL,train
NORMAL_1494.png,NORMAL/NORMAL_1494.png,NORMAL,train
NORMAL_1496.png,NORMAL/NORMAL_1496.png,NORMAL,train
NORMAL_1497.png,NORMAL/NORMAL_1497.png,NORMAL,train
NORMAL_1498.png,NORMAL/NORMAL_1498.png,NORMAL,train
NORMAL_1499.png,NORMAL/NORMAL_1499.png,NORMAL,train
NORMAL_1500.png,NORMAL/NORMAL_1500.png,NORMAL,train
NORMAL_1501.png,NORMAL/NORMAL_1501.png,NORMAL,train
NORMAL_1503.png,NORMAL/NORMAL_1503.png,NORMAL,train
NORMAL_151.png,NORMAL/NORMAL_151.png,NORMAL,train
NORMAL_1511.png,NORMAL/NORMAL_1511.png,NORMAL,train
NORMAL_1513.png,NORMAL/NORMAL_1513.png,NORMAL,train
NORMAL_1514.png,NORMAL/NORMAL_1514.png,NORMAL,train
NORMAL_1515.png,NORMAL/NORMAL_1515.png,NORMAL,train
NORMAL_1516.png,NORMAL/NORMAL_1516.png,NORMAL,train
NORMAL_1518.png,NORMAL/NORMAL_1518.png,NORMAL,train
NORMAL_152.png,NORMAL/NORMAL_152.png,NORMAL,train
NORMAL_1520.png,NORMAL/NORMAL_1520.png,NORMAL,train
NORMAL_1521.png,NORMAL/NORMAL_1521.png,NORMAL,train
NORMAL_1522.png,NORMAL/NORMAL_1522.png,NORMAL,train
NORMAL_1526.png,NORMAL/NORMAL_1526.png,NORMAL,train
NORMAL_1527.png,NORMAL/NORMAL_1527.png,NORMAL,train
NORMAL_153.png,NORMAL/NORMAL_153.png,NORMAL,train
NORMAL_1530.png,NORMAL/NORMAL_1530.png,NORMAL,train
NORMAL_1531.png,NORMAL/NORMAL_1531.png,NORMAL,train
NORMAL_1532.png,NORMAL/NORMAL_1532.png,NORMAL,train
NORMAL_1533.png,NORMAL/NORMAL_1533.png,NORMAL,train
NORMAL_1534.png,NORMAL/NORMAL_1534.png,NORMAL,train
NORMAL_1535.png,NORMAL/NORMAL_1535.png,NORMAL,train
NORMAL_1537.png,NORMAL/NORMAL_1537.png,NORMAL,train
NORMAL_1538.png,NORMAL/NORMAL_1538.png,NORMAL,train
NORMAL_154.png,NORMAL/NORMAL_154.png,NORMAL,train
NORMAL_1541.png,NORMAL/NORMAL_1541.png,NORMAL,train
NORMAL_1542.png,NORMAL/NORMAL_1542.png,NORMAL,train
NORMAL_1543.png,NORMAL/NORMAL_1543.png,NORMAL,train
NORMAL_1544.png,NORMAL/NORMAL_1544.png,NORMAL,train
NORMAL_1545.png,NORMAL/NORMAL_1545.png,NORMAL,train
NORMAL_1546.png,NORMAL/NORMAL_1546.png,NORMAL,train
NORMAL_1547.png,NORMAL/NORMAL_1547.png,NORMAL,train
NORMAL_1548.png,NORMAL/NORMAL_1548.png,NORMAL,train
NORMAL_155.png,NORMAL/NORMAL_155.png,NORMAL,train
NORMAL_1551.png,NORMAL/NORMAL_1551.png,NORMAL,train
NORMAL_1552.png,NORMAL/NORMAL_1552.png,NORMAL,train
NORMAL_1554.png,NORMAL/NORMAL_1554.png,NORMAL,train
NORMAL_1557.png,NORMAL/NORMAL_1557.png,NORMAL,train
NORMAL_1559.png,NORMAL/NORMAL_1559.png,NORMAL,train
NORMAL_1561.png,NORMAL/NORMAL_1561.png,NORMAL,train
NORMAL_1563.png,NORMAL/NORMAL_1563.png,NORMAL,train
NORMAL_1565.png,NORMAL/NORMAL_1565.png,NORMAL,train
NORMAL_1566.png,NORMAL/NORMAL_1566.png,NORMAL,train
NORMAL_1567.png,NORMAL/NORMAL_1567.png,NORMAL,train
NORMAL_1570.png,NORMAL/NORMAL_1570.png,NORMAL,train
NORMAL_1571.png,NORMAL/NORMAL_1571.png,NORMAL,train
NORMAL_1572.png,NORMAL/NORMAL_1572.png,NORMAL,train
NORMAL_1573.png,NORMAL/NORMAL_1573.png,NORMAL,train
NORMAL_1575.png,NORMAL/NORMAL_1575.png,NORMAL,train
NORMAL_1576.png,NORMAL/NORMAL_1576.png,NORMAL,train
NORMAL_1578.png,NORMAL/NORMAL_1578.png,NORMAL,train
NORMAL_1579.png,NORMAL/NORMAL_1579.png,NORMAL,train
NORMAL_158.png,NORMAL/NORMAL_158.png,NORMAL,train
NORMAL_1580.png,NORMAL/NORMAL_1580.png,NORMAL,train
NORMAL_1582.png,NORMAL/NORMAL_1582.png,NORMAL,train
NORMAL_1583.png,NORMAL/NORMAL_1583.png,NORMAL,train
NORMAL_1584.png,NORMAL/NORMAL_1584.png,NORMAL,train
NORMAL_1585.png,NORMAL/NORMAL_1585.png,NORMAL,train
NORMAL_1586.png,NORMAL/NORMAL_1586.png,NORMAL,train
NORMAL_1587.png,NORMAL/NORMAL_1587.png,NORMAL,train
NORMAL_1588.png,NORMAL/NORMAL_1588.png,NORMAL,train
NORMAL_1589.png,NORMAL/NORMAL_1589.png,NORMAL,train
NORMAL_159.png,NORMAL/NORMAL_159.png,NORMAL,train
NORMAL_1590.png,NORMAL/NORMAL_1590.png,NORMAL,train
NORMAL_1591.png,NORMAL/NORMAL_1591.png,NORMAL,train
NORMAL_1596.png,NORMAL/NORMAL_1596.png,NORMAL,train
NORMAL_1597.png,NORMAL/NORMAL_1597.png,NORMAL,train
NORMAL_1598.png,NORMAL/NORMAL_1598.png,NORMAL,train
NORMAL_1599.png,NORMAL/NORMAL_1599.png,NORMAL,train
NORMAL_16.png,NORMAL/NORMAL_16.png,NORMAL,train
NORMAL_1600.png,NORMAL/NORMAL_1600.png,NORMAL,train
NORMAL_1603.png,NORMAL/NORMAL_1603.png,NORMAL,train
NORMAL_1605.png,NORMAL/NORMAL_1605.png,NORMAL,train
NORMAL_1606.png,NORMAL/NORMAL_1606.png,NORMAL,train
NORMAL_1607.png,NORMAL/NORMAL_1607.png,NORMAL,train
NORMAL_161.png,NORMAL/NORMAL_161.png,NORMAL,train
NORMAL_1610.png,NORMAL/NORMAL_1610.png,NORMAL,train
NORMAL_1611.png,NORMAL/NORMAL_1611.png,NORMAL,train
NORMAL_1612.png,NORMAL/NORMAL_1612.png,NORMAL,train
NORMAL_1613.png,NORMAL/NORMAL_1613.png,NORMAL,train
NORMAL_1614.png,NORMAL/NORMAL_1614.png,NORMAL,train
NORMAL_1615.png,NORMAL/NORMAL_1615.png,NORMAL,train
NORMAL_1618.png,NORMAL/NORMAL_1618.png,NORMAL,train
NORMAL_1619.png,NORMAL/NORMAL_1619.png,NORMAL,train
NORMAL_162.png,NORMAL/NORMAL_162.png,NORMAL,train
NORMAL_1621.png,NORMAL/NORMAL_1621.png,NORMAL,train
NORMAL_1622.png,NORMAL/NORMAL_1622.png,NORMAL,train
NORMAL_1623.png,NORMAL/NORMAL_1623.png,NORMAL,train
NORMAL_1624.png,NORMAL/NORMAL_1624.png,NORMAL,train
NORMAL_1626.png,NORMAL/NORMAL_1626.png,NORMAL,train
NORMAL_1627.png,NORMAL/NORMAL_1627.png,NORMAL,train
NORMAL_1628.png,NORMAL/NORMAL_1628.png,NORMAL,train
NORMAL_1629.png,NORMAL/NORMAL_1629.png,NORMAL,train
NORMAL_163.png,NORMAL/NORMAL_163.png,NORMAL,train
NORMAL_1630.png,NORMAL/NORMAL_1630.png,NORMAL,train
NORMAL_1631.png,NORMAL/NORMAL_1631.png,NORMAL,train
NORMAL_1634.png,NORMAL/NORMAL_1634.png,NORMAL,train
NORMAL_1635.png,NORMAL/NORMAL_1635.png,NORMAL,train
NORMAL_1636.png,NORMAL/NORMAL_1636.png,NORMAL,train
NORMAL_1637.png,NORMAL/NORMAL_1637.png,NORMAL,train
NORMAL_1638.png,NORMAL/NORMAL_1638.png,NORMAL,train
NORMAL_164.png,NORMAL/NORMAL_164.png,NORMAL,train
NORMAL_1640.png,NORMAL/NORMAL_1640.png,NORMAL,train
NORMAL_1641.png,NORMAL/NORMAL_1641.png,NORMAL,train
NORMAL_1644.png,NORMAL/NORMAL_1644.png,NORMAL,train
NORMAL_1645.png,NORMAL/NORMAL_1645.png,NORMAL,train
NORMAL_1648.png,NORMAL/NORMAL_1648.png,NORMAL,train
NORMAL_1649.png,NORMAL/NORMAL_1649.png,NORMAL,train
NORMAL_165.png,NORMAL/NORMAL_165.png,NORMAL,train
NORMAL_1650.png,NORMAL/NORMAL_1650.png,NORMAL,train
NORMAL_1651.png,NORMAL/NORMAL_1651.png,NORMAL,train
NORMAL_1652.png,NORMAL/NORMAL_1652.png,NORMAL,train
NORMAL_1654.png,NORMAL/NORMAL_1654.png,NORMAL,train
NORMAL_1655.png,NORMAL/NORMAL_1655.png,NORMAL,train
NORMAL_1656.png,NORMAL/NORMAL_1656.png,NORMAL,train
NORMAL_1657.png,NORMAL/NORMAL_1657.png,NORMAL,train
NORMAL_1658.png,NORMAL/NORMAL_1658.png,NORMAL,train
NORMAL_1659.png,NORMAL/NORMAL_1659.png,NORMAL,train
NORMAL_166.png,NORMAL/NORMAL_166.png,NORMAL,train
NORMAL_1660.png,NORMAL/NORMAL_1660.png,NORMAL,train
NORMAL_1661.png,NORMAL/NORMAL_1661.png,NORMAL,train
NORMAL_1662.png,NORMAL/NORMAL_1662.png,NORMAL,train
NORMAL_1664.png,NORMAL/NORMAL_1664.png,NORMAL,train
NORMAL_1665.png,NORMAL/NORMAL_1665.png,NORMAL,train
NORMAL_1666.png,NORMAL/NORMAL_1666.png,NORMAL,train
NORMAL_1667.png,NORMAL/NORMAL_1667.png,NORMAL,train
NORMAL_1668.png,NORMAL/NORMAL_1668.png,NORMAL,train
NORMAL_1669.png,NORMAL/NORMAL_1669.png,NORMAL,train
NORMAL_1670.png,NORMAL/NORMAL_1670.png,NORMAL,train
NORMAL_1671.png,NORMAL/NORMAL_1671.png,NORMAL,train
NORMAL_1672.png,NORMAL/NORMAL_1672.png,NORMAL,train
NORMAL_1675.png,NORMAL/NORMAL_1675.png,NORMAL,train
NORMAL_1676.png,NORMAL/NORMAL_1676.png,NORMAL,train
NORMAL_1677.png,NORMAL/NORMAL_1677.png,NORMAL,train
NORMAL_1678.png,NORMAL/NORMAL_1678.png,NORMAL,train
NORMAL_1679.png,NORMAL/NORMAL_1679.png,NORMAL,train
NORMAL_168.png,NORMAL/NORMAL_168.png,NORMAL,train
NORMAL_1682.png,NORMAL/NORMAL_1682.png,NORMAL,train
NORMAL_1683.png,NORMAL/NORMAL_1683.png,NORMAL,train
NORMAL_1684.png,NORMAL/NORMAL_1684.png,NORMAL,train
NORMAL_1687.png,NORMAL/NORMAL_1687.png,NORMAL,train
NORMAL_1688.png,NORMAL/NORMAL_1688.png,NORMAL,train
NORMAL_1689.png,NORMAL/NORMAL_1689.png,NORMAL,train
NORMAL_1691.png,NORMAL/NORMAL_1691.png,NORMAL,train
NORMAL_1692.png,NORMAL/NORMAL_1692.png,NORMAL,train
NORMAL_1693.png,NORMAL/NORMAL_1693.png,NORMAL,train
NORMAL_1696.png,NORMAL/NORMAL_1696.png,NORMAL,train
NORMAL_17.png,NORMAL/NORMAL_17.png,NORMAL,train
NORMAL_170.png,NORMAL/NORMAL_170.png,NORMAL,train
NORMAL_1702.png,NORMAL/NORMAL_1702.png,NORMAL,train
NORMAL_1703.png,NORMAL/NORMAL_1703.png,NORMAL,train
NORMAL_1704.png,NORMAL/NORMAL_1704.png,NORMAL,train
NORMAL_1706.png,NORMAL/NORMAL_1706.png,NORMAL,train
NORMAL_1707.png,NORMAL/NORMAL_1707.png,NORMAL,train
NORMAL_1708.png,NORMAL/NORMAL_1708.png,NORMAL,train
NORMAL_1709.png,NORMAL/NORMAL_1709.png,NORMAL,train
NORMAL_171.png,NORMAL/NORMAL_171.png,NORMAL,train
NORMAL_1711.png,NORMAL/NORMAL_1711.png,NORMAL,train
NORMAL_1712.png,NORMAL/NORMAL_1712.png,NORMAL,train
NORMAL_1715.png,NORMAL/NORMAL_1715.png,NORMAL,train
NORMAL_1717.png,NORMAL/NORMAL_1717.png,NORMAL,train
NORMAL_1718.png,NORMAL/NORMAL_1718.png,NORMAL,train
NORMAL_1720.png,NORMAL/NORMAL_1720.png,NORMAL,train
NORMAL_1721.png,NORMAL/NORMAL_1721.png,NORMAL,train
NORMAL_1722.png,NORMAL/NORMAL_1722.png,NORMAL,train
NORMAL_1724.png,NORMAL/NORMAL_1724.png,NORMAL,train
NORMAL_1725.png,NORMAL/NORMAL_1725.png,NORMAL,train
NORMAL_1726.png,NORMAL/NORMAL_1726.png,NORMAL,train
NORMAL_1727.png,NORMAL/NORMAL_1727.png,NORMAL,train
NORMAL_1728.png,NORMAL/NORMAL_1728.png,NORMAL,train
NORMAL_173.png,NORMAL/NORMAL_173.png,NORMAL,train
NORMAL_1730.png,NORMAL/NORMAL_1730.png,NORMAL,train
NORMAL_1733.png,NORMAL/NORMAL_1733.png,NORMAL,train
NORMAL_1736.png,NORMAL/NORMAL_1736.png,NORMAL,train
NORMAL_1737.png,NORMAL/NORMAL_1737.png,NORMAL,train
NORMAL_1738.png,NORMAL/NORMAL_1738.png,NORMAL,train
NORMAL_1739.png,NORMAL/NORMAL_1739.png,NORMAL,train
NORMAL_174.png,NORMAL/NORMAL_174.png,NORMAL,train
NORMAL_1740.png,NORMAL/NORMAL_1740.png,NORMAL,train
NORMAL_1741.png,NORMAL/NORMAL_1741.png,NORMAL,train
NORMAL_1742.png,NORMAL/NORMAL_1742.png,NORMAL,train
NORMAL_1745.png,NORMAL/NORMAL_1745.png,NORMAL,train
NORMAL_1748.png,NORMAL/NORMAL_1748.png,NORMAL,train
NORMAL_1749.png,NORMAL/NORMAL_1749.png,NORMAL,train
NORMAL_175.png,NORMAL/NORMAL_175.png,NORMAL,train
NORMAL_1750.png,NORMAL/NORMAL_1750.png,NORMAL,train
NORMAL_1751.png,NORMAL/NORMAL_1751.png,NORMAL,train
NORMAL_1753.png,NORMAL/NORMAL_1753.png,NORMAL,train
NORMAL_1754.png,NORMAL/NORMAL_1754.png,NORMAL,train
NORMAL_1755.png,NORMAL/NORMAL_1755.png,NORMAL,train
NORMAL_1756.png,NORMAL/NORMAL_1756.png,NORMAL,train
NORMAL_1759.png,NORMAL/NORMAL_1759.png,NORMAL,train
NORMAL_176.png,NORMAL/NORMAL_176.png,NORMAL,train
NORMAL_1760.png,NORMAL/NORMAL_1760.png,NORMAL,train
NORMAL_1761.png,NORMAL/NORMAL_1761.png,NORMAL,train
NORMAL_1762.png,NORMAL/NORMAL_1762.png,NORMAL,train
NORMAL_1764.png,NORMAL/NORMAL_1764.png,NORMAL,train
NORMAL_1767.png,NORMAL/NORMAL_1767.png,NORMAL,train
NORMAL_1768.png,NORMAL/NORMAL_1768.png,NORMAL,train
NORMAL_1769.png,NORMAL/NORMAL_1769.png,NORMAL,train
NORMAL_177.png,NORMAL/NORMAL_177.png,NORMAL,train
NORMAL_1770.png,NORMAL/NORMAL_1770.png,NORMAL,train
NORMAL_1771.png,NORMAL/NORMAL_1771.png,NORMAL,train
NORMAL_1772.png,NORMAL/NORMAL_1772.png,NORMAL,train
NORMAL_1773.png,NORMAL/NORMAL_1773.png,NORMAL,train
NORMAL_1774.png,NORMAL/NORMAL_1774.png,NORMAL,train
NORMAL_1776.png,NORMAL/NORMAL_1776.png,NORMAL,train
NORMAL_1777.png,NORMAL/NORMAL_1777.png,NORMAL,train
NORMAL_178.png,NORMAL/NORMAL_178.png,NORMAL,train
NORMAL_1780.png,NORMAL/NORMAL_1780.png,NORMAL,train
NORMAL_1781.png,NORMAL/NORMAL_1781.png,NORMAL,train
NORMAL_1782.png,NORMAL/NORMAL_1782.png,NORMAL,train
NORMAL_1783.png,NORMAL/NORMAL_1783.png,NORMAL,train
NORMAL_1784.png,NORMAL/NORMAL_1784.png,NORMAL,train
NORMAL_1786.png,NORMAL/NORMAL_1786.png,NORMAL,train
NORMAL_1787.png,NORMAL/NORMAL_1787.png,NORMAL,train
NORMAL_1788.png,NORMAL/NORMAL_1788.png,NORMAL,train
NORMAL_1789.png,NORMAL/NORMAL_1789.png,NORMAL,train
NORMAL_179.png,NORMAL/NORMAL_179.png,NORMAL,train
NORMAL_1792.png,NORMAL/NORMAL_1792.png,NORMAL,train
NORMAL_1793.png,NORMAL/NORMAL_1793.png,NORMAL,train
NORMAL_1796.png,NORMAL/NORMAL_1796.png,NORMAL,train
NORMAL_1797.png,NORMAL/NORMAL_1797.png,NORMAL,train
NORMAL_1798.png,NORMAL/NORMAL_1798.png,NORMAL,train
NORMAL_18.png,NORMAL/NORMAL_18.png,NORMAL,train
NORMAL_1800.png,NORMAL/NORMAL_1800.png,NORMAL,train
NORMAL_1801.png,NORMAL/NORMAL_1801.png,NORMAL,train
NORMAL_183.png,NORMAL/NORMAL_183.png,NORMAL,train
NORMAL_185.png,NORMAL/NORMAL_185.png,NORMAL,train
NORMAL_186.png,NORMAL/NORMAL_186.png,NORMAL,train
NORMAL_187.png,NORMAL/NORMAL_187.png,NORMAL,train
NORMAL_188.png,NORMAL/NORMAL_188.png,NORMAL,train
NORMAL_189.png,NORMAL/NORMAL_189.png,NORMAL,train
NORMAL_19.png,NORMAL/NORMAL_19.png,NORMAL,train
NORMAL_190.png,NORMAL/NORMAL_190.png,NORMAL,train
NORMAL_191.png,NORMAL/NORMAL_191.png,NORMAL,train
NORMAL_192.png,NORMAL/NORMAL_192.png,NORMAL,train
NORMAL_194.png,NORMAL/NORMAL_194.png,NORMAL,train
NORMAL_195.png,NORMAL/NORMAL_195.png,NORMAL,train
NORMAL_196.png,NORMAL/NORMAL_196.png,NORMAL,train
NORMAL_197.png,NORMAL/NORMAL_197.png,NORMAL,train
NORMAL_198.png,NORMAL/NORMAL_198.png,NORMAL,train
NORMAL_2.png,NORMAL/NORMAL_2.png,NORMAL,train
NORMAL_20.png,NORMAL/NORMAL_20.png,NORMAL,train
NORMAL_200.png,NORMAL/NORMAL_200.png,NORMAL,train
NORMAL_201.png,NORMAL/NORMAL_201.png,NORMAL,train
NORMAL_202.png,NORMAL/NORMAL_202.png,NORMAL,train
NORMAL_203.png,NORMAL/NORMAL_203.png,NORMAL,train
NORMAL_208.png,NORMAL/NORMAL_208.png,NORMAL,train
NORMAL_21.png,NORMAL/NORMAL_21.png,NORMAL,train
NORMAL_210.png,NORMAL/NORMAL_210.png,NORMAL,train
NORMAL_214.png,NORMAL/NORMAL_214.png,NORMAL,train
NORMAL_216.png,NORMAL/NORMAL_216.png,NORMAL,train
NORMAL_217.png,NORMAL/NORMAL_217.png,NORMAL,train
NORMAL_218.png,NORMAL/NORMAL_218.png,NORMAL,train
NORMAL_219.png,NORMAL/NORMAL_219.png,NORMAL,train
NORMAL_220.png,NORMAL/NORMAL_220.png,NORMAL,train
NORMAL_221.png,NORMAL/NORMAL_221.png,NORMAL,train
NORMAL_223.png,NORMAL/NORMAL_223.png,NORMAL,train
NORMAL_224.png,NORMAL/NORMAL_224.png,NORMAL,train
NORMAL_225.png,NORMAL/NORMAL_225.png,NORMAL,train
NORMAL_226.png,NORMAL/NORMAL_226.png,NORMAL,train
NORMAL_228.png,NORMAL/NORMAL_228.png,NORMAL,train
NORMAL_23.png,NORMAL/NORMAL_23.png,NORMAL,train
NORMAL_230.png,NORMAL/NORMAL_230.png,NORMAL,train
NORMAL_231.png,NORMAL/NORMAL_231.png,NORMAL,train
NORMAL_232.png,NORMAL/NORMAL_232.png,NORMAL,train
NORMAL_234.png,NORMAL/NORMAL_234.png,NORMAL,train
NORMAL_235.png,NORMAL/NORMAL_235.png,NORMAL,train
NORMAL_236.png,NORMAL/NORMAL_236.png,NORMAL,train
NORMAL_237.png,NORMAL/NORMAL_237.png,NORMAL,train
NORMAL_24.png,NORMAL/NORMAL_24.png,NORMAL,train
NORMAL_240.png,NORMAL/NORMAL_240.png,NORMAL,train
NORMAL_241.png,NORMAL/NORMAL_241.png,NORMAL,train
NORMAL_242.png,NORMAL/NORMAL_242.png,NORMAL,train
NORMAL_245.png,NORMAL/NORMAL_245.png,NORMAL,train
NORMAL_249.png,NORMAL/NORMAL_249.png,NORMAL,train
NORMAL_25.png,NORMAL/NORMAL_25.png,NORMAL,train
NORMAL_250.png,NORMAL/NORMAL_250.png,NORMAL,train
NORMAL_251.png,NORMAL/NORMAL_251.png,NORMAL,train
NORMAL_252.png,NORMAL/NORMAL_252.png,NORMAL,train
NORMAL_253.png,NORMAL/NORMAL_253.png,NORMAL,train
NORMAL_254.png,NORMAL/NORMAL_254.png,NORMAL,train
NORMAL_255.png,NORMAL/NORMAL_255.png,NORMAL,train
NORMAL_257.png,NORMAL/NORMAL_257.png,NORMAL,train
NORMAL_258.png,NORMAL/NORMAL_258.png,NORMAL,train
NORMAL_259.png,NORMAL/NORMAL_259.png,NORMAL,train
NORMAL_26.png,NORMAL/NORMAL_26.png,NORMAL,train
NORMAL_260.png,NORMAL/NORMAL_260.png,NORMAL,train
NORMAL_262.png,NORMAL/NORMAL_262.png,NORMAL,train
NORMAL_264.png,NORMAL/NORMAL_264.png,NORMAL,train
NORMAL_265.png,NORMAL/NORMAL_265.png,NORMAL,train
NORMAL_266.png,NORMAL/NORMAL_266.png,NORMAL,train
NORMAL_267.png,NORMAL/NORMAL_267.png,NORMAL,train
NORMAL_268.png,NORMAL/NORMAL_268.png,NORMAL,train
NORMAL_27.png,NORMAL/NORMAL_27.png,NORMAL,train
NORMAL_271.png,NORMAL/NORMAL_271.png,NORMAL,train
NORMAL_272.png,NORMAL/NORMAL_272.png,NORMAL,train
NORMAL_274.png,NORMAL/NORMAL_274.png,NORMAL,train
NORMAL_275.png,NORMAL/NORMAL_275.png,NORMAL,train
NORMAL_276.png,NORMAL/NORMAL_276.png,NORMAL,train
NORMAL_277.png,NORMAL/NORMAL_277.png,NORMAL,train
NORMAL_278.png,NORMAL/NORMAL_278.png,NORMAL,train
NORMAL_279.png,NORMAL/NORMAL_279.png,NORMAL,train
NORMAL_28.png,NORMAL/NORMAL_28.png,NORMAL,train
NORMAL_280.png,NORMAL/NORMAL_280.png,NORMAL,train
NORMAL_281.png,NORMAL/NORMAL_281.png,NORMAL,train
NORMAL_282.png,NORMAL/NORMAL_282.png,NORMAL,train
NORMAL_283.png,NORMAL/NORMAL_283.png,NORMAL,train
NORMAL_285.png,NORMAL/NORMAL_285.png,NORMAL,train
NORMAL_288.png,NORMAL/NORMAL_288.png,NORMAL,train
NORMAL_289.png,NORMAL/NORMAL_289.png,NORMAL,train
NORMAL_29.png,NORMAL/NORMAL_29.png,NORMAL,train
NORMAL_290.png,NORMAL/NORMAL_290.png,NORMAL,train
NORMAL_291.png,NORMAL/NORMAL_291.png,NORMAL,train
NORMAL_292.png,NORMAL/NORMAL_292.png,NORMAL,train
NORMAL_293.png,NORMAL/NORMAL_293.png,NORMAL,train
NORMAL_296.png,NORMAL/NORMAL_296.png,NORMAL,train
NORMAL_297.png,NORMAL/NORMAL_297.png,NORMAL,train
NORMAL_298.png,NORMAL/NORMAL_298.png,NORMAL,train
NORMAL_300.png,NORMAL/NORMAL_300.png,NORMAL,train
NORMAL_303.png,NORMAL/NORMAL_303.png,NORMAL,train
NORMAL_304.png,NORMAL/NORMAL_304.png,NORMAL,train
NORMAL_305.png,NORMAL/NORMAL_305.png,NORMAL,train
NORMAL_306.png,NORMAL/NORMAL_306.png,NORMAL,train
NORMAL_308.png,NORMAL/NORMAL_308.png,NORMAL,train
NORMAL_309.png,NORMAL/NORMAL_309.png,NORMAL,train
NORMAL_31.png,NORMAL/NORMAL_31.png,NORMAL,train
NORMAL_311.png,NORMAL/NORMAL_311.png,NORMAL,train
NORMAL_313.png,NORMAL/NORMAL_313.png,NORMAL,train
NORMAL_315.png,NORMAL/NORMAL_315.png,NORMAL,train
NORMAL_316.png,NORMAL/NORMAL_316.png,NORMAL,train
NORMAL_317.png,NORMAL/NORMAL_317.png,NORMAL,train
NORMAL_318.png,NORMAL/NORMAL_318.png,NORMAL,train
NORMAL_319.png,NORMAL/NORMAL_319.png,NORMAL,train
NORMAL_320.png,NORMAL/NORMAL_320.png,NORMAL,train
NORMAL_321.png,NORMAL/NORMAL_321.png,NORMAL,train
NORMAL_322.png,NORMAL/NORMAL_322.png,NORMAL,train
NORMAL_323.png,NORMAL/NORMAL_323.png,NORMAL,train
NORMAL_325.png,NORMAL/NORMAL_325.png,NORMAL,train
NORMAL_326.png,NORMAL/NORMAL_326.png,NORMAL,train
NORMAL_327.png,NORMAL/NORMAL_327.png,NORMAL,train
NORMAL_33.png,NORMAL/NORMAL_33.png,NORMAL,train
NORMAL_330.png,NORMAL/NORMAL_330.png,NORMAL,train
NORMAL_331.png,NORMAL/NORMAL_331.png,NORMAL,train
NORMAL_332.png,NORMAL/NORMAL_332.png,NORMAL,train
NORMAL_337.png,NORMAL/NORMAL_337.png,NORMAL,train
NORMAL_338.png,NORMAL/NORMAL_338.png,NORMAL,train
NORMAL_34.png,NORMAL/NORMAL_34.png,NORMAL,train
NORMAL_340.png,NORMAL/NORMAL_340.png,NORMAL,train
NORMAL_341.png,NORMAL/NORMAL_341.png,NORMAL,train
NORMAL_342.png,NORMAL/NORMAL_342.png,NORMAL,train
NORMAL_345.png,NORMAL/NORMAL_345.png,NORMAL,train
NORMAL_346.png,NORMAL/NORMAL_346.png,NORMAL,train
NORMAL_347.png,NORMAL/NORMAL_347.png,NORMAL,train
NORMAL_348.png,NORMAL/NORMAL_348.png,NORMAL,train
NORMAL_35.png,NORMAL/NORMAL_35.png,NORMAL,train
NORMAL_350.png,NORMAL/NORMAL_350.png,NORMAL,train
NORMAL_352.png,NORMAL/NORMAL_352.png,NORMAL,train
NORMAL_354.png,NORMAL/NORMAL_354.png,NORMAL,train
NORMAL_355.png,NORMAL/NORMAL_355.png,NORMAL,train
NORMAL_358.png,NORMAL/NORMAL_358.png,NORMAL,train
NORMAL_360.png,NORMAL/NORMAL_360.png,NORMAL,train
NORMAL_361.png,NORMAL/NORMAL_361.png,NORMAL,train
NORMAL_362.png,NORMAL/NORMAL_362.png,NORMAL,train
NORMAL_363.png,NORMAL/NORMAL_363.png,NORMAL,train
NORMAL_364.png,NORMAL/NORMAL_364.png,NORMAL,train
NORMAL_365.png,NORMAL/NORMAL_365.png,NORMAL,train
NORMAL_367.png,NORMAL/NORMAL_367.png,NORMAL,train
NORMAL_369.png,NORMAL/NORMAL_369.png,NORMAL,train
NORMAL_37.png,NORMAL/NORMAL_37.png,NORMAL,train
NORMAL_370.png,NORMAL/NORMAL_370.png,NORMAL,train
NORMAL_371.png,NORMAL/NORMAL_371.png,NORMAL,train
NORMAL_375.png,NORMAL/NORMAL_375.png,NORMAL,train
NORMAL_376.png,NORMAL/NORMAL_376.png,NORMAL,train
NORMAL_378.png,NORMAL/NORMAL_378.png,NORMAL,train
NORMAL_379.png,NORMAL/NORMAL_379.png,NORMAL,train
NORMAL_38.png,NORMAL/NORMAL_38.png,NORMAL,train
NORMAL_380.png,NORMAL/NORMAL_380.png,NORMAL,train
NORMAL_381.png,NORMAL/NORMAL_381.png,NORMAL,train
NORMAL_382.png,NORMAL/NORMAL_382.png,NORMAL,train
NORMAL_383.png,NORMAL/NORMAL_383.png,NORMAL,train
NORMAL_384.png,NORMAL/NORMAL_384.png,NORMAL,train
NORMAL_387.png,NORMAL/NORMAL_387.png,NORMAL,train
NORMAL_388.png,NORMAL/NORMAL_388.png,NORMAL,train
NORMAL_389.png,NORMAL/NORMAL_389.png,NORMAL,train
NORMAL_390.png,NORMAL/NORMAL_390.png,NORMAL,train
NORMAL_391.png,NORMAL/NORMAL_391.png,NORMAL,train
NORMAL_392.png,NORMAL/NORMAL_392.png,NORMAL,train
NORMAL_393.png,NORMAL/NORMAL_393.png,NORMAL,train
NORMAL_394.png,NORMAL/NORMAL_394.png,NORMAL,train
NORMAL_396.png,NORMAL/NORMAL_396.png,NORMAL,train
NORMAL_399.png,NORMAL/NORMAL_399.png,NORMAL,train
NORMAL_4.png,NORMAL/NORMAL_4.png,NORMAL,train
NORMAL_40.png,NORMAL/NORMAL_40.png,NORMAL,train
NORMAL_400.png,NORMAL/NORMAL_400.png,NORMAL,train
NORMAL_402.png,NORMAL/NORMAL_402.png,NORMAL,train
NORMAL_405.png,NORMAL/NORMAL_405.png,NORMAL,train
NORMAL_406.png,NORMAL/NORMAL_406.png,NORMAL,train
NORMAL_407.png,NORMAL/NORMAL_407.png,NORMAL,train
NORMAL_408.png,NORMAL/NORMAL_408.png,NORMAL,train
NORMAL_41.png,NORMAL/NORMAL_41.png,NORMAL,train
NORMAL_410.png,NORMAL/NORMAL_410.png,NORMAL,train
NORMAL_412.png,NORMAL/NORMAL_412.png,NORMAL,train
NORMAL_413.png,NORMAL/NORMAL_413.png,NORMAL,train
NORMAL_414.png,NORMAL/NORMAL_414.png,NORMAL,train
NORMAL_416.png,NORMAL/NORMAL_416.png,NORMAL,train
NORMAL_417.png,NORMAL/NORMAL_417.png,NORMAL,train
NORMAL_419.png,NORMAL/NORMAL_419.png,NORMAL,train
NORMAL_42.png,NORMAL/NORMAL_42.png,NORMAL,train
NORMAL_420.png,NORMAL/NORMAL_420.png,NORMAL,train
NORMAL_422.png,NORMAL/NORMAL_422.png,NORMAL,train
NORMAL_424.png,NORMAL/NORMAL_424.png,NORMAL,train
NORMAL_425.png,NORMAL/NORMAL_425.png,NORMAL,train
NORMAL_426.png,NORMAL/NORMAL_426.png,NORMAL,train
NORMAL_427.png,NORMAL/NORMAL_427.png,NORMAL,train
NORMAL_428.png,NORMAL/NORMAL_428.png,NORMAL,train
NORMAL_429.png,NORMAL/NORMAL_429.png,NORMAL,train
NORMAL_430.png,NORMAL/NORMAL_430.png,NORMAL,train
NORMAL_433.png,NORMAL/NORMAL_433.png,NORMAL,train
NORMAL_435.png,NORMAL/NORMAL_435.png,NORMAL,train
NORMAL_437.png,NORMAL/NORMAL_437.png,NORMAL,train
NORMAL_438.png,NORMAL/NORMAL_438.png,NORMAL,train
NORMAL_439.png,NORMAL/NORMAL_439.png,NORMAL,train
NORMAL_44.png,NORMAL/NORMAL_44.png,NORMAL,train
NORMAL_440.png,NORMAL/NORMAL_440.png,NORMAL,train
NORMAL_441.png,NORMAL/NORMAL_441.png,NORMAL,train
NORMAL_442.png,NORMAL/NORMAL_442.png,NORMAL,train
NORMAL_443.png,NORMAL/NORMAL_443.png,NORMAL,train
NORMAL_445.png,NORMAL/NORMAL_445.png,NORMAL,train
NORMAL_446.png,NORMAL/NORMAL_446.png,NORMAL,train
NORMAL_447.png,NORMAL/NORMAL_447.png,NORMAL,train
NORMAL_448.png,NORMAL/NORMAL_448.png,NORMAL,train
NORMAL_45.png,NORMAL/NORMAL_45.png,NORMAL,train
NORMAL_450.png,NORMAL/NORMAL_450.png,NORMAL,train
NORMAL_451.png,NORMAL/NORMAL_451.png,NORMAL,train
NORMAL_452.png,NORMAL/NORMAL_452.png,NORMAL,train
NORMAL_453.png,NORMAL/NORMAL_453.png,NORMAL,train
NORMAL_456.png,NORMAL/NORMAL_456.png,NORMAL,train
NORMAL_457.png,NORMAL/NORMAL_457.png,NORMAL,train
NORMAL_46.png,NORMAL/NORMAL_46.png,NORMAL,train
NORMAL_460.png,NORMAL/NORMAL_460.png,NORMAL,train
NORMAL_462.png,NORMAL/NORMAL_462.png,NORMAL,train
NORMAL_466.png,NORMAL/NORMAL_466.png,NORMAL,train
NORMAL_467.png,NORMAL/NORMAL_467.png,NORMAL,train
NORMAL_468.png,NORMAL/NORMAL_468.png,NORMAL,train
NORMAL_470.png,NORMAL/NORMAL_470.png,NORMAL,train
NORMAL_472.png,NORMAL/NORMAL_472.png,NORMAL,train
NORMAL_473.png,NORMAL/NORMAL_473.png,NORMAL,train
NORMAL_474.png,NORMAL/NORMAL_474.png,NORMAL,train
NORMAL_477.png,NORMAL/NORMAL_477.png,NORMAL,train
NORMAL_48.png,NORMAL/NORMAL_48.png,NORMAL,train
NORMAL_480.png,NORMAL/NORMAL_480.png,NORMAL,train
NORMAL_481.png,NORMAL/NORMAL_481.png,NORMAL,train
NORMAL_482.png,NORMAL/NORMAL_482.png,NORMAL,train
NORMAL_483.png,NORMAL/NORMAL_483.png,NORMAL,train
NORMAL_484.png,NORMAL/NORMAL_484.png,NORMAL,train
NORMAL_486.png,NORMAL/NORMAL_486.png,NORMAL,train
NORMAL_487.png,NORMAL/NORMAL_487.png,NORMAL,train
NORMAL_490.png,NORMAL/NORMAL_490.png,NORMAL,train
NORMAL_491.png,NORMAL/NORMAL_491.png,NORMAL,train
NORMAL_492.png,NORMAL/NORMAL_492.png,NORMAL,train
NORMAL_494.png,NORMAL/NORMAL_494.png,NORMAL,train
NORMAL_496.png,NORMAL/NORMAL_496.png,NORMAL,train
NORMAL_497.png,NORMAL/NORMAL_497.png,NORMAL,train
NORMAL_498.png,NORMAL/NORMAL_498.png,NORMAL,train
NORMAL_5.png,NORMAL/NORMAL_5.png,NORMAL,train
NORMAL_500.png,NORMAL/NORMAL_500.png,NORMAL,train
NORMAL_501.png,NORMAL/NORMAL_501.png,NORMAL,train
NORMAL_502.png,NORMAL/NORMAL_502.png,NORMAL,train
NORMAL_503.png,NORMAL/NORMAL_503.png,NORMAL,train
NORMAL_504.png,NORMAL/NORMAL_504.png,NORMAL,train
NORMAL_505.png,NORMAL/NORMAL_505.png,NORMAL,train
NORMAL_506.png,NORMAL/NORMAL_506.png,NORMAL,train
NORMAL_507.png,NORMAL/NORMAL_507.png,NORMAL,train
NORMAL_509.png,NORMAL/NORMAL_509.png,NORMAL,train
NORMAL_51.png,NORMAL/NORMAL_51.png,NORMAL,train
NORMAL_510.png,NORMAL/NORMAL_510.png,NORMAL,train
NORMAL_511.png,NORMAL/NORMAL_511.png,NORMAL,train
NORMAL_513.png,NORMAL/NORMAL_513.png,NORMAL,train
NORMAL_514.png,NORMAL/NORMAL_514.png,NORMAL,train
NORMAL_515.png,NORMAL/NORMAL_515.png,NORMAL,train
NORMAL_52.png,NORMAL/NORMAL_52.png,NORMAL,train
NORMAL_520.png,NORMAL/NORMAL_520.png,NORMAL,train
NORMAL_521.png,NORMAL/NORMAL_521.png,NORMAL,train
NORMAL_522.png,NORMAL/NORMAL_522.png,NORMAL,train
NORMAL_524.png,NORMAL/NORMAL_524.png,NORMAL,train
NORMAL_525.png,NORMAL/NORMAL_525.png,NORMAL,train
NORMAL_526.png,NORMAL/NORMAL_526.png,NORMAL,train
NORMAL_527.png,NORMAL/NORMAL_527.png,NORMAL,train
NORMAL_528.png,NORMAL/NORMAL_528.png,NORMAL,train
NORMAL_529.png,NORMAL/NORMAL_529.png,NORMAL,train
NORMAL_53.png,NORMAL/NORMAL_53.png,NORMAL,train
NORMAL_530.png,NORMAL/NORMAL_530.png,NORMAL,train
NORMAL_531.png,NORMAL/NORMAL_531.png,NORMAL,train
NORMAL_532.png,NORMAL/NORMAL_532.png,NORMAL,train
NORMAL_533.png,NORMAL/NORMAL_533.png,NORMAL,train
NORMAL_534.png,NORMAL/NORMAL_534.png,NORMAL,train
NORMAL_535.png,NORMAL/NORMAL_535.png,NORMAL,train
NORMAL_537.png,NORMAL/NORMAL_537.png,NORMAL,train
NORMAL_538.png,NORMAL/NORMAL_538.png,NORMAL,train
NORMAL_54.png,NORMAL/NORMAL_54.png,NORMAL,train
NORMAL_542.png,NORMAL/NORMAL_542.png,NORMAL,train
NORMAL_546.png,NORMAL/NORMAL_546.png,NORMAL,train
NORMAL_549.png,NORMAL/NORMAL_549.png,NORMAL,train
NORMAL_55.png,NORMAL/NORMAL_55.png,NORMAL,train
NORMAL_550.png,NORMAL/NORMAL_550.png,NORMAL,train
NORMAL_553.png,NORMAL/NORMAL_553.png,NORMAL,train
NORMAL_554.png,NORMAL/NORMAL_554.png,NORMAL,train
NORMAL_555.png,NORMAL/NORMAL_555.png,NORMAL,train
NORMAL_557.png,NORMAL/NORMAL_557.png,NORMAL,train
NORMAL_56.png,NORMAL/NORMAL_56.png,NORMAL,train
NORMAL_560.png,NORMAL/NORMAL_560.png,NORMAL,train
NORMAL_561.png,NORMAL/NORMAL_561.png,NORMAL,train
NORMAL_562.png,NORMAL/NORMAL_562.png,NORMAL,train
NORMAL_564.png,NORMAL/NORMAL_564.png,NORMAL,train
NORMAL_566.png,NORMAL/NORMAL_566.png,NORMAL,train
NORMAL_567.png,NORMAL/NORMAL_567.png,NORMAL,train
NORMAL_568.png,NORMAL/NORMAL_568.png,NORMAL,train
NORMAL_569.png,NORMAL/NORMAL_569.png,NORMAL,train
NORMAL_57.png,NORMAL/NORMAL_57.png,NORMAL,train
NORMAL_570.png,NORMAL/NORMAL_570.png,NORMAL,train
NORMAL_571.png,NORMAL/NORMAL_571.png,NORMAL,train
NORMAL_572.png,NORMAL/NORMAL_572.png,NORMAL,train
NORMAL_573.png,NORMAL/NORMAL_573.png,NORMAL,train
NORMAL_574.png,NORMAL/NORMAL_574.png,NORMAL,train
NORMAL_575.png,NORMAL/NORMAL_575.png,NORMAL,train
NORMAL_577.png,NORMAL/NORMAL_577.png,NORMAL,train
NORMAL_578.png,NORMAL/NORMAL_578.png,NORMAL,train
NORMAL_579.png,NORMAL/NORMAL_579.png,NORMAL,train
NORMAL_58.png,NORMAL/NORMAL_58.png,NORMAL,train
NORMAL_580.png,NORMAL/NORMAL_580.png,NORMAL,train
NORMAL_581.png,NORMAL/NORMAL_581.png,NORMAL,train
NORMAL_582.png,NORMAL/NORMAL_582.png,NORMAL,train
NORMAL_585.png,NORMAL/NORMAL_585.png,NORMAL,train
NORMAL_586.png,NORMAL/NORMAL_586.png,NORMAL,train
NORMAL_588.png,NORMAL/NORMAL_588.png,NORMAL,train
NORMAL_589.png,NORMAL/NORMAL_589.png,NORMAL,train
NORMAL_59.png,NORMAL/NORMAL_59.png,NORMAL,train
NORMAL_590.png,NORMAL/NORMAL_590.png,NORMAL,train
NORMAL_594.png,NORMAL/NORMAL_594.png,NORMAL,train
NORMAL_597.png,NORMAL/NORMAL_597.png,NORMAL,train
NORMAL_598.png,NORMAL/NORMAL_598.png,NORMAL,train
NORMAL_60.png,NORMAL/NORMAL_60.png,NORMAL,train
NORMAL_600.png,NORMAL/NORMAL_600.png,NORMAL,train
NORMAL_601.png,NORMAL/NORMAL_601.png,NORMAL,train
NORMAL_602.png,NORMAL/NORMAL_602.png,NORMAL,train
NORMAL_606.png,NORMAL/NORMAL_606.png,NORMAL,train
NORMAL_608.png,NORMAL/NORMAL_608.png,NORMAL,train
NORMAL_609.png,NORMAL/NORMAL_609.png,NORMAL,train
NORMAL_61.png,NORMAL/NORMAL_61.png,NORMAL,train
NORMAL_610.png,NORMAL/NORMAL_610.png,NORMAL,train
NORMAL_612.png,NORMAL/NORMAL_612.png,NORMAL,train
NORMAL_614.png,NORMAL/NORMAL_614.png,NORMAL,train
NORMAL_615.png,NORMAL/NORMAL_615.png,NORMAL,train
NORMAL_617.png,NORMAL/NORMAL_617.png,NORMAL,train
NORMAL_62.png,NORMAL/NORMAL_62.png,NORMAL,train
NORMAL_620.png,NORMAL/NORMAL_620.png,NORMAL,train
NORMAL_621.png,NORMAL/NORMAL_621.png,NORMAL,train
NORMAL_622.png,NORMAL/NORMAL_622.png,NORMAL,train
NORMAL_625.png,NORMAL/NORMAL_625.png,NORMAL,train
NORMAL_626.png,NORMAL/NORMAL_626.png,NORMAL,train
NORMAL_627.png,NORMAL/NORMAL_627.png,NORMAL,train
NORMAL_628.png,NORMAL/NORMAL_628.png,NORMAL,train
NORMAL_629.png,NORMAL/NORMAL_629.png,NORMAL,train
NORMAL_63.png,NORMAL/NORMAL_63.png,NORMAL,train
NORMAL_630.png,NORMAL/NORMAL_630.png,NORMAL,train
NORMAL_631.png,NORMAL/NORMAL_631.png,NORMAL,train
NORMAL_633.png,NORMAL/NORMAL_633.png,NORMAL,train
NORMAL_634.png,NORMAL/NORMAL_634.png,NORMAL,train
NORMAL_635.png,NORMAL/NORMAL_635.png,NORMAL,train
NORMAL_637.png,NORMAL/NORMAL_637.png,NORMAL,train
NORMAL_638.png,NORMAL/NORMAL_638.png,NORMAL,train
NORMAL_639.png,NORMAL/NORMAL_639.png,NORMAL,train
NORMAL_640.png,NORMAL/NORMAL_640.png,NORMAL,train
NORMAL_641.png,NORMAL/NORMAL_641.png,NORMAL,train
NORMAL_643.png,NORMAL/NORMAL_643.png,NORMAL,train
NORMAL_644.png,NORMAL/NORMAL_644.png,NORMAL,train
NORMAL_645.png,NORMAL/NORMAL_645.png,NORMAL,train
NORMAL_647.png,NORMAL/NORMAL_647.png,NORMAL,train
NORMAL_648.png,NORMAL/NORMAL_648.png,NORMAL,train
NORMAL_649.png,NORMAL/NORMAL_649.png,NORMAL,train
NORMAL_65.png,NORMAL/NORMAL_65.png,NORMAL,train
NORMAL_650.png,NORMAL/NORMAL_650.png,NORMAL,train
NORMAL_651.png,NORMAL/NORMAL_651.png,NORMAL,train
NORMAL_652.png,NORMAL/NORMAL_652.png,NORMAL,train
NORMAL_655.png,NORMAL/NORMAL_655.png,NORMAL,train
NORMAL_656.png,NORMAL/NORMAL_656.png,NORMAL,train
NORMAL_657.png,NORMAL/NORMAL_657.png,NORMAL,train
NORMAL_658.png,NORMAL/NORMAL_658.png,NORMAL,train
NORMAL_66.png,NORMAL/NORMAL_66.png,NORMAL,train
NORMAL_660.png,NORMAL/NORMAL_660.png,NORMAL,train
NORMAL_661.png,NORMAL/NORMAL_661.png,NORMAL,train
NORMAL_662.png,NORMAL/NORMAL_662.png,NORMAL,train
NORMAL_663.png,NORMAL/NORMAL_663.png,NORMAL,train
NORMAL_666.png,NORMAL/NORMAL_666.png,NORMAL,train
NORMAL_667.png,NORMAL/NORMAL_667.png,NORMAL,train
NORMAL_668.png,NORMAL/NORMAL_668.png,NORMAL,train
NORMAL_669.png,NORMAL/NORMAL_669.png,NORMAL,train
NORMAL_67.png,NORMAL/NORMAL_67.png,NORMAL,train
NORMAL_670.png,NORMAL/NORMAL_670.png,NORMAL,train
NORMAL_671.png,NORMAL/NORMAL_671.png,NORMAL,train
NORMAL_676.png,NORMAL/NORMAL_676.png,NORMAL,train
NORMAL_677.png,NORMAL/NORMAL_677.png,NORMAL,train
NORMAL_678.png,NORMAL/NORMAL_678.png,NORMAL,train
NORMAL_68.png,NORMAL/NORMAL_68.png,NORMAL,train
NORMAL_680.png,NORMAL/NORMAL_680.png,NORMAL,train
NORMAL_682.png,NORMAL/NORMAL_682.png,NORMAL,train
NORMAL_684.png,NORMAL/NORMAL_684.png,NORMAL,train
NORMAL_685.png,NORMAL/NORMAL_685.png,NORMAL,train
NORMAL_686.png,NORMAL/NORMAL_686.png,NORMAL,train
NORMAL_687.png,NORMAL/NORMAL_687.png,NORMAL,train
NORMAL_688.png,NORMAL/NORMAL_688.png,NORMAL,train
NORMAL_690.png,NORMAL/NORMAL_690.png,NORMAL,train
NORMAL_692.png,NORMAL/NORMAL_692.png,NORMAL,train
NORMAL_693.png,NORMAL/NORMAL_693.png,NORMAL,train
NORMAL_694.png,NORMAL/NORMAL_694.png,NORMAL,train
NORMAL_695.png,NORMAL/NORMAL_695.png,NORMAL,train
NORMAL_696.png,NORMAL/NORMAL_696.png,NORMAL,train
NORMAL_697.png,NORMAL/NORMAL_697.png,NORMAL,train
NORMAL_698.png,NORMAL/NORMAL_698.png,NORMAL,train
NORMAL_699.png,NORMAL/NORMAL_699.png,NORMAL,train
NORMAL_7.png,NORMAL/NORMAL_7.png,NORMAL,train
NORMAL_70.png,NORMAL/NORMAL_70.png,NORMAL,train
NORMAL_702.png,NORMAL/NORMAL_702.png,NORMAL,train
NORMAL_704.png,NORMAL/NORMAL_704.png,NORMAL,train
NORMAL_705.png,NORMAL/NORMAL_705.png,NORMAL,train
NORMAL_706.png,NORMAL/NORMAL_706.png,NORMAL,train
NORMAL_707.png,NORMAL/NORMAL_707.png,NORMAL,train
NORMAL_708.png,NORMAL/NORMAL_708.png,NORMAL,train
NORMAL_709.png,NORMAL/NORMAL_709.png,NORMAL,train
NORMAL_71.png,NORMAL/NORMAL_71.png,NORMAL,train
NORMAL_710.png,NORMAL/NORMAL_710.png,NORMAL,train
NORMAL_711.png,NORMAL/NORMAL_711.png,NORMAL,train
NORMAL_712.png,NORMAL/NORMAL_712.png,NORMAL,train
NORMAL_714.png,NORMAL/NORMAL_714.png,NORMAL,train
NORMAL_715.png,NORMAL/NORMAL_715.png,NORMAL,train
NORMAL_716.png,NORMAL/NORMAL_716.png,NORMAL,train
NORMAL_717.png,NORMAL/NORMAL_717.png,NORMAL,train
NORMAL_718.png,NORMAL/NORMAL_718.png,NORMAL,train
NORMAL_720.png,NORMAL/NORMAL_720.png,NORMAL,train
NORMAL_721.png,NORMAL/NORMAL_721.png,NORMAL,train
NORMAL_723.png,NORMAL/NORMAL_723.png,NORMAL,train
NORMAL_724.png,NORMAL/NORMAL_724.png,NORMAL,train
NORMAL_725.png,NORMAL/NORMAL_725.png,NORMAL,train
NORMAL_726.png,NORMAL/NORMAL_726.png,NORMAL,train
NORMAL_727.png,NORMAL/NORMAL_727.png,NORMAL,train
NORMAL_728.png,NORMAL/NORMAL_728.png,NORMAL,train
NORMAL_729.png,NORMAL/NORMAL_729.png,NORMAL,train
NORMAL_730.png,NORMAL/NORMAL_730.png,NORMAL,train
NORMAL_731.png,NORMAL/NORMAL_731.png,NORMAL,train
NORMAL_733.png,NORMAL/NORMAL_733.png,NORMAL,train
NORMAL_734.png,NORMAL/NORMAL_734.png,NORMAL,train
NORMAL_735.png,NORMAL/NORMAL_735.png,NORMAL,train
NORMAL_737.png,NORMAL/NORMAL_737.png,NORMAL,train
NORMAL_738.png,NORMAL/NORMAL_738.png,NORMAL,train
NORMAL_74.png,NORMAL/NORMAL_74.png,NORMAL,train
NORMAL_740.png,NORMAL/NORMAL_740.png,NORMAL,train
NORMAL_741.png,NORMAL/NORMAL_741.png,NORMAL,train
NORMAL_742.png,NORMAL/NORMAL_742.png,NORMAL,train
NORMAL_743.png,NORMAL/NORMAL_743.png,NORMAL,train
NORMAL_744.png,NORMAL/NORMAL_744.png,NORMAL,train
NORMAL_745.png,NORMAL/NORMAL_745.png,NORMAL,train
NORMAL_746.png,NORMAL/NORMAL_746.png,NORMAL,train
NORMAL_747.png,NORMAL/NORMAL_747.png,NORMAL,train
NORMAL_748.png,NORMAL/NORMAL_748.png,NORMAL,train
NORMAL_750.png,NORMAL/NORMAL_750.png,NORMAL,train
NORMAL_752.png,NORMAL/NORMAL_752.png,NORMAL,train
NORMAL_754.png,NORMAL/NORMAL_754.png,NORMAL,train
NORMAL_755.png,NORMAL/NORMAL_755.png,NORMAL,train
NORMAL_756.png,NORMAL/NORMAL_756.png,NORMAL,train
NORMAL_758.png,NORMAL/NORMAL_758.png,NORMAL,train
NORMAL_760.png,NORMAL/NORMAL_760.png,NORMAL,train
NORMAL_761.png,NORMAL/NORMAL_761.png,NORMAL,train
NORMAL_762.png,NORMAL/NORMAL_762.png,NORMAL,train
NORMAL_763.png,NORMAL/NORMAL_763.png,NORMAL,train
NORMAL_764.png,NORMAL/NORMAL_764.png,NORMAL,train
NORMAL_765.png,NORMAL/NORMAL_765.png,NORMAL,train
NORMAL_766.png,NORMAL/NORMAL_766.png,NORMAL,train
NORMAL_767.png,NORMAL/NORMAL_767.png,NORMAL,train
NORMAL_768.png,NORMAL/NORMAL_768.png,NORMAL,train
NORMAL_769.png,NORMAL/NORMAL_769.png,NORMAL,train
NORMAL_771.png,NORMAL/NORMAL_771.png,NORMAL,train
NORMAL_772.png,NORMAL/NORMAL_772.png,NORMAL,train
NORMAL_773.png,NORMAL/NORMAL_773.png,NORMAL,train
NORMAL_774.png,NORMAL/NORMAL_774.png,NORMAL,train
NORMAL_775.png,NORMAL/NORMAL_775.png,NORMAL,train
NORMAL_777.png,NORMAL/NORMAL_777.png,NORMAL,train
NORMAL_778.png,NORMAL/NORMAL_778.png,NORMAL,train
NORMAL_78.png,NORMAL/NORMAL_78.png,NORMAL,train
NORMAL_780.png,NORMAL/NORMAL_780.png,NORMAL,train
NORMAL_782.png,NORMAL/NORMAL_782.png,NORMAL,train
NORMAL_783.png,NORMAL/NORMAL_783.png,NORMAL,train
NORMAL_784.png,NORMAL/NORMAL_784.png,NORMAL,train
NORMAL_785.png,NORMAL/NORMAL_785.png,NORMAL,train
NORMAL_788.png,NORMAL/NORMAL_788.png,NORMAL,train
NORMAL_789.png,NORMAL/NORMAL_789.png,NORMAL,train
NORMAL_79.png,NORMAL/NORMAL_79.png,NORMAL,train
NORMAL_790.png,NORMAL/NORMAL_790.png,NORMAL,train
NORMAL_792.png,NORMAL/NORMAL_792.png,NORMAL,train
NORMAL_794.png,NORMAL/NORMAL_794.png,NORMAL,train
NORMAL_798.png,NORMAL/NORMAL_798.png,NORMAL,train
NORMAL_8.png,NORMAL/NORMAL_8.png,NORMAL,train
NORMAL_80.png,NORMAL/NORMAL_80.png,NORMAL,train
NORMAL_800.png,NORMAL/NORMAL_800.png,NORMAL,train
NORMAL_801.png,NORMAL/NORMAL_801.png,NORMAL,train
NORMAL_802.png,NORMAL/NORMAL_802.png,NORMAL,train
NORMAL_803.png,NORMAL/NORMAL_803.png,NORMAL,train
NORMAL_804.png,NORMAL/NORMAL_804.png,NORMAL,train
NORMAL_805.png,NORMAL/NORMAL_805.png,NORMAL,train
NORMAL_806.png,NORMAL/NORMAL_806.png,NORMAL,train
NORMAL_807.png,NORMAL/NORMAL_807.png,NORMAL,train
NORMAL_808.png,NORMAL/NORMAL_808.png,NORMAL,train
NORMAL_81.png,NORMAL/NORMAL_81.png,NORMAL,train
NORMAL_810.png,NORMAL/NORMAL_810.png,NORMAL,train
NORMAL_811.png,NORMAL/NORMAL_811.png,NORMAL,train
NORMAL_814.png,NORMAL/NORMAL_814.png,NORMAL,train
NORMAL_815.png,NORMAL/NORMAL_815.png,NORMAL,train
NORMAL_816.png,NORMAL/NORMAL_816.png,NORMAL,train
NORMAL_817.png,NORMAL/NORMAL_817.png,NORMAL,train
NORMAL_819.png,NORMAL/NORMAL_819.png,NORMAL,train
NORMAL_82.png,NORMAL/NORMAL_82.png,NORMAL,train
NORMAL_820.png,NORMAL/NORMAL_820.png,NORMAL,train
NORMAL_821.png,NORMAL/NORMAL_821.png,NORMAL,train
NORMAL_822.png,NORMAL/NORMAL_822.png,NORMAL,train
NORMAL_824.png,NORMAL/NORMAL_824.png,NORMAL,train
NORMAL_825.png,NORMAL/NORMAL_825.png,NORMAL,train
NORMAL_83.png,NORMAL/NORMAL_83.png,NORMAL,train
NORMAL_830.png,NORMAL/NORMAL_830.png,NORMAL,train
NORMAL_831.png,NORMAL/NORMAL_831.png,NORMAL,train
NORMAL_833.png,NORMAL/NORMAL_833.png,NORMAL,train
NORMAL_835.png,NORMAL/NORMAL_835.png,NORMAL,train
NORMAL_838.png,NORMAL/NORMAL_838.png,NORMAL,train
NORMAL_839.png,NORMAL/NORMAL_839.png,NORMAL,train
NORMAL_84.png,NORMAL/NORMAL_84.png,NORMAL,train
NORMAL_840.png,NORMAL/NORMAL_840.png,NORMAL,train
NORMAL_841.png,NORMAL/NORMAL_841.png,NORMAL,train
NORMAL_842.png,NORMAL/NORMAL_842.png,NORMAL,train
NORMAL_843.png,NORMAL/NORMAL_843.png,NORMAL,train
NORMAL_844.png,NORMAL/NORMAL_844.png,NORMAL,train
NORMAL_850.png,NORMAL/NORMAL_850.png,NORMAL,train
NORMAL_851.png,NORMAL/NORMAL_851.png,NORMAL,train
NORMAL_852.png,NORMAL/NORMAL_852.png,NORMAL,train
NORMAL_853.png,NORMAL/NORMAL_853.png,NORMAL,train
NORMAL_855.png,NORMAL/NORMAL_855.png,NORMAL,train
NORMAL_856.png,NORMAL/NORMAL_856.png,NORMAL,train
NORMAL_857.png,NORMAL/NORMAL_857.png,NORMAL,train
NORMAL_859.png,NORMAL/NORMAL_859.png,NORMAL,train
NORMAL_86.png,NORMAL/NORMAL_86.png,NORMAL,train
NORMAL_861.png,NORMAL/NORMAL_861.png,NORMAL,train
NORMAL_862.png,NORMAL/NORMAL_862.png,NORMAL,train
NORMAL_863.png,NORMAL/NORMAL_863.png,NORMAL,train
NORMAL_864.png,NORMAL/NORMAL_864.png,NORMAL,train
NORMAL_865.png,NORMAL/NORMAL_865.png,NORMAL,train
NORMAL_867.png,NORMAL/NORMAL_867.png,NORMAL,train
NORMAL_868.png,NORMAL/NORMAL_868.png,NORMAL,train
NORMAL_869.png,NORMAL/NORMAL_869.png,NORMAL,train
NORMAL_87.png,NORMAL/NORMAL_87.png,NORMAL,train
NORMAL_870.png,NORMAL/NORMAL_870.png,NORMAL,train
NORMAL_871.png,NORMAL/NORMAL_871.png,NORMAL,train
NORMAL_875.png,NORMAL/NORMAL_875.png,NORMAL,train
NORMAL_878.png,NORMAL/NORMAL_878.png,NORMAL,train
NORMAL_879.png,NORMAL/NORMAL_879.png,NORMAL,train
NORMAL_88.png,NORMAL/NORMAL_88.png,NORMAL,train
NORMAL_881.png,NORMAL/NORMAL_881.png,NORMAL,train
NORMAL_882.png,NORMAL/NORMAL_882.png,NORMAL,train
NORMAL_883.png,NORMAL/NORMAL_883.png,NORMAL,train
NORMAL_884.png,NORMAL/NORMAL_884.png,NORMAL,train
NORMAL_885.png,NORMAL/NORMAL_885.png,NORMAL,train
NORMAL_887.png,NORMAL/NORMAL_887.png,NORMAL,train
NORMAL_888.png,NORMAL/NORMAL_888.png,NORMAL,train
NORMAL_89.png,NORMAL/NORMAL_89.png,NORMAL,train
NORMAL_890.png,NORMAL/NORMAL_890.png,NORMAL,train
NORMAL_891.png,NORMAL/NORMAL_891.png,NORMAL,train
NORMAL_892.png,NORMAL/NORMAL_892.png,NORMAL,train
NORMAL_895.png,NORMAL/NORMAL_895.png,NORMAL,train
NORMAL_896.png,NORMAL/NORMAL_896.png,NORMAL,train
NORMAL_897.png,NORMAL/NORMAL_897.png,NORMAL,train
NORMAL_898.png,NORMAL/NORMAL_898.png,NORMAL,train
NORMAL_90.png,NORMAL/NORMAL_90.png,NORMAL,train
NORMAL_901.png,NORMAL/NORMAL_901.png,NORMAL,train
NORMAL_902.png,NORMAL/NORMAL_902.png,NORMAL,train
NORMAL_903.png,NORMAL/NORMAL_903.png,NORMAL,train
NORMAL_904.png,NORMAL/NORMAL_904.png,NORMAL,train
NORMAL_905.png,NORMAL/NORMAL_905.png,NORMAL,train
NORMAL_907.png,NORMAL/NORMAL_907.png,NORMAL,train
NORMAL_908.png,NORMAL/NORMAL_908.png,NORMAL,train
NORMAL_909.png,NORMAL/NORMAL_909.png,NORMAL,train
NORMAL_91.png,NORMAL/NORMAL_91.png,NORMAL,train
NORMAL_910.png,NORMAL/NORMAL_910.png,NORMAL,train
NORMAL_911.png,NORMAL/NORMAL_911.png,NORMAL,train
NORMAL_913.png,NORMAL/NORMAL_913.png,NORMAL,train
NORMAL_914.png,NORMAL/NORMAL_914.png,NORMAL,train
NORMAL_915.png,NORMAL/NORMAL_915.png,NORMAL,train
NORMAL_916.png,NORMAL/NORMAL_916.png,NORMAL,train
NORMAL_918.png,NORMAL/NORMAL_918.png,NORMAL,train
NORMAL_92.png,NORMAL/NORMAL_92.png,NORMAL,train
NORMAL_920.png,NORMAL/NORMAL_920.png,NORMAL,train
NORMAL_921.png,NORMAL/NORMAL_921.png,NORMAL,train
NORMAL_922.png,NORMAL/NORMAL_922.png,NORMAL,train
NORMAL_923.png,NORMAL/NORMAL_923.png,NORMAL,train
NORMAL_925.png,NORMAL/NORMAL_925.png,NORMAL,train
NORMAL_927.png,NORMAL/NORMAL_927.png,NORMAL,train
NORMAL_928.png,NORMAL/NORMAL_928.png,NORMAL,train
NORMAL_93.png,NORMAL/NORMAL_93.png,NORMAL,train
NORMAL_930.png,NORMAL/NORMAL_930.png,NORMAL,train
NORMAL_931.png,NORMAL/NORMAL_931.png,NORMAL,train
NORMAL_932.png,NORMAL/NORMAL_932.png,NORMAL,train
NORMAL_933.png,NORMAL/NORMAL_933.png,NORMAL,train
NORMAL_934.png,NORMAL/NORMAL_934.png,NORMAL,train
NORMAL_935.png,NORMAL/NORMAL_935.png,NORMAL,train
NORMAL_936.png,NORMAL/NORMAL_936.png,NORMAL,train
NORMAL_940.png,NORMAL/NORMAL_940.png,NORMAL,train
NORMAL_942.png,NORMAL/NORMAL_942.png,NORMAL,train
NORMAL_943.png,NORMAL/NORMAL_943.png,NORMAL,train
NORMAL_944.png,NORMAL/NORMAL_944.png,NORMAL,train
NORMAL_945.png,NORMAL/NORMAL_945.png,NORMAL,train
NORMAL_947.png,NORMAL/NORMAL_947.png,NORMAL,train
NORMAL_948.png,NORMAL/NORMAL_948.png,NORMAL,train
NORMAL_949.png,NORMAL/NORMAL_949.png,NORMAL,train
NORMAL_950.png,NORMAL/NORMAL_950.png,NORMAL,train
NORMAL_951.png,NORMAL/NORMAL_951.png,NORMAL,train
NORMAL_952.png,NORMAL/NORMAL_952.png,NORMAL,train
NORMAL_953.png,NORMAL/NORMAL_953.png,NORMAL,train
NORMAL_954.png,NORMAL/NORMAL_954.png,NORMAL,train
NORMAL_955.png,NORMAL/NORMAL_955.png,NORMAL,train
NORMAL_958.png,NORMAL/NORMAL_958.png,NORMAL,train
NORMAL_959.png,NORMAL/NORMAL_959.png,NORMAL,train
NORMAL_96.png,NORMAL/NORMAL_96.png,NORMAL,train
NORMAL_960.png,NORMAL/NORMAL_960.png,NORMAL,train
NORMAL_964.png,NORMAL/NORMAL_964.png,NORMAL,train
NORMAL_967.png,NORMAL/NORMAL_967.png,NORMAL,train
NORMAL_968.png,NORMAL/NORMAL_968.png,NORMAL,train
NORMAL_969.png,NORMAL/NORMAL_969.png,NORMAL,train
NORMAL_97.png,NORMAL/NORMAL_97.png,NORMAL,train
NORMAL_970.png,NORMAL/NORMAL_970.png,NORMAL,train
NORMAL_971.png,NORMAL/NORMAL_971.png,NORMAL,train
NORMAL_973.png,NORMAL/NORMAL_973.png,NORMAL,train
NORMAL_976.png,NORMAL/NORMAL_976.png,NORMAL,train
NORMAL_977.png,NORMAL/NORMAL_977.png,NORMAL,train
NORMAL_979.png,NORMAL/NORMAL_979.png,NORMAL,train
NORMAL_981.png,NORMAL/NORMAL_981.png,NORMAL,train
NORMAL_982.png,NORMAL/NORMAL_982.png,NORMAL,train
NORMAL_983.png,NORMAL/NORMAL_983.png,NORMAL,train
NORMAL_984.png,NORMAL/NORMAL_984.png,NORMAL,train
NORMAL_985.png,NORMAL/NORMAL_985.png,NORMAL,train
NORMAL_986.png,NORMAL/NORMAL_986.png,NORMAL,train
NORMAL_987.png,NORMAL/NORMAL_987.png,NORMAL,train
NORMAL_988.png,NORMAL/NORMAL_988.png,NORMAL,train
NORMAL_989.png,NORMAL/NORMAL_989.png,NORMAL,train
NORMAL_99.png,NORMAL/NORMAL_99.png,NORMAL,train
NORMAL_991.png,NORMAL/NORMAL_991.png,NORMAL,train
NORMAL_992.png,NORMAL/NORMAL_992.png,NORMAL,train
NORMAL_993.png,NORMAL/NORMAL_993.png,NORMAL,train
NORMAL_994.png,NORMAL/NORMAL_994.png,NORMAL,train
NORMAL_995.png,NORMAL/NORMAL_995.png,NORMAL,train
NORMAL_996.png,NORMAL/NORMAL_996.png,NORMAL,train
NORMAL_997.png,NORMAL/NORMAL_997.png,NORMAL,train
NORMAL_999.png,NORMAL/NORMAL_999.png,NORMAL,train
PNEUMONIA.png,PNEUMONIA/PNEUMONIA.png,PNEUMONIA,train
PNEUMONIA_10.png,PNEUMONIA/PNEUMONIA_10.png,PNEUMONIA,train
PNEUMONIA_100.png,PNEUMONIA/PNEUMONIA_100.png,PNEUMONIA,train
PNEUMONIA_1000.png,PNEUMONIA/PNEUMONIA_1000.png,PNEUMONIA,train
PNEUMONIA_1001.png,PNEUMONIA/PNEUMONIA_1001.png,PNEUMONIA,train
PNEUMONIA_1002.png,PNEUMONIA/PNEUMONIA_1002.png,PNEUMONIA,train
PNEUMONIA_1003.png,PNEUMONIA/PNEUMONIA_1003.png,PNEUMONIA,train
PNEUMONIA_1004.png,PNEUMONIA/PNEUMONIA_1004.png,PNEUMONIA,train
PNEUMONIA_1005.png,PNEUMONIA/PNEUMONIA_1005.png,PNEUMONIA,train
PNEUMONIA_1006.png,PNEUMONIA/PNEUMONIA_1006.png,PNEUMONIA,train
PNEUMONIA_1007.png,PNEUMONIA/PNEUMONIA_1007.png,PNEUMONIA,train
PNEUMONIA_1008.png,PNEUMONIA/PNEUMONIA_1008.png,PNEUMONIA,train
PNEUMONIA_1009.png,PNEUMONIA/PNEUMONIA_1009.png,PNEUMONIA,train
PNEUMONIA_101.png,PNEUMONIA/PNEUMONIA_101.png,PNEUMONIA,train
PNEUMONIA_1010.png,PNEUMONIA/PNEUMONIA_1010.png,PNEUMONIA,train
PNEUMONIA_1011.png,PNEUMONIA/PNEUMONIA_1011.png,PNEUMONIA,train
PNEUMONIA_1012.png,PNEUMONIA/PNEUMONIA_1012.png,PNEUMONIA,train
PNEUMONIA_1013.png,PNEUMONIA/PNEUMONIA_1013.png,PNEUMONIA,train
PNEUMONIA_1014.png,PNEUMONIA/PNEUMONIA_1014.png,PNEUMONIA,train
PNEUMONIA_1015.png,PNEUMONIA/PNEUMONIA_1015.png,PNEUMONIA,train
PNEUMONIA_1016.png,PNEUMONIA/PNEUMONIA_1016.png,PNEUMONIA,train
PNEUMONIA_1017.png,PNEUMONIA/PNEUMONIA_1017.png,PNEUMONIA,train
PNEUMONIA_1018.png,PNEUMONIA/PNEUMONIA_1018.png,PNEUMONIA,train
PNEUMONIA_1019.png,PNEUMONIA/PNEUMONIA_1019.png,PNEUMONIA,train
PNEUMONIA_102.png,PNEUMONIA/PNEUMONIA_102.png,PNEUMONIA,train
PNEUMONIA_1020.png,PNEUMONIA/PNEUMONIA_1020.png,PNEUMONIA,train
PNEUMONIA_1021.png,PNEUMONIA/PNEUMONIA_1021.png,PNEUMONIA,train
PNEUMONIA_1022.png,PNEUMONIA/PNEUMONIA_1022.png,PNEUMONIA,train
PNEUMONIA_1023.png,PNEUMONIA/PNEUMONIA_1023.png,PNEUMONIA,train
PNEUMONIA_1024.png,PNEUMONIA/PNEUMONIA_1024.png,PNEUMONIA,train
PNEUMONIA_1025.png,PNEUMONIA/PNEUMONIA_1025.png,PNEUMONIA,train
PNEUMONIA_1026.png,PNEUMONIA/PNEUMONIA_1026.png,PNEUMONIA,train
PNEUMONIA_1027.png,PNEUMONIA/PNEUMONIA_1027.png,PNEUMONIA,train
PNEUMONIA_1028.png,PNEUMONIA/PNEUMONIA_1028.png,PNEUMONIA,train
PNEUMONIA_1029.png,PNEUMONIA/PNEUMONIA_1029.png,PNEUMONIA,train
PNEUMONIA_103.png,PNEUMONIA/PNEUMONIA_103.png,PNEUMONIA,train
PNEUMONIA_1030.png,PNEUMONIA/PNEUMONIA_1030.png,PNEUMONIA,train
PNEUMONIA_1031.png,PNEUMONIA/PNEUMONIA_1031.png,PNEUMONIA,train
PNEUMONIA_1032.png,PNEUMONIA/PNEUMONIA_1032.png,PNEUMONIA,train
PNEUMONIA_1033.png,PNEUMONIA/PNEUMONIA_1033.png,PNEUMONIA,train
PNEUMONIA_1034.png,PNEUMONIA/PNEUMONIA_1034.png,PNEUMONIA,train
PNEUMONIA_1035.png,PNEUMONIA/PNEUMONIA_1035.png,PNEUMONIA,train
PNEUMONIA_1036.png,PNEUMONIA/PNEUMONIA_1036.png,PNEUMONIA,train
PNEUMONIA_1037.png,PNEUMONIA/PNEUMONIA_1037.png,PNEUMONIA,train
PNEUMONIA_1038.png,PNEUMONIA/PNEUMONIA_1038.png,PNEUMONIA,train
PNEUMONIA_1039.png,PNEUMONIA/PNEUMONIA_1039.png,PNEUMONIA,train
PNEUMONIA_104.png,PNEUMONIA/PNEUMONIA_104.png,PNEUMONIA,train
PNEUMONIA_1040.png,PNEUMONIA/PNEUMONIA_1040.png,PNEUMONIA,train
PNEUMONIA_1041.png,PNEUMONIA/PNEUMONIA_1041.png,PNEUMONIA,train
PNEUMONIA_1042.png,PNEUMONIA/PNEUMONIA_1042.png,PNEUMONIA,train
PNEUMONIA_1043.png,PNEUMONIA/PNEUMONIA_1043.png,PNEUMONIA,train
PNEUMONIA_1044.png,PNEUMONIA/PNEUMONIA_1044.png,PNEUMONIA,train
PNEUMONIA_1045.png,PNEUMONIA/PNEUMONIA_1045.png,PNEUMONIA,train
PNEUMONIA_1046.png,PNEUMONIA/PNEUMONIA_1046.png,PNEUMONIA,train
PNEUMONIA_1047.png,PNEUMONIA/PNEUMONIA_1047.png,PNEUMONIA,train
PNEUMONIA_1048.png,PNEUMONIA/PNEUMONIA_1048.png,PNEUMONIA,train
PNEUMONIA_1049.png,PNEUMONIA/PNEUMONIA_1049.png,PNEUMONIA,train
PNEUMONIA_105.png,PNEUMONIA/PNEUMONIA_105.png,PNEUMONIA,train
PNEUMONIA_1050.png,PNEUMONIA/PNEUMONIA_1050.png,PNEUMONIA,train
PNEUMONIA_1051.png,PNEUMONIA/PNEUMONIA_1051.png,PNEUMONIA,train
PNEUMONIA_1052.png,PNEUMONIA/PNEUMONIA_1052.png,PNEUMONIA,train
PNEUMONIA_1053.png,PNEUMONIA/PNEUMONIA_1053.png,PNEUMONIA,train
PNEUMONIA_1054.png,PNEUMONIA/PNEUMONIA_1054.png,PNEUMONIA,train
PNEUMONIA_1055.png,PNEUMONIA/PNEUMONIA_1055.png,PNEUMONIA,train
PNEUMONIA_1056.png,PNEUMONIA/PNEUMONIA_1056.png,PNEUMONIA,train
PNEUMONIA_1057.png,PNEUMONIA/PNEUMONIA_1057.png,PNEUMONIA,train
PNEUMONIA_1058.png,PNEUMONIA/PNEUMONIA_1058.png,PNEUMONIA,train
PNEUMONIA_1059.png,PNEUMONIA/PNEUMONIA_1059.png,PNEUMONIA,train
PNEUMONIA_106.png,PNEUMONIA/PNEUMONIA_106.png,PNEUMONIA,train
PNEUMONIA_1060.png,PNEUMONIA/PNEUMONIA_1060.png,PNEUMONIA,train
PNEUMONIA_1061.png,PNEUMONIA/PNEUMONIA_1061.png,PNEUMONIA,train
PNEUMONIA_1062.png,PNEUMONIA/PNEUMONIA_1062.png,PNEUMONIA,train
PNEUMONIA_1063.png,PNEUMONIA/PNEUMONIA_1063.png,PNEUMONIA,train
PNEUMONIA_1064.png,PNEUMONIA/PNEUMONIA_1064.png,PNEUMONIA,train
PNEUMONIA_1065.png,PNEUMONIA/PNEUMONIA_1065.png,PNEUMONIA,train
PNEUMONIA_1066.png,PNEUMONIA/PNEUMONIA_1066.png,PNEUMONIA,train
PNEUMONIA_1067.png,PNEUMONIA/PNEUMONIA_1067.png,PNEUMONIA,train
PNEUMONIA_1068.png,PNEUMONIA/PNEUMONIA_1068.png,PNEUMONIA,train
PNEUMONIA_1069.png,PNEUMONIA/PNEUMONIA_1069.png,PNEUMONIA,train
PNEUMONIA_107.png,PNEUMONIA/PNEUMONIA_107.png,PNEUMONIA,train
PNEUMONIA_1070.png,PNEUMONIA/PNEUMONIA_1070.png,PNEUMONIA,train
PNEUMONIA_1071.png,PNEUMONIA/PNEUMONIA_1071.png,PNEUMONIA,train
PNEUMONIA_1072.png,PNEUMONIA/PNEUMONIA_1072.png,PNEUMONIA,train
PNEUMONIA_1073.png,PNEUMONIA/PNEUMONIA_1073.png,PNEUMONIA,train
PNEUMONIA_1074.png,PNEUMONIA/PNEUMONIA_1074.png,PNEUMONIA,train
PNEUMONIA_1075.png,PNEUMONIA/PNEUMONIA_1075.png,PNEUMONIA,train
PNEUMONIA_1076.png,PNEUMONIA/PNEUMONIA_1076.png,PNEUMONIA,train
PNEUMONIA_1077.png,PNEUMONIA/PNEUMONIA_1077.png,PNEUMONIA,train
PNEUMONIA_1078.png,PNEUMONIA/PNEUMONIA_1078.png,PNEUMONIA,train
PNEUMONIA_1079.png,PNEUMONIA/PNEUMONIA_1079.png,PNEUMONIA,train
PNEUMONIA_108.png,PNEUMONIA/PNEUMONIA_108.png,PNEUMONIA,train
PNEUMONIA_1080.png,PNEUMONIA/PNEUMONIA_1080.png,PNEUMONIA,train
PNEUMONIA_1081.png,PNEUMONIA/PNEUMONIA_1081.png,PNEUMONIA,train
PNEUMONIA_1082.png,PNEUMONIA/PNEUMONIA_1082.png,PNEUMONIA,train
PNEUMONIA_1083.png,PNEUMONIA/PNEUMONIA_1083.png,PNEUMONIA,train
PNEUMONIA_1084.png,PNEUMONIA/PNEUMONIA_1084.png,PNEUMONIA,train
PNEUMONIA_1085.png,PNEUMONIA/PNEUMONIA_1085.png,PNEUMONIA,train
PNEUMONIA_1086.png,PNEUMONIA/PNEUMONIA_1086.png,PNEUMONIA,train
PNEUMONIA_1087.png,PNEUMONIA/PNEUMONIA_1087.png,PNEUMONIA,train
PNEUMONIA_1088.png,PNEUMONIA/PNEUMONIA_1088.png,PNEUMONIA,train
PNEUMONIA_1089.png,PNEUMONIA/PNEUMONIA_1089.png,PNEUMONIA,train
PNEUMONIA_109.png,PNEUMONIA/PNEUMONIA_109.png,PNEUMONIA,train
PNEUMONIA_1090.png,PNEUMONIA/PNEUMONIA_1090.png,PNEUMONIA,train
PNEUMONIA_1091.png,PNEUMONIA/PNEUMONIA_1091.png,PNEUMONIA,train
PNEUMONIA_1092.png,PNEUMONIA/PNEUMONIA_1092.png,PNEUMONIA,train
PNEUMONIA_1093.png,PNEUMONIA/PNEUMONIA_1093.png,PNEUMONIA,train
PNEUMONIA_1094.png,PNEUMONIA/PNEUMONIA_1094.png,PNEUMONIA,train
PNEUMONIA_1095.png,PNEUMONIA/PNEUMONIA_1095.png,PNEUMONIA,train
PNEUMONIA_1096.png,PNEUMONIA/PNEUMONIA_1096.png,PNEUMONIA,train
PNEUMONIA_1097.png,PNEUMONIA/PNEUMONIA_1097.png,PNEUMONIA,train
PNEUMONIA_1098.png,PNEUMONIA/PNEUMONIA_1098.png,PNEUMONIA,train
PNEUMONIA_1099.png,PNEUMONIA/PNEUMONIA_1099.png,PNEUMONIA,train
PNEUMONIA_11.png,PNEUMONIA/PNEUMONIA_11.png,PNEUMONIA,train
PNEUMONIA_110.png,PNEUMONIA/PNEUMONIA_110.png,PNEUMONIA,train
PNEUMONIA_1100.png,PNEUMONIA/PNEUMONIA_1100.png,PNEUMONIA,train
PNEUMONIA_1101.png,PNEUMONIA/PNEUMONIA_1101.png,PNEUMONIA,train
PNEUMONIA_1102.png,PNEUMONIA/PNEUMONIA_1102.png,PNEUMONIA,train
PNEUMONIA_1103.png,PNEUMONIA/PNEUMONIA_1103.png,PNEUMONIA,train
PNEUMONIA_1104.png,PNEUMONIA/PNEUMONIA_1104.png,PNEUMONIA,train
PNEUMONIA_1105.png,PNEUMONIA/PNEUMONIA_1105.png,PNEUMONIA,train
PNEUMONIA_1106.png,PNEUMONIA/PNEUMONIA_1106.png,PNEUMONIA,train
PNEUMONIA_1107.png,PNEUMONIA/PNEUMONIA_1107.png,PNEUMONIA,train
PNEUMONIA_1108.png,PNEUMONIA/PNEUMONIA_1108.png,PNEUMONIA,train
PNEUMONIA_1109.png,PNEUMONIA/PNEUMONIA_1109.png,PNEUMONIA,train
PNEUMONIA_111.png,PNEUMONIA/PNEUMONIA_111.png,PNEUMONIA,train
PNEUMONIA_1110.png,PNEUMONIA/PNEUMONIA_1110.png,PNEUMONIA,train
PNEUMONIA_1111.png,PNEUMONIA/PNEUMONIA_1111.png,PNEUMONIA,train
PNEUMONIA_1112.png,PNEUMONIA/PNEUMONIA_1112.png,PNEUMONIA,train
PNEUMONIA_1113.png,PNEUMONIA/PNEUMONIA_1113.png,PNEUMONIA,train
PNEUMONIA_1114.png,PNEUMONIA/PNEUMONIA_1114.png,PNEUMONIA,train
PNEUMONIA_1115.png,PNEUMONIA/PNEUMONIA_1115.png,PNEUMONIA,train
PNEUMONIA_1116.png,PNEUMONIA/PNEUMONIA_1116.png,PNEUMONIA,train
PNEUMONIA_1117.png,PNEUMONIA/PNEUMONIA_1117.png,PNEUMONIA,train
PNEUMONIA_1118.png,PNEUMONIA/PNEUMONIA_1118.png,PNEUMONIA,train
PNEUMONIA_1119.png,PNEUMONIA/PNEUMONIA_1119.png,PNEUMONIA,train
PNEUMONIA_112.png,PNEUMONIA/PNEUMONIA_112.png,PNEUMONIA,train
PNEUMONIA_1120.png,PNEUMONIA/PNEUMONIA_1120.png,PNEUMONIA,train
PNEUMONIA_1121.png,PNEUMONIA/PNEUMONIA_1121.png,PNEUMONIA,train
PNEUMONIA_1122.png,PNEUMONIA/PNEUMONIA_1122.png,PNEUMONIA,train
PNEUMONIA_1123.png,PNEUMONIA/PNEUMONIA_1123.png,PNEUMONIA,train
PNEUMONIA_1124.png,PNEUMONIA/PNEUMONIA_1124.png,PNEUMONIA,train
PNEUMONIA_1125.png,PNEUMONIA/PNEUMONIA_1125.png,PNEUMONIA,train
PNEUMONIA_1126.png,PNEUMONIA/PNEUMONIA_1126.png,PNEUMONIA,train
PNEUMONIA_1127.png,PNEUMONIA/PNEUMONIA_1127.png,PNEUMONIA,train
PNEUMONIA_1128.png,PNEUMONIA/PNEUMONIA_1128.png,PNEUMONIA,train
PNEUMONIA_1129.png,PNEUMONIA/PNEUMONIA_1129.png,PNEUMONIA,train
PNEUMONIA_113.png,PNEUMONIA/PNEUMONIA_113.png,PNEUMONIA,train
PNEUMONIA_1130.png,PNEUMONIA/PNEUMONIA_1130.png,PNEUMONIA,train
PNEUMONIA_1131.png,PNEUMONIA/PNEUMONIA_1131.png,PNEUMONIA,train
PNEUMONIA_1132.png,PNEUMONIA/PNEUMONIA_1132.png,PNEUMONIA,train
PNEUMONIA_1133.png,PNEUMONIA/PNEUMONIA_1133.png,PNEUMONIA,train
PNEUMONIA_1134.png,PNEUMONIA/PNEUMONIA_1134.png,PNEUMONIA,train
PNEUMONIA_1135.png,PNEUMONIA/PNEUMONIA_1135.png,PNEUMONIA,train
PNEUMONIA_1136.png,PNEUMONIA/PNEUMONIA_1136.png,PNEUMONIA,train
PNEUMONIA_1137.png,PNEUMONIA/PNEUMONIA_1137.png,PNEUMONIA,train
PNEUMONIA_1138.png,PNEUMONIA/PNEUMONIA_1138.png,PNEUMONIA,train
PNEUMONIA_1139.png,PNEUMONIA/PNEUMONIA_1139.png,PNEUMONIA,train
PNEUMONIA_114.png,PNEUMONIA/PNEUMONIA_114.png,PNEUMONIA,train
PNEUMONIA_1140.png,PNEUMONIA/PNEUMONIA_1140.png,PNEUMONIA,train
PNEUMONIA_1141.png,PNEUMONIA/PNEUMONIA_1141.png,PNEUMONIA,train
PNEUMONIA_1142.png,PNEUMONIA/PNEUMONIA_1142.png,PNEUMONIA,train
PNEUMONIA_1143.png,PNEUMONIA/PNEUMONIA_1143.png,PNEUMONIA,train
PNEUMONIA_1144.png,PNEUMONIA/PNEUMONIA_1144.png,PNEUMONIA,train
PNEUMONIA_1145.png,PNEUMONIA/PNEUMONIA_1145.png,PNEUMONIA,train
PNEUMONIA_1146.png,PNEUMONIA/PNEUMONIA_1146.png,PNEUMONIA,train
PNEUMONIA_1147.png,PNEUMONIA/PNEUMONIA_1147.png,PNEUMONIA,train
PNEUMONIA_1148.png,PNEUMONIA/PNEUMONIA_1148.png,PNEUMONIA,train
PNEUMONIA_1149.png,PNEUMONIA/PNEUMONIA_1149.png,PNEUMONIA,train
PNEUMONIA_115.png,PNEUMONIA/PNEUMONIA_115.png,PNEUMONIA,train
PNEUMONIA_1150.png,PNEUMONIA/PNEUMONIA_1150.png,PNEUMONIA,train
PNEUMONIA_1151.png,PNEUMONIA/PNEUMONIA_1151.png,PNEUMONIA,train
PNEUMONIA_1152.png,PNEUMONIA/PNEUMONIA_1152.png,PNEUMONIA,train
PNEUMONIA_1153.png,PNEUMONIA/PNEUMONIA_1153.png,PNEUMONIA,train
PNEUMONIA_1154.png,PNEUMONIA/PNEUMONIA_1154.png,PNEUMONIA,train
PNEUMONIA_1155.png,PNEUMONIA/PNEUMONIA_1155.png,PNEUMONIA,train
PNEUMONIA_1156.png,PNEUMONIA/PNEUMONIA_1156.png,PNEUMONIA,train
PNEUMONIA_1157.png,PNEUMONIA/PNEUMONIA_1157.png,PNEUMONIA,train
PNEUMONIA_1158.png,PNEUMONIA/PNEUMONIA_1158.png,PNEUMONIA,train
PNEUMONIA_1159.png,PNEUMONIA/PNEUMONIA_1159.png,PNEUMONIA,train
PNEUMONIA_116.png,PNEUMONIA/PNEUMONIA_116.png,PNEUMONIA,train
PNEUMONIA_1160.png,PNEUMONIA/PNEUMONIA_1160.png,PNEUMONIA,train
PNEUMONIA_1161.png,PNEUMONIA/PNEUMONIA_1161.png,PNEUMONIA,train
PNEUMONIA_1162.png,PNEUMONIA/PNEUMONIA_1162.png,PNEUMONIA,train
PNEUMONIA_1163.png,PNEUMONIA/PNEUMONIA_1163.png,PNEUMONIA,train
PNEUMONIA_1164.png,PNEUMONIA/PNEUMONIA_1164.png,PNEUMONIA,train
PNEUMONIA_1165.png,PNEUMONIA/PNEUMONIA_1165.png,PNEUMONIA,train
PNEUMONIA_1166.png,PNEUMONIA/PNEUMONIA_1166.png,PNEUMONIA,train
PNEUMONIA_1167.png,PNEUMONIA/PNEUMONIA_1167.png,PNEUMONIA,train
PNEUMONIA_1168.png,PNEUMONIA/PNEUMONIA_1168.png,PNEUMONIA,train
PNEUMONIA_1169.png,PNEUMONIA/PNEUMONIA_1169.png,PNEUMONIA,train
PNEUMONIA_117.png,PNEUMONIA/PNEUMONIA_117.png,PNEUMONIA,train
PNEUMONIA_1170.png,PNEUMONIA/PNEUMONIA_1170.png,PNEUMONIA,train
PNEUMONIA_1171.png,PNEUMONIA/PNEUMONIA_1171.png,PNEUMONIA,train
PNEUMONIA_1172.png,PNEUMONIA/PNEUMONIA_1172.png,PNEUMONIA,train
PNEUMONIA_1173.png,PNEUMONIA/PNEUMONIA_1173.png,PNEUMONIA,train
PNEUMONIA_1174.png,PNEUMONIA/PNEUMONIA_1174.png,PNEUMONIA,train
PNEUMONIA_1175.png,PNEUMONIA/PNEUMONIA_1175.png,PNEUMONIA,train
PNEUMONIA_1176.png,PNEUMONIA/PNEUMONIA_1176.png,PNEUMONIA,train
PNEUMONIA_1177.png,PNEUMONIA/PNEUMONIA_1177.png,PNEUMONIA,train
PNEUMONIA_1178.png,PNEUMONIA/PNEUMONIA_1178.png,PNEUMONIA,train
PNEUMONIA_1179.png,PNEUMONIA/PNEUMONIA_1179.png,PNEUMONIA,train
PNEUMONIA_118.png,PNEUMONIA/PNEUMONIA_118.png,PNEUMONIA,train
PNEUMONIA_1180.png,PNEUMONIA/PNEUMONIA_1180.png,PNEUMONIA,train
PNEUMONIA_1181.png,PNEUMONIA/PNEUMONIA_1181.png,PNEUMONIA,train
PNEUMONIA_1182.png,PNEUMONIA/PNEUMONIA_1182.png,PNEUMONIA,train
PNEUMONIA_1183.png,PNEUMONIA/PNEUMONIA_1183.png,PNEUMONIA,train
PNEUMONIA_1184.png,PNEUMONIA/PNEUMONIA_1184.png,PNEUMONIA,train
PNEUMONIA_1185.png,PNEUMONIA/PNEUMONIA_1185.png,PNEUMONIA,train
PNEUMONIA_1186.png,PNEUMONIA/PNEUMONIA_1186.png,PNEUMONIA,train
PNEUMONIA_1187.png,PNEUMONIA/PNEUMONIA_1187.png,PNEUMONIA,train
PNEUMONIA_1188.png,PNEUMONIA/PNEUMONIA_1188.png,PNEUMONIA,train
PNEUMONIA_1189.png,PNEUMONIA/PNEUMONIA_1189.png,PNEUMONIA,train
PNEUMONIA_119.png,PNEUMONIA/PNEUMONIA_119.png,PNEUMONIA,train
PNEUMONIA_1190.png,PNEUMONIA/PNEUMONIA_1190.png,PNEUMONIA,train
PNEUMONIA_1191.png,PNEUMONIA/PNEUMONIA_1191.png,PNEUMONIA,train
PNEUMONIA_1192.png,PNEUMONIA/PNEUMONIA_1192.png,PNEUMONIA,train
PNEUMONIA_1193.png,PNEUMONIA/PNEUMONIA_1193.png,PNEUMONIA,train
PNEUMONIA_1194.png,PNEUMONIA/PNEUMONIA_1194.png,PNEUMONIA,train
PNEUMONIA_1195.png,PNEUMONIA/PNEUMONIA_1195.png,PNEUMONIA,train
PNEUMONIA_1196.png,PNEUMONIA/PNEUMONIA_1196.png,PNEUMONIA,train
PNEUMONIA_1197.png,PNEUMONIA/PNEUMONIA_1197.png,PNEUMONIA,train
PNEUMONIA_1198.png,PNEUMONIA/PNEUMONIA_1198.png,PNEUMONIA,train
PNEUMONIA_1199.png,PNEUMONIA/PNEUMONIA_1199.png,PNEUMONIA,train
PNEUMONIA_12.png,PNEUMONIA/PNEUMONIA_12.png,PNEUMONIA,train
PNEUMONIA_120.png,PNEUMONIA/PNEUMONIA_120.png,PNEUMONIA,train
PNEUMONIA_1200.png,PNEUMONIA/PNEUMONIA_1200.png,PNEUMONIA,train
PNEUMONIA_1201.png,PNEUMONIA/PNEUMONIA_1201.png,PNEUMONIA,train
PNEUMONIA_1202.png,PNEUMONIA/PNEUMONIA_1202.png,PNEUMONIA,train
PNEUMONIA_1203.png,PNEUMONIA/PNEUMONIA_1203.png,PNEUMONIA,train
PNEUMONIA_1204.png,PNEUMONIA/PNEUMONIA_1204.png,PNEUMONIA,train
PNEUMONIA_1205.png,PNEUMONIA/PNEUMONIA_1205.png,PNEUMONIA,train
PNEUMONIA_1206.png,PNEUMONIA/PNEUMONIA_1206.png,PNEUMONIA,train
PNEUMONIA_1207.png,PNEUMONIA/PNEUMONIA_1207.png,PNEUMONIA,train
PNEUMONIA_1208.png,PNEUMONIA/PNEUMONIA_1208.png,PNEUMONIA,train
PNEUMONIA_1209.png,PNEUMONIA/PNEUMONIA_1209.png,PNEUMONIA,train
PNEUMONIA_121.png,PNEUMONIA/PNEUMONIA_121.png,PNEUMONIA,train
PNEUMONIA_1210.png,PNEUMONIA/PNEUMONIA_1210.png,PNEUMONIA,train
PNEUMONIA_1211.png,PNEUMONIA/PNEUMONIA_1211.png,PNEUMONIA,train
PNEUMONIA_1212.png,PNEUMONIA/PNEUMONIA_1212.png,PNEUMONIA,train
PNEUMONIA_1213.png,PNEUMONIA/PNEUMONIA_1213.png,PNEUMONIA,train
PNEUMONIA_1214.png,PNEUMONIA/PNEUMONIA_1214.png,PNEUMONIA,train
PNEUMONIA_1215.png,PNEUMONIA/PNEUMONIA_1215.png,PNEUMONIA,train
PNEUMONIA_1216.png,PNEUMONIA/PNEUMONIA_1216.png,PNEUMONIA,train
PNEUMONIA_1217.png,PNEUMONIA/PNEUMONIA_1217.png,PNEUMONIA,train
PNEUMONIA_1218.png,PNEUMONIA/PNEUMONIA_1218.png,PNEUMONIA,train
PNEUMONIA_1219.png,PNEUMONIA/PNEUMONIA_1219.png,PNEUMONIA,train
PNEUMONIA_122.png,PNEUMONIA/PNEUMONIA_122.png,PNEUMONIA,train
PNEUMONIA_1220.png,PNEUMONIA/PNEUMONIA_1220.png,PNEUMONIA,train
PNEUMONIA_1221.png,PNEUMONIA/PNEUMONIA_1221.png,PNEUMONIA,train
PNEUMONIA_1222.png,PNEUMONIA/PNEUMONIA_1222.png,PNEUMONIA,train
PNEUMONIA_1223.png,PNEUMONIA/PNEUMONIA_1223.png,PNEUMONIA,train
PNEUMONIA_1224.png,PNEUMONIA/PNEUMONIA_1224.png,PNEUMONIA,train
PNEUMONIA_1225.png,PNEUMONIA/PNEUMONIA_1225.png,PNEUMONIA,train
PNEUMONIA_1226.png,PNEUMONIA/PNEUMONIA_1226.png,PNEUMONIA,train
PNEUMONIA_1227.png,PNEUMONIA/PNEUMONIA_1227.png,PNEUMONIA,train
PNEUMONIA_1228.png,PNEUMONIA/PNEUMONIA_1228.png,PNEUMONIA,train
PNEUMONIA_1229.png,PNEUMONIA/PNEUMONIA_1229.png,PNEUMONIA,train
PNEUMONIA_123.png,PNEUMONIA/PNEUMONIA_123.png,PNEUMONIA,train
PNEUMONIA_1230.png,PNEUMONIA/PNEUMONIA_1230.png,PNEUMONIA,train
PNEUMONIA_1231.png,PNEUMONIA/PNEUMONIA_1231.png,PNEUMONIA,train
PNEUMONIA_1232.png,PNEUMONIA/PNEUMONIA_1232.png,PNEUMONIA,train
PNEUMONIA_1233.png,PNEUMONIA/PNEUMONIA_1233.png,PNEUMONIA,train
PNEUMONIA_1234.png,PNEUMONIA/PNEUMONIA_1234.png,PNEUMONIA,train
PNEUMONIA_1235.png,PNEUMONIA/PNEUMONIA_1235.png,PNEUMONIA,train
PNEUMONIA_1236.png,PNEUMONIA/PNEUMONIA_1236.png,PNEUMONIA,train
PNEUMONIA_1237.png,PNEUMONIA/PNEUMONIA_1237.png,PNEUMONIA,train
PNEUMONIA_1238.png,PNEUMONIA/PNEUMONIA_1238.png,PNEUMONIA,train
PNEUMONIA_1239.png,PNEUMONIA/PNEUMONIA_1239.png,PNEUMONIA,train
PNEUMONIA_124.png,PNEUMONIA/PNEUMONIA_124.png,PNEUMONIA,train
PNEUMONIA_1240.png,PNEUMONIA/PNEUMONIA_1240.png,PNEUMONIA,train
PNEUMONIA_1241.png,PNEUMONIA/PNEUMONIA_1241.png,PNEUMONIA,train
PNEUMONIA_1242.png,PNEUMONIA/PNEUMONIA_1242.png,PNEUMONIA,train
PNEUMONIA_1243.png,PNEUMONIA/PNEUMONIA_1243.png,PNEUMONIA,train
PNEUMONIA_1244.png,PNEUMONIA/PNEUMONIA_1244.png,PNEUMONIA,train
PNEUMONIA_1245.png,PNEUMONIA/PNEUMONIA_1245.png,PNEUMONIA,train
PNEUMONIA_1246.png,PNEUMONIA/PNEUMONIA_1246.png,PNEUMONIA,train
PNEUMONIA_1247.png,PNEUMONIA/PNEUMONIA_1247.png,PNEUMONIA,train
PNEUMONIA_1248.png,PNEUMONIA/PNEUMONIA_1248.png,PNEUMONIA,train
PNEUMONIA_1249.png,PNEUMONIA/PNEUMONIA_1249.png,PNEUMONIA,train
PNEUMONIA_125.png,PNEUMONIA/PNEUMONIA_125.png,PNEUMONIA,train
PNEUMONIA_1250.png,PNEUMONIA/PNEUMONIA_1250.png,PNEUMONIA,train
PNEUMONIA_1251.png,PNEUMONIA/PNEUMONIA_1251.png,PNEUMONIA,train
PNEUMONIA_1252.png,PNEUMONIA/PNEUMONIA_1252.png,PNEUMONIA,train
PNEUMONIA_1253.png,PNEUMONIA/PNEUMONIA_1253.png,PNEUMONIA,train
PNEUMONIA_1254.png,PNEUMONIA/PNEUMONIA_1254.png,PNEUMONIA,train
PNEUMONIA_1255.png,PNEUMONIA/PNEUMONIA_1255.png,PNEUMONIA,train
PNEUMONIA_1256.png,PNEUMONIA/PNEUMONIA_1256.png,PNEUMONIA,train
PNEUMONIA_1257.png,PNEUMONIA/PNEUMONIA_1257.png,PNEUMONIA,train
PNEUMONIA_1258.png,PNEUMONIA/PNEUMONIA_1258.png,PNEUMONIA,train
PNEUMONIA_1259.png,PNEUMONIA/PNEUMONIA_1259.png,PNEUMONIA,train
PNEUMONIA_126.png,PNEUMONIA/PNEUMONIA_126.png,PNEUMONIA,train
PNEUMONIA_1260.png,PNEUMONIA/PNEUMONIA_1260.png,PNEUMONIA,train
PNEUMONIA_1261.png,PNEUMONIA/PNEUMONIA_1261.png,PNEUMONIA,train
PNEUMONIA_1262.png,PNEUMONIA/PNEUMONIA_1262.png,PNEUMONIA,train
PNEUMONIA_1263.png,PNEUMONIA/PNEUMONIA_1263.png,PNEUMONIA,train
PNEUMONIA_1264.png,PNEUMONIA/PNEUMONIA_1264.png,PNEUMONIA,train
PNEUMONIA_1265.png,PNEUMONIA/PNEUMONIA_1265.png,PNEUMONIA,train
PNEUMONIA_1266.png,PNEUMONIA/PNEUMONIA_1266.png,PNEUMONIA,train
PNEUMONIA_1267.png,PNEUMONIA/PNEUMONIA_1267.png,PNEUMONIA,train
PNEUMONIA_1268.png,PNEUMONIA/PNEUMONIA_1268.png,PNEUMONIA,train
PNEUMONIA_1269.png,PNEUMONIA/PNEUMONIA_1269.png,PNEUMONIA,train
PNEUMONIA_127.png,PNEUMONIA/PNEUMONIA_127.png,PNEUMONIA,train
PNEUMONIA_1270.png,PNEUMONIA/PNEUMONIA_1270.png,PNEUMONIA,train
PNEUMONIA_1271.png,PNEUMONIA/PNEUMONIA_1271.png,PNEUMONIA,train
PNEUMONIA_1272.png,PNEUMONIA/PNEUMONIA_1272.png,PNEUMONIA,train
PNEUMONIA_1273.png,PNEUMONIA/PNEUMONIA_1273.png,PNEUMONIA,train
PNEUMONIA_1274.png,PNEUMONIA/PNEUMONIA_1274.png,PNEUMONIA,train
PNEUMONIA_1275.png,PNEUMONIA/PNEUMONIA_1275.png,PNEUMONIA,train
PNEUMONIA_1276.png,PNEUMONIA/PNEUMONIA_1276.png,PNEUMONIA,train
PNEUMONIA_1277.png,PNEUMONIA/PNEUMONIA_1277.png,PNEUMONIA,train
PNEUMONIA_1278.png,PNEUMONIA/PNEUMONIA_1278.png,PNEUMONIA,train
PNEUMONIA_1279.png,PNEUMONIA/PNEUMONIA_1279.png,PNEUMONIA,train
PNEUMONIA_128.png,PNEUMONIA/PNEUMONIA_128.png,PNEUMONIA,train
PNEUMONIA_1280.png,PNEUMONIA/PNEUMONIA_1280.png,PNEUMONIA,train
PNEUMONIA_1281.png,PNEUMONIA/PNEUMONIA_1281.png,PNEUMONIA,train
PNEUMONIA_1282.png,PNEUMONIA/PNEUMONIA_1282.png,PNEUMONIA,train
PNEUMONIA_1283.png,PNEUMONIA/PNEUMONIA_1283.png,PNEUMONIA,train
PNEUMONIA_1284.png,PNEUMONIA/PNEUMONIA_1284.png,PNEUMONIA,train
PNEUMONIA_1285.png,PNEUMONIA/PNEUMONIA_1285.png,PNEUMONIA,train
PNEUMONIA_1286.png,PNEUMONIA/PNEUMONIA_1286.png,PNEUMONIA,train
PNEUMONIA_1287.png,PNEUMONIA/PNEUMONIA_1287.png,PNEUMONIA,train
PNEUMONIA_1288.png,PNEUMONIA/PNEUMONIA_1288.png,PNEUMONIA,train
PNEUMONIA_1289.png,PNEUMONIA/PNEUMONIA_1289.png,PNEUMONIA,train
PNEUMONIA_129.png,PNEUMONIA/PNEUMONIA_129.png,PNEUMONIA,train
PNEUMONIA_1290.png,PNEUMONIA/PNEUMONIA_1290.png,PNEUMONIA,train
PNEUMONIA_1291.png,PNEUMONIA/PNEUMONIA_1291.png,PNEUMONIA,train
PNEUMONIA_1292.png,PNEUMONIA/PNEUMONIA_1292.png,PNEUMONIA,train
PNEUMONIA_1293.png,PNEUMONIA/PNEUMONIA_1293.png,PNEUMONIA,train
PNEUMONIA_1294.png,PNEUMONIA/PNEUMONIA_1294.png,PNEUMONIA,train
PNEUMONIA_1295.png,PNEUMONIA/PNEUMONIA_1295.png,PNEUMONIA,train
PNEUMONIA_1296.png,PNEUMONIA/PNEUMONIA_1296.png,PNEUMONIA,train
PNEUMONIA_1297.png,PNEUMONIA/PNEUMONIA_1297.png,PNEUMONIA,train
PNEUMONIA_1298.png,PNEUMONIA/PNEUMONIA_1298.png,PNEUMONIA,train
PNEUMONIA_1299.png,PNEUMONIA/PNEUMONIA_1299.png,PNEUMONIA,train
PNEUMONIA_13.png,PNEUMONIA/PNEUMONIA_13.png,PNEUMONIA,train
PNEUMONIA_130.png,PNEUMONIA/PNEUMONIA_130.png,PNEUMONIA,train
PNEUMONIA_1300.png,PNEUMONIA/PNEUMONIA_1300.png,PNEUMONIA,train
PNEUMONIA_1301.png,PNEUMONIA/PNEUMONIA_1301.png,PNEUMONIA,train
PNEUMONIA_1302.png,PNEUMONIA/PNEUMONIA_1302.png,PNEUMONIA,train
PNEUMONIA_1303.png,PNEUMONIA/PNEUMONIA_1303.png,PNEUMONIA,train
PNEUMONIA_1304.png,PNEUMONIA/PNEUMONIA_1304.png,PNEUMONIA,train
PNEUMONIA_1305.png,PNEUMONIA/PNEUMONIA_1305.png,PNEUMONIA,train
PNEUMONIA_1306.png,PNEUMONIA/PNEUMONIA_1306.png,PNEUMONIA,train
PNEUMONIA_1307.png,PNEUMONIA/PNEUMONIA_1307.png,PNEUMONIA,train
PNEUMONIA_1308.png,PNEUMONIA/PNEUMONIA_1308.png,PNEUMONIA,train
PNEUMONIA_1309.png,PNEUMONIA/PNEUMONIA_1309.png,PNEUMONIA,train
PNEUMONIA_131.png,PNEUMONIA/PNEUMONIA_131.png,PNEUMONIA,train
PNEUMONIA_1310.png,PNEUMONIA/PNEUMONIA_1310.png,PNEUMONIA,train
PNEUMONIA_1311.png,PNEUMONIA/PNEUMONIA_1311.png,PNEUMONIA,train
PNEUMONIA_1312.png,PNEUMONIA/PNEUMONIA_1312.png,PNEUMONIA,train
PNEUMONIA_1313.png,PNEUMONIA/PNEUMONIA_1313.png,PNEUMONIA,train
PNEUMONIA_1314.png,PNEUMONIA/PNEUMONIA_1314.png,PNEUMONIA,train
PNEUMONIA_1315.png,PNEUMONIA/PNEUMONIA_1315.png,PNEUMONIA,train
PNEUMONIA_1316.png,PNEUMONIA/PNEUMONIA_1316.png,PNEUMONIA,train
PNEUMONIA_1317.png,PNEUMONIA/PNEUMONIA_1317.png,PNEUMONIA,train
PNEUMONIA_1318.png,PNEUMONIA/PNEUMONIA_1318.png,PNEUMONIA,train
PNEUMONIA_1319.png,PNEUMONIA/PNEUMONIA_1319.png,PNEUMONIA,train
PNEUMONIA_132.png,PNEUMONIA/PNEUMONIA_132.png,PNEUMONIA,train
PNEUMONIA_1320.png,PNEUMONIA/PNEUMONIA_1320.png,PNEUMONIA,train
PNEUMONIA_1321.png,PNEUMONIA/PNEUMONIA_1321.png,PNEUMONIA,train
PNEUMONIA_1322.png,PNEUMONIA/PNEUMONIA_1322.png,PNEUMONIA,train
PNEUMONIA_1323.png,PNEUMONIA/PNEUMONIA_1323.png,PNEUMONIA,train
PNEUMONIA_1324.png,PNEUMONIA/PNEUMONIA_1324.png,PNEUMONIA,train
PNEUMONIA_1325.png,PNEUMONIA/PNEUMONIA_1325.png,PNEUMONIA,train
PNEUMONIA_1326.png,PNEUMONIA/PNEUMONIA_1326.png,PNEUMONIA,train
PNEUMONIA_1327.png,PNEUMONIA/PNEUMONIA_1327.png,PNEUMONIA,train
PNEUMONIA_1328.png,PNEUMONIA/PNEUMONIA_1328.png,PNEUMONIA,train
PNEUMONIA_1329.png,PNEUMONIA/PNEUMONIA_1329.png,PNEUMONIA,train
PNEUMONIA_133.png,PNEUMONIA/PNEUMONIA_133.png,PNEUMONIA,train
PNEUMONIA_1330.png,PNEUMONIA/PNEUMONIA_1330.png,PNEUMONIA,train
PNEUMONIA_1331.png,PNEUMONIA/PNEUMONIA_1331.png,PNEUMONIA,train
PNEUMONIA_1332.png,PNEUMONIA/PNEUMONIA_1332.png,PNEUMONIA,train
PNEUMONIA_1333.png,PNEUMONIA/PNEUMONIA_1333.png,PNEUMONIA,train
PNEUMONIA_1334.png,PNEUMONIA/PNEUMONIA_1334.png,PNEUMONIA,train
PNEUMONIA_1335.png,PNEUMONIA/PNEUMONIA_1335.png,PNEUMONIA,train
PNEUMONIA_1336.png,PNEUMONIA/PNEUMONIA_1336.png,PNEUMONIA,train
PNEUMONIA_1337.png,PNEUMONIA/PNEUMONIA_1337.png,PNEUMONIA,train
PNEUMONIA_1338.png,PNEUMONIA/PNEUMONIA_1338.png,PNEUMONIA,train
PNEUMONIA_1339.png,PNEUMONIA/PNEUMONIA_1339.png,PNEUMONIA,train
PNEUMONIA_134.png,PNEUMONIA/PNEUMONIA_134.png,PNEUMONIA,train
PNEUMONIA_1340.png,PNEUMONIA/PNEUMONIA_1340.png,PNEUMONIA,train
PNEUMONIA_1341.png,PNEUMONIA/PNEUMONIA_1341.png,PNEUMONIA,train
PNEUMONIA_1342.png,PNEUMONIA/PNEUMONIA_1342.png,PNEUMONIA,train
PNEUMONIA_1343.png,PNEUMONIA/PNEUMONIA_1343.png,PNEUMONIA,train
PNEUMONIA_1344.png,PNEUMONIA/PNEUMONIA_1344.png,PNEUMONIA,train
PNEUMONIA_1345.png,PNEUMONIA/PNEUMONIA_1345.png,PNEUMONIA,train
PNEUMONIA_1346.png,PNEUMONIA/PNEUMONIA_1346.png,PNEUMONIA,train
PNEUMONIA_1347.png,PNEUMONIA/PNEUMONIA_1347.png,PNEUMONIA,train
PNEUMONIA_1348.png,PNEUMONIA/PNEUMONIA_1348.png,PNEUMONIA,train
PNEUMONIA_1349.png,PNEUMONIA/PNEUMONIA_1349.png,PNEUMONIA,train
PNEUMONIA_135.png,PNEUMONIA/PNEUMONIA_135.png,PNEUMONIA,train
PNEUMONIA_1350.png,PNEUMONIA/PNEUMONIA_1350.png,PNEUMONIA,train
PNEUMONIA_1351.png,PNEUMONIA/PNEUMONIA_1351.png,PNEUMONIA,train
PNEUMONIA_1352.png,PNEUMONIA/PNEUMONIA_1352.png,PNEUMONIA,train
PNEUMONIA_1353.png,PNEUMONIA/PNEUMONIA_1353.png,PNEUMONIA,train
PNEUMONIA_1354.png,PNEUMONIA/PNEUMONIA_1354.png,PNEUMONIA,train
PNEUMONIA_1355.png,PNEUMONIA/PNEUMONIA_1355.png,PNEUMONIA,train
PNEUMONIA_1356.png,PNEUMONIA/PNEUMONIA_1356.png,PNEUMONIA,train
PNEUMONIA_1357.png,PNEUMONIA/PNEUMONIA_1357.png,PNEUMONIA,train
PNEUMONIA_1358.png,PNEUMONIA/PNEUMONIA_1358.png,PNEUMONIA,train
PNEUMONIA_1359.png,PNEUMONIA/PNEUMONIA_1359.png,PNEUMONIA,train
PNEUMONIA_136.png,PNEUMONIA/PNEUMONIA_136.png,PNEUMONIA,train
PNEUMONIA_1360.png,PNEUMONIA/PNEUMONIA_1360.png,PNEUMONIA,train
PNEUMONIA_1361.png,PNEUMONIA/PNEUMONIA_1361.png,PNEUMONIA,train
PNEUMONIA_1362.png,PNEUMONIA/PNEUMONIA_1362.png,PNEUMONIA,train
PNEUMONIA_1363.png,PNEUMONIA/PNEUMONIA_1363.png,PNEUMONIA,train
PNEUMONIA_1364.png,PNEUMONIA/PNEUMONIA_1364.png,PNEUMONIA,train
PNEUMONIA_1365.png,PNEUMONIA/PNEUMONIA_1365.png,PNEUMONIA,train
PNEUMONIA_1366.png,PNEUMONIA/PNEUMONIA_1366.png,PNEUMONIA,train
PNEUMONIA_1367.png,PNEUMONIA/PNEUMONIA_1367.png,PNEUMONIA,train
PNEUMONIA_1368.png,PNEUMONIA/PNEUMONIA_1368.png,PNEUMONIA,train
PNEUMONIA_1369.png,PNEUMONIA/PNEUMONIA_1369.png,PNEUMONIA,train
PNEUMONIA_137.png,PNEUMONIA/PNEUMONIA_137.png,PNEUMONIA,train
PNEUMONIA_1370.png,PNEUMONIA/PNEUMONIA_1370.png,PNEUMONIA,train
PNEUMONIA_1371.png,PNEUMONIA/PNEUMONIA_1371.png,PNEUMONIA,train
PNEUMONIA_1372.png,PNEUMONIA/PNEUMONIA_1372.png,PNEUMONIA,train
PNEUMONIA_1373.png,PNEUMONIA/PNEUMONIA_1373.png,PNEUMONIA,train
PNEUMONIA_1374.png,PNEUMONIA/PNEUMONIA_1374.png,PNEUMONIA,train
PNEUMONIA_1375.png,PNEUMONIA/PNEUMONIA_1375.png,PNEUMONIA,train
PNEUMONIA_1376.png,PNEUMONIA/PNEUMONIA_1376.png,PNEUMONIA,train
PNEUMONIA_1377.png,PNEUMONIA/PNEUMONIA_1377.png,PNEUMONIA,train
PNEUMONIA_1378.png,PNEUMONIA/PNEUMONIA_1378.png,PNEUMONIA,train
PNEUMONIA_1379.png,PNEUMONIA/PNEUMONIA_1379.png,PNEUMONIA,train
PNEUMONIA_138.png,PNEUMONIA/PNEUMONIA_138.png,PNEUMONIA,train
PNEUMONIA_1380.png,PNEUMONIA/PNEUMONIA_1380.png,PNEUMONIA,train
PNEUMONIA_1381.png,PNEUMONIA/PNEUMONIA_1381.png,PNEUMONIA,train
PNEUMONIA_1382.png,PNEUMONIA/PNEUMONIA_1382.png,PNEUMONIA,train
PNEUMONIA_1383.png,PNEUMONIA/PNEUMONIA_1383.png,PNEUMONIA,train
PNEUMONIA_1384.png,PNEUMONIA/PNEUMONIA_1384.png,PNEUMONIA,train
PNEUMONIA_1385.png,PNEUMONIA/PNEUMONIA_1385.png,PNEUMONIA,train
PNEUMONIA_1386.png,PNEUMONIA/PNEUMONIA_1386.png,PNEUMONIA,train
PNEUMONIA_1387.png,PNEUMONIA/PNEUMONIA_1387.png,PNEUMONIA,train
PNEUMONIA_1388.png,PNEUMONIA/PNEUMONIA_1388.png,PNEUMONIA,train
PNEUMONIA_1389.png,PNEUMONIA/PNEUMONIA_1389.png,PNEUMONIA,train
PNEUMONIA_139.png,PNEUMONIA/PNEUMONIA_139.png,PNEUMONIA,train
PNEUMONIA_1390.png,PNEUMONIA/PNEUMONIA_1390.png,PNEUMONIA,train
PNEUMONIA_1391.png,PNEUMONIA/PNEUMONIA_1391.png,PNEUMONIA,train
PNEUMONIA_1392.png,PNEUMONIA/PNEUMONIA_1392.png,PNEUMONIA,train
PNEUMONIA_1393.png,PNEUMONIA/PNEUMONIA_1393.png,PNEUMONIA,train
PNEUMONIA_1394.png,PNEUMONIA/PNEUMONIA_1394.png,PNEUMONIA,train
PNEUMONIA_1395.png,PNEUMONIA/PNEUMONIA_1395.png,PNEUMONIA,train
PNEUMONIA_1396.png,PNEUMONIA/PNEUMONIA_1396.png,PNEUMONIA,train
PNEUMONIA_1397.png,PNEUMONIA/PNEUMONIA_1397.png,PNEUMONIA,train
PNEUMONIA_1398.png,PNEUMONIA/PNEUMONIA_1398.png,PNEUMONIA,train
PNEUMONIA_1399.png,PNEUMONIA/PNEUMONIA_1399.png,PNEUMONIA,train
PNEUMONIA_14.png,PNEUMONIA/PNEUMONIA_14.png,PNEUMONIA,train
PNEUMONIA_140.png,PNEUMONIA/PNEUMONIA_140.png,PNEUMONIA,train
PNEUMONIA_1400.png,PNEUMONIA/PNEUMONIA_1400.png,PNEUMONIA,train
PNEUMONIA_1401.png,PNEUMONIA/PNEUMONIA_1401.png,PNEUMONIA,train
PNEUMONIA_1402.png,PNEUMONIA/PNEUMONIA_1402.png,PNEUMONIA,train
PNEUMONIA_1403.png,PNEUMONIA/PNEUMONIA_1403.png,PNEUMONIA,train
PNEUMONIA_1404.png,PNEUMONIA/PNEUMONIA_1404.png,PNEUMONIA,train
PNEUMONIA_1405.png,PNEUMONIA/PNEUMONIA_1405.png,PNEUMONIA,train
PNEUMONIA_1406.png,PNEUMONIA/PNEUMONIA_1406.png,PNEUMONIA,train
PNEUMONIA_1407.png,PNEUMONIA/PNEUMONIA_1407.png,PNEUMONIA,train
PNEUMONIA_1408.png,PNEUMONIA/PNEUMONIA_1408.png,PNEUMONIA,train
PNEUMONIA_1409.png,PNEUMONIA/PNEUMONIA_1409.png,PNEUMONIA,train
PNEUMONIA_141.png,PNEUMONIA/PNEUMONIA_141.png,PNEUMONIA,train
PNEUMONIA_1410.png,PNEUMONIA/PNEUMONIA_1410.png,PNEUMONIA,train
PNEUMONIA_1411.png,PNEUMONIA/PNEUMONIA_1411.png,PNEUMONIA,train
PNEUMONIA_1412.png,PNEUMONIA/PNEUMONIA_1412.png,PNEUMONIA,train
PNEUMONIA_1413.png,PNEUMONIA/PNEUMONIA_1413.png,PNEUMONIA,train
PNEUMONIA_1414.png,PNEUMONIA/PNEUMONIA_1414.png,PNEUMONIA,train
PNEUMONIA_1415.png,PNEUMONIA/PNEUMONIA_1415.png,PNEUMONIA,train
PNEUMONIA_1416.png,PNEUMONIA/PNEUMONIA_1416.png,PNEUMONIA,train
PNEUMONIA_1417.png,PNEUMONIA/PNEUMONIA_1417.png,PNEUMONIA,train
PNEUMONIA_1418.png,PNEUMONIA/PNEUMONIA_1418.png,PNEUMONIA,train
PNEUMONIA_1419.png,PNEUMONIA/PNEUMONIA_1419.png,PNEUMONIA,train
PNEUMONIA_142.png,PNEUMONIA/PNEUMONIA_142.png,PNEUMONIA,train
PNEUMONIA_1420.png,PNEUMONIA/PNEUMONIA_1420.png,PNEUMONIA,train
PNEUMONIA_1421.png,PNEUMONIA/PNEUMONIA_1421.png,PNEUMONIA,train
PNEUMONIA_1422.png,PNEUMONIA/PNEUMONIA_1422.png,PNEUMONIA,train
PNEUMONIA_1423.png,PNEUMONIA/PNEUMONIA_1423.png,PNEUMONIA,train
PNEUMONIA_1424.png,PNEUMONIA/PNEUMONIA_1424.png,PNEUMONIA,train
PNEUMONIA_1425.png,PNEUMONIA/PNEUMONIA_1425.png,PNEUMONIA,train
PNEUMONIA_1426.png,PNEUMONIA/PNEUMONIA_1426.png,PNEUMONIA,train
PNEUMONIA_1427.png,PNEUMONIA/PNEUMONIA_1427.png,PNEUMONIA,train
PNEUMONIA_1428.png,PNEUMONIA/PNEUMONIA_1428.png,PNEUMONIA,train
PNEUMONIA_1429.png,PNEUMONIA/PNEUMONIA_1429.png,PNEUMONIA,train
PNEUMONIA_143.png,PNEUMONIA/PNEUMONIA_143.png,PNEUMONIA,train
PNEUMONIA_1430.png,PNEUMONIA/PNEUMONIA_1430.png,PNEUMONIA,train
PNEUMONIA_1431.png,PNEUMONIA/PNEUMONIA_1431.png,PNEUMONIA,train
PNEUMONIA_1432.png,PNEUMONIA/PNEUMONIA_1432.png,PNEUMONIA,train
PNEUMONIA_1433.png,PNEUMONIA/PNEUMONIA_1433.png,PNEUMONIA,train
PNEUMONIA_1434.png,PNEUMONIA/PNEUMONIA_1434.png,PNEUMONIA,train
PNEUMONIA_1435.png,PNEUMONIA/PNEUMONIA_1435.png,PNEUMONIA,train
PNEUMONIA_1436.png,PNEUMONIA/PNEUMONIA_1436.png,PNEUMONIA,train
PNEUMONIA_1437.png,PNEUMONIA/PNEUMONIA_1437.png,PNEUMONIA,train
PNEUMONIA_1438.png,PNEUMONIA/PNEUMONIA_1438.png,PNEUMONIA,train
PNEUMONIA_1439.png,PNEUMONIA/PNEUMONIA_1439.png,PNEUMONIA,train
PNEUMONIA_144.png,PNEUMONIA/PNEUMONIA_144.png,PNEUMONIA,train
PNEUMONIA_1440.png,PNEUMONIA/PNEUMONIA_1440.png,PNEUMONIA,train
PNEUMONIA_1441.png,PNEUMONIA/PNEUMONIA_1441.png,PNEUMONIA,train
PNEUMONIA_1442.png,PNEUMONIA/PNEUMONIA_1442.png,PNEUMONIA,train
PNEUMONIA_1443.png,PNEUMONIA/PNEUMONIA_1443.png,PNEUMONIA,train
PNEUMONIA_1444.png,PNEUMONIA/PNEUMONIA_1444.png,PNEUMONIA,train
PNEUMONIA_1445.png,PNEUMONIA/PNEUMONIA_1445.png,PNEUMONIA,train
PNEUMONIA_1446.png,PNEUMONIA/PNEUMONIA_1446.png,PNEUMONIA,train
PNEUMONIA_1447.png,PNEUMONIA/PNEUMONIA_1447.png,PNEUMONIA,train
PNEUMONIA_1448.png,PNEUMONIA/PNEUMONIA_1448.png,PNEUMONIA,train
PNEUMONIA_1449.png,PNEUMONIA/PNEUMONIA_1449.png,PNEUMONIA,train
PNEUMONIA_145.png,PNEUMONIA/PNEUMONIA_145.png,PNEUMONIA,train
PNEUMONIA_1450.png,PNEUMONIA/PNEUMONIA_1450.png,PNEUMONIA,train
PNEUMONIA_1451.png,PNEUMONIA/PNEUMONIA_1451.png,PNEUMONIA,train
PNEUMONIA_1452.png,PNEUMONIA/PNEUMONIA_1452.png,PNEUMONIA,train
PNEUMONIA_1453.png,PNEUMONIA/PNEUMONIA_1453.png,PNEUMONIA,train
PNEUMONIA_1454.png,PNEUMONIA/PNEUMONIA_1454.png,PNEUMONIA,train
PNEUMONIA_1455.png,PNEUMONIA/PNEUMONIA_1455.png,PNEUMONIA,train
PNEUMONIA_1456.png,PNEUMONIA/PNEUMONIA_1456.png,PNEUMONIA,train
PNEUMONIA_1457.png,PNEUMONIA/PNEUMONIA_1457.png,PNEUMONIA,train
PNEUMONIA_1458.png,PNEUMONIA/PNEUMONIA_1458.png,PNEUMONIA,train
PNEUMONIA_1459.png,PNEUMONIA/PNEUMONIA_1459.png,PNEUMONIA,train
PNEUMONIA_146.png,PNEUMONIA/PNEUMONIA_146.png,PNEUMONIA,train
PNEUMONIA_1460.png,PNEUMONIA/PNEUMONIA_1460.png,PNEUMONIA,train
PNEUMONIA_1461.png,PNEUMONIA/PNEUMONIA_1461.png,PNEUMONIA,train
PNEUMONIA_1462.png,PNEUMONIA/PNEUMONIA_1462.png,PNEUMONIA,train
PNEUMONIA_1463.png,PNEUMONIA/PNEUMONIA_1463.png,PNEUMONIA,train
PNEUMONIA_1464.png,PNEUMONIA/PNEUMONIA_1464.png,PNEUMONIA,train
PNEUMONIA_1465.png,PNEUMONIA/PNEUMONIA_1465.png,PNEUMONIA,train
PNEUMONIA_1466.png,PNEUMONIA/PNEUMONIA_1466.png,PNEUMONIA,train
PNEUMONIA_1467.png,PNEUMONIA/PNEUMONIA_1467.png,PNEUMONIA,train
PNEUMONIA_1468.png,PNEUMONIA/PNEUMONIA_1468.png,PNEUMONIA,train
PNEUMONIA_1469.png,PNEUMONIA/PNEUMONIA_1469.png,PNEUMONIA,train
PNEUMONIA_147.png,PNEUMONIA/PNEUMONIA_147.png,PNEUMONIA,train
PNEUMONIA_1470.png,PNEUMONIA/PNEUMONIA_1470.png,PNEUMONIA,train
PNEUMONIA_1471.png,PNEUMONIA/PNEUMONIA_1471.png,PNEUMONIA,train
PNEUMONIA_1472.png,PNEUMONIA/PNEUMONIA_1472.png,PNEUMONIA,train
PNEUMONIA_1473.png,PNEUMONIA/PNEUMONIA_1473.png,PNEUMONIA,train
PNEUMONIA_1474.png,PNEUMONIA/PNEUMONIA_1474.png,PNEUMONIA,train
PNEUMONIA_1475.png,PNEUMONIA/PNEUMONIA_1475.png,PNEUMONIA,train
PNEUMONIA_1476.png,PNEUMONIA/PNEUMONIA_1476.png,PNEUMONIA,train
PNEUMONIA_1477.png,PNEUMONIA/PNEUMONIA_1477.png,PNEUMONIA,train
PNEUMONIA_1478.png,PNEUMONIA/PNEUMONIA_1478.png,PNEUMONIA,train
PNEUMONIA_1479.png,PNEUMONIA/PNEUMONIA_1479.png,PNEUMONIA,train
PNEUMONIA_148.png,PNEUMONIA/PNEUMONIA_148.png,PNEUMONIA,train
PNEUMONIA_1480.png,PNEUMONIA/PNEUMONIA_1480.png,PNEUMONIA,train
PNEUMONIA_1481.png,PNEUMONIA/PNEUMONIA_1481.png,PNEUMONIA,train
PNEUMONIA_1482.png,PNEUMONIA/PNEUMONIA_1482.png,PNEUMONIA,train
PNEUMONIA_1483.png,PNEUMONIA/PNEUMONIA_1483.png,PNEUMONIA,train
PNEUMONIA_1484.png,PNEUMONIA/PNEUMONIA_1484.png,PNEUMONIA,train
PNEUMONIA_1485.png,PNEUMONIA/PNEUMONIA_1485.png,PNEUMONIA,train
PNEUMONIA_1486.png,PNEUMONIA/PNEUMONIA_1486.png,PNEUMONIA,train
PNEUMONIA_1487.png,PNEUMONIA/PNEUMONIA_1487.png,PNEUMONIA,train
PNEUMONIA_1488.png,PNEUMONIA/PNEUMONIA_1488.png,PNEUMONIA,train
PNEUMONIA_1489.png,PNEUMONIA/PNEUMONIA_1489.png,PNEUMONIA,train
PNEUMONIA_149.png,PNEUMONIA/PNEUMONIA_149.png,PNEUMONIA,train
PNEUMONIA_1490.png,PNEUMONIA/PNEUMONIA_1490.png,PNEUMONIA,train
PNEUMONIA_1491.png,PNEUMONIA/PNEUMONIA_1491.png,PNEUMONIA,train
PNEUMONIA_1492.png,PNEUMONIA/PNEUMONIA_1492.png,PNEUMONIA,train
PNEUMONIA_1493.png,PNEUMONIA/PNEUMONIA_1493.png,PNEUMONIA,train
PNEUMONIA_1494.png,PNEUMONIA/PNEUMONIA_1494.png,PNEUMONIA,train
PNEUMONIA_1495.png,PNEUMONIA/PNEUMONIA_1495.png,PNEUMONIA,train
PNEUMONIA_1496.png,PNEUMONIA/PNEUMONIA_1496.png,PNEUMONIA,train
PNEUMONIA_1497.png,PNEUMONIA/PNEUMONIA_1497.png,PNEUMONIA,train
PNEUMONIA_1498.png,PNEUMONIA/PNEUMONIA_1498.png,PNEUMONIA,train
PNEUMONIA_1499.png,PNEUMONIA/PNEUMONIA_1499.png,PNEUMONIA,train
PNEUMONIA_15.png,PNEUMONIA/PNEUMONIA_15.png,PNEUMONIA,train
PNEUMONIA_150.png,PNEUMONIA/PNEUMONIA_150.png,PNEUMONIA,train
PNEUMONIA_1500.png,PNEUMONIA/PNEUMONIA_1500.png,PNEUMONIA,train
PNEUMONIA_1501.png,PNEUMONIA/PNEUMONIA_1501.png,PNEUMONIA,train
PNEUMONIA_1502.png,PNEUMONIA/PNEUMONIA_1502.png,PNEUMONIA,train
PNEUMONIA_1503.png,PNEUMONIA/PNEUMONIA_1503.png,PNEUMONIA,train
PNEUMONIA_1504.png,PNEUMONIA/PNEUMONIA_1504.png,PNEUMONIA,train
PNEUMONIA_1505.png,PNEUMONIA/PNEUMONIA_1505.png,PNEUMONIA,train
PNEUMONIA_1506.png,PNEUMONIA/PNEUMONIA_1506.png,PNEUMONIA,train
PNEUMONIA_1507.png,PNEUMONIA/PNEUMONIA_1507.png,PNEUMONIA,train
PNEUMONIA_1508.png,PNEUMONIA/PNEUMONIA_1508.png,PNEUMONIA,train
PNEUMONIA_1509.png,PNEUMONIA/PNEUMONIA_1509.png,PNEUMONIA,train
PNEUMONIA_151.png,PNEUMONIA/PNEUMONIA_151.png,PNEUMONIA,train
PNEUMONIA_1510.png,PNEUMONIA/PNEUMONIA_1510.png,PNEUMONIA,train
PNEUMONIA_1511.png,PNEUMONIA/PNEUMONIA_1511.png,PNEUMONIA,train
PNEUMONIA_1512.png,PNEUMONIA/PNEUMONIA_1512.png,PNEUMONIA,train
PNEUMONIA_1513.png,PNEUMONIA/PNEUMONIA_1513.png,PNEUMONIA,train
PNEUMONIA_1514.png,PNEUMONIA/PNEUMONIA_1514.png,PNEUMONIA,train
PNEUMONIA_1515.png,PNEUMONIA/PNEUMONIA_1515.png,PNEUMONIA,train
PNEUMONIA_1516.png,PNEUMONIA/PNEUMONIA_1516.png,PNEUMONIA,train
PNEUMONIA_1517.png,PNEUMONIA/PNEUMONIA_1517.png,PNEUMONIA,train
PNEUMONIA_1518.png,PNEUMONIA/PNEUMONIA_1518.png,PNEUMONIA,train
PNEUMONIA_1519.png,PNEUMONIA/PNEUMONIA_1519.png,PNEUMONIA,train
PNEUMONIA_152.png,PNEUMONIA/PNEUMONIA_152.png,PNEUMONIA,train
PNEUMONIA_1520.png,PNEUMONIA/PNEUMONIA_1520.png,PNEUMONIA,train
PNEUMONIA_1521.png,PNEUMONIA/PNEUMONIA_1521.png,PNEUMONIA,train
PNEUMONIA_1522.png,PNEUMONIA/PNEUMONIA_1522.png,PNEUMONIA,train
PNEUMONIA_1523.png,PNEUMONIA/PNEUMONIA_1523.png,PNEUMONIA,train
PNEUMONIA_1524.png,PNEUMONIA/PNEUMONIA_1524.png,PNEUMONIA,train
PNEUMONIA_1525.png,PNEUMONIA/PNEUMONIA_1525.png,PNEUMONIA,train
PNEUMONIA_1526.png,PNEUMONIA/PNEUMONIA_1526.png,PNEUMONIA,train
PNEUMONIA_1527.png,PNEUMONIA/PNEUMONIA_1527.png,PNEUMONIA,train
PNEUMONIA_1528.png,PNEUMONIA/PNEUMONIA_1528.png,PNEUMONIA,train
PNEUMONIA_1529.png,PNEUMONIA/PNEUMONIA_1529.png,PNEUMONIA,train
PNEUMONIA_153.png,PNEUMONIA/PNEUMONIA_153.png,PNEUMONIA,train
PNEUMONIA_1530.png,PNEUMONIA/PNEUMONIA_1530.png,PNEUMONIA,train
PNEUMONIA_1531.png,PNEUMONIA/PNEUMONIA_1531.png,PNEUMONIA,train
PNEUMONIA_1532.png,PNEUMONIA/PNEUMONIA_1532.png,PNEUMONIA,train
PNEUMONIA_1533.png,PNEUMONIA/PNEUMONIA_1533.png,PNEUMONIA,train
PNEUMONIA_1534.png,PNEUMONIA/PNEUMONIA_1534.png,PNEUMONIA,train
PNEUMONIA_1535.png,PNEUMONIA/PNEUMONIA_1535.png,PNEUMONIA,train
PNEUMONIA_1536.png,PNEUMONIA/PNEUMONIA_1536.png,PNEUMONIA,train
PNEUMONIA_1537.png,PNEUMONIA/PNEUMONIA_1537.png,PNEUMONIA,train
PNEUMONIA_1538.png,PNEUMONIA/PNEUMONIA_1538.png,PNEUMONIA,train
PNEUMONIA_1539.png,PNEUMONIA/PNEUMONIA_1539.png,PNEUMONIA,train
PNEUMONIA_154.png,PNEUMONIA/PNEUMONIA_154.png,PNEUMONIA,train
PNEUMONIA_1540.png,PNEUMONIA/PNEUMONIA_1540.png,PNEUMONIA,train
PNEUMONIA_1541.png,PNEUMONIA/PNEUMONIA_1541.png,PNEUMONIA,train
PNEUMONIA_1542.png,PNEUMONIA/PNEUMONIA_1542.png,PNEUMONIA,train
PNEUMONIA_1543.png,PNEUMONIA/PNEUMONIA_1543.png,PNEUMONIA,train
PNEUMONIA_1544.png,PNEUMONIA/PNEUMONIA_1544.png,PNEUMONIA,train
PNEUMONIA_1545.png,PNEUMONIA/PNEUMONIA_1545.png,PNEUMONIA,train
PNEUMONIA_1546.png,PNEUMONIA/PNEUMONIA_1546.png,PNEUMONIA,train
PNEUMONIA_1547.png,PNEUMONIA/PNEUMONIA_1547.png,PNEUMONIA,train
PNEUMONIA_1548.png,PNEUMONIA/PNEUMONIA_1548.png,PNEUMONIA,train
PNEUMONIA_1549.png,PNEUMONIA/PNEUMONIA_1549.png,PNEUMONIA,train
PNEUMONIA_155.png,PNEUMONIA/PNEUMONIA_155.png,PNEUMONIA,train
PNEUMONIA_1550.png,PNEUMONIA/PNEUMONIA_1550.png,PNEUMONIA,train
PNEUMONIA_1551.png,PNEUMONIA/PNEUMONIA_1551.png,PNEUMONIA,train
PNEUMONIA_1552.png,PNEUMONIA/PNEUMONIA_1552.png,PNEUMONIA,train
PNEUMONIA_1553.png,PNEUMONIA/PNEUMONIA_1553.png,PNEUMONIA,train
PNEUMONIA_1554.png,PNEUMONIA/PNEUMONIA_1554.png,PNEUMONIA,train
PNEUMONIA_1555.png,PNEUMONIA/PNEUMONIA_1555.png,PNEUMONIA,train
PNEUMONIA_1556.png,PNEUMONIA/PNEUMONIA_1556.png,PNEUMONIA,train
PNEUMONIA_1557.png,PNEUMONIA/PNEUMONIA_1557.png,PNEUMONIA,train
PNEUMONIA_1558.png,PNEUMONIA/PNEUMONIA_1558.png,PNEUMONIA,train
PNEUMONIA_1559.png,PNEUMONIA/PNEUMONIA_1559.png,PNEUMONIA,train
PNEUMONIA_156.png,PNEUMONIA/PNEUMONIA_156.png,PNEUMONIA,train
PNEUMONIA_1560.png,PNEUMONIA/PNEUMONIA_1560.png,PNEUMONIA,train
PNEUMONIA_1561.png,PNEUMONIA/PNEUMONIA_1561.png,PNEUMONIA,train
PNEUMONIA_1562.png,PNEUMONIA/PNEUMONIA_1562.png,PNEUMONIA,train
PNEUMONIA_1563.png,PNEUMONIA/PNEUMONIA_1563.png,PNEUMONIA,train
PNEUMONIA_1564.png,PNEUMONIA/PNEUMONIA_1564.png,PNEUMONIA,train
PNEUMONIA_1565.png,PNEUMONIA/PNEUMONIA_1565.png,PNEUMONIA,train
PNEUMONIA_1566.png,PNEUMONIA/PNEUMONIA_1566.png,PNEUMONIA,train
PNEUMONIA_1567.png,PNEUMONIA/PNEUMONIA_1567.png,PNEUMONIA,train
PNEUMONIA_1568.png,PNEUMONIA/PNEUMONIA_1568.png,PNEUMONIA,train
PNEUMONIA_1569.png,PNEUMONIA/PNEUMONIA_1569.png,PNEUMONIA,train
PNEUMONIA_157.png,PNEUMONIA/PNEUMONIA_157.png,PNEUMONIA,train
PNEUMONIA_1570.png,PNEUMONIA/PNEUMONIA_1570.png,PNEUMONIA,train
PNEUMONIA_1571.png,PNEUMONIA/PNEUMONIA_1571.png,PNEUMONIA,train
PNEUMONIA_1572.png,PNEUMONIA/PNEUMONIA_1572.png,PNEUMONIA,train
PNEUMONIA_1573.png,PNEUMONIA/PNEUMONIA_1573.png,PNEUMONIA,train
PNEUMONIA_1574.png,PNEUMONIA/PNEUMONIA_1574.png,PNEUMONIA,train
PNEUMONIA_1575.png,PNEUMONIA/PNEUMONIA_1575.png,PNEUMONIA,train
PNEUMONIA_1576.png,PNEUMONIA/PNEUMONIA_1576.png,PNEUMONIA,train
PNEUMONIA_1577.png,PNEUMONIA/PNEUMONIA_1577.png,PNEUMONIA,train
PNEUMONIA_1578.png,PNEUMONIA/PNEUMONIA_1578.png,PNEUMONIA,train
PNEUMONIA_1579.png,PNEUMONIA/PNEUMONIA_1579.png,PNEUMONIA,train
PNEUMONIA_158.png,PNEUMONIA/PNEUMONIA_158.png,PNEUMONIA,train
PNEUMONIA_1580.png,PNEUMONIA/PNEUMONIA_1580.png,PNEUMONIA,train
PNEUMONIA_1581.png,PNEUMONIA/PNEUMONIA_1581.png,PNEUMONIA,train
PNEUMONIA_1582.png,PNEUMONIA/PNEUMONIA_1582.png,PNEUMONIA,train
PNEUMONIA_1583.png,PNEUMONIA/PNEUMONIA_1583.png,PNEUMONIA,train
PNEUMONIA_1584.png,PNEUMONIA/PNEUMONIA_1584.png,PNEUMONIA,train
PNEUMONIA_1585.png,PNEUMONIA/PNEUMONIA_1585.png,PNEUMONIA,train
PNEUMONIA_1586.png,PNEUMONIA/PNEUMONIA_1586.png,PNEUMONIA,train
PNEUMONIA_1587.png,PNEUMONIA/PNEUMONIA_1587.png,PNEUMONIA,train
PNEUMONIA_1588.png,PNEUMONIA/PNEUMONIA_1588.png,PNEUMONIA,train
PNEUMONIA_1589.png,PNEUMONIA/PNEUMONIA_1589.png,PNEUMONIA,train
PNEUMONIA_159.png,PNEUMONIA/PNEUMONIA_159.png,PNEUMONIA,train
PNEUMONIA_1590.png,PNEUMONIA/PNEUMONIA_1590.png,PNEUMONIA,train
PNEUMONIA_1591.png,PNEUMONIA/PNEUMONIA_1591.png,PNEUMONIA,train
PNEUMONIA_1592.png,PNEUMONIA/PNEUMONIA_1592.png,PNEUMONIA,train
PNEUMONIA_1593.png,PNEUMONIA/PNEUMONIA_1593.png,PNEUMONIA,train
PNEUMONIA_1594.png,PNEUMONIA/PNEUMONIA_1594.png,PNEUMONIA,train
PNEUMONIA_1595.png,PNEUMONIA/PNEUMONIA_1595.png,PNEUMONIA,train
PNEUMONIA_1596.png,PNEUMONIA/PNEUMONIA_1596.png,PNEUMONIA,train
PNEUMONIA_1597.png,PNEUMONIA/PNEUMONIA_1597.png,PNEUMONIA,train
PNEUMONIA_1598.png,PNEUMONIA/PNEUMONIA_1598.png,PNEUMONIA,train
PNEUMONIA_1599.png,PNEUMONIA/PNEUMONIA_1599.png,PNEUMONIA,train
PNEUMONIA_16.png,PNEUMONIA/PNEUMONIA_16.png,PNEUMONIA,train
PNEUMONIA_160.png,PNEUMONIA/PNEUMONIA_160.png,PNEUMONIA,train
PNEUMONIA_1600.png,PNEUMONIA/PNEUMONIA_1600.png,PNEUMONIA,train
PNEUMONIA_1601.png,PNEUMONIA/PNEUMONIA_1601.png,PNEUMONIA,train
PNEUMONIA_1602.png,PNEUMONIA/PNEUMONIA_1602.png,PNEUMONIA,train
PNEUMONIA_1603.png,PNEUMONIA/PNEUMONIA_1603.png,PNEUMONIA,train
PNEUMONIA_1604.png,PNEUMONIA/PNEUMONIA_1604.png,PNEUMONIA,train
PNEUMONIA_1605.png,PNEUMONIA/PNEUMONIA_1605.png,PNEUMONIA,train
PNEUMONIA_1606.png,PNEUMONIA/PNEUMONIA_1606.png,PNEUMONIA,train
PNEUMONIA_1607.png,PNEUMONIA/PNEUMONIA_1607.png,PNEUMONIA,train
PNEUMONIA_1608.png,PNEUMONIA/PNEUMONIA_1608.png,PNEUMONIA,train
PNEUMONIA_1609.png,PNEUMONIA/PNEUMONIA_1609.png,PNEUMONIA,train
PNEUMONIA_161.png,PNEUMONIA/PNEUMONIA_161.png,PNEUMONIA,train
PNEUMONIA_1610.png,PNEUMONIA/PNEUMONIA_1610.png,PNEUMONIA,train
PNEUMONIA_1611.png,PNEUMONIA/PNEUMONIA_1611.png,PNEUMONIA,train
PNEUMONIA_1612.png,PNEUMONIA/PNEUMONIA_1612.png,PNEUMONIA,train
PNEUMONIA_1613.png,PNEUMONIA/PNEUMONIA_1613.png,PNEUMONIA,train
PNEUMONIA_1614.png,PNEUMONIA/PNEUMONIA_1614.png,PNEUMONIA,train
PNEUMONIA_1615.png,PNEUMONIA/PNEUMONIA_1615.png,PNEUMONIA,train
PNEUMONIA_1616.png,PNEUMONIA/PNEUMONIA_1616.png,PNEUMONIA,train
PNEUMONIA_1617.png,PNEUMONIA/PNEUMONIA_1617.png,PNEUMONIA,train
PNEUMONIA_1618.png,PNEUMONIA/PNEUMONIA_1618.png,PNEUMONIA,train
PNEUMONIA_1619.png,PNEUMONIA/PNEUMONIA_1619.png,PNEUMONIA,train
PNEUMONIA_162.png,PNEUMONIA/PNEUMONIA_162.png,PNEUMONIA,train
PNEUMONIA_1620.png,PNEUMONIA/PNEUMONIA_1620.png,PNEUMONIA,train
PNEUMONIA_1621.png,PNEUMONIA/PNEUMONIA_1621.png,PNEUMONIA,train
PNEUMONIA_1622.png,PNEUMONIA/PNEUMONIA_1622.png,PNEUMONIA,train
PNEUMONIA_1623.png,PNEUMONIA/PNEUMONIA_1623.png,PNEUMONIA,train
PNEUMONIA_1624.png,PNEUMONIA/PNEUMONIA_1624.png,PNEUMONIA,train
PNEUMONIA_1625.png,PNEUMONIA/PNEUMONIA_1625.png,PNEUMONIA,train
PNEUMONIA_1626.png,PNEUMONIA/PNEUMONIA_1626.png,PNEUMONIA,train
PNEUMONIA_1627.png,PNEUMONIA/PNEUMONIA_1627.png,PNEUMONIA,train
PNEUMONIA_1628.png,PNEUMONIA/PNEUMONIA_1628.png,PNEUMONIA,train
PNEUMONIA_1629.png,PNEUMONIA/PNEUMONIA_1629.png,PNEUMONIA,train
PNEUMONIA_163.png,PNEUMONIA/PNEUMONIA_163.png,PNEUMONIA,train
PNEUMONIA_1630.png,PNEUMONIA/PNEUMONIA_1630.png,PNEUMONIA,train
PNEUMONIA_1631.png,PNEUMONIA/PNEUMONIA_1631.png,PNEUMONIA,train
PNEUMONIA_1632.png,PNEUMONIA/PNEUMONIA_1632.png,PNEUMONIA,train
PNEUMONIA_1633.png,PNEUMONIA/PNEUMONIA_1633.png,PNEUMONIA,train
PNEUMONIA_1634.png,PNEUMONIA/PNEUMONIA_1634.png,PNEUMONIA,train
PNEUMONIA_1635.png,PNEUMONIA/PNEUMONIA_1635.png,PNEUMONIA,train
PNEUMONIA_1636.png,PNEUMONIA/PNEUMONIA_1636.png,PNEUMONIA,train
PNEUMONIA_1637.png,PNEUMONIA/PNEUMONIA_1637.png,PNEUMONIA,train
PNEUMONIA_1638.png,PNEUMONIA/PNEUMONIA_1638.png,PNEUMONIA,train
PNEUMONIA_1639.png,PNEUMONIA/PNEUMONIA_1639.png,PNEUMONIA,train
PNEUMONIA_164.png,PNEUMONIA/PNEUMONIA_164.png,PNEUMONIA,train
PNEUMONIA_1640.png,PNEUMONIA/PNEUMONIA_1640.png,PNEUMONIA,train
PNEUMONIA_1641.png,PNEUMONIA/PNEUMONIA_1641.png,PNEUMONIA,train
PNEUMONIA_1642.png,PNEUMONIA/PNEUMONIA_1642.png,PNEUMONIA,train
PNEUMONIA_1643.png,PNEUMONIA/PNEUMONIA_1643.png,PNEUMONIA,train
PNEUMONIA_1644.png,PNEUMONIA/PNEUMONIA_1644.png,PNEUMONIA,train
PNEUMONIA_1645.png,PNEUMONIA/PNEUMONIA_1645.png,PNEUMONIA,train
PNEUMONIA_1646.png,PNEUMONIA/PNEUMONIA_1646.png,PNEUMONIA,train
PNEUMONIA_1647.png,PNEUMONIA/PNEUMONIA_1647.png,PNEUMONIA,train
PNEUMONIA_1648.png,PNEUMONIA/PNEUMONIA_1648.png,PNEUMONIA,train
PNEUMONIA_1649.png,PNEUMONIA/PNEUMONIA_1649.png,PNEUMONIA,train
PNEUMONIA_165.png,PNEUMONIA/PNEUMONIA_165.png,PNEUMONIA,train
PNEUMONIA_1650.png,PNEUMONIA/PNEUMONIA_1650.png,PNEUMONIA,train
PNEUMONIA_1651.png,PNEUMONIA/PNEUMONIA_1651.png,PNEUMONIA,train
PNEUMONIA_1652.png,PNEUMONIA/PNEUMONIA_1652.png,PNEUMONIA,train
PNEUMONIA_1653.png,PNEUMONIA/PNEUMONIA_1653.png,PNEUMONIA,train
PNEUMONIA_1654.png,PNEUMONIA/PNEUMONIA_1654.png,PNEUMONIA,train
PNEUMONIA_1655.png,PNEUMONIA/PNEUMONIA_1655.png,PNEUMONIA,train
PNEUMONIA_1656.png,PNEUMONIA/PNEUMONIA_1656.png,PNEUMONIA,train
PNEUMONIA_1657.png,PNEUMONIA/PNEUMONIA_1657.png,PNEUMONIA,train
PNEUMONIA_1658.png,PNEUMONIA/PNEUMONIA_1658.png,PNEUMONIA,train
PNEUMONIA_1659.png,PNEUMONIA/PNEUMONIA_1659.png,PNEUMONIA,train
PNEUMONIA_166.png,PNEUMONIA/PNEUMONIA_166.png,PNEUMONIA,train
PNEUMONIA_1660.png,PNEUMONIA/PNEUMONIA_1660.png,PNEUMONIA,train
PNEUMONIA_1661.png,PNEUMONIA/PNEUMONIA_1661.png,PNEUMONIA,train
PNEUMONIA_1662.png,PNEUMONIA/PNEUMONIA_1662.png,PNEUMONIA,train
PNEUMONIA_1663.png,PNEUMONIA/PNEUMONIA_1663.png,PNEUMONIA,train
PNEUMONIA_1664.png,PNEUMONIA/PNEUMONIA_1664.png,PNEUMONIA,train
PNEUMONIA_1665.png,PNEUMONIA/PNEUMONIA_1665.png,PNEUMONIA,train
PNEUMONIA_1666.png,PNEUMONIA/PNEUMONIA_1666.png,PNEUMONIA,train
PNEUMONIA_1667.png,PNEUMONIA/PNEUMONIA_1667.png,PNEUMONIA,train
PNEUMONIA_1668.png,PNEUMONIA/PNEUMONIA_1668.png,PNEUMONIA,train
PNEUMONIA_1669.png,PNEUMONIA/PNEUMONIA_1669.png,PNEUMONIA,train
PNEUMONIA_167.png,PNEUMONIA/PNEUMONIA_167.png,PNEUMONIA,train
PNEUMONIA_1670.png,PNEUMONIA/PNEUMONIA_1670.png,PNEUMONIA,train
PNEUMONIA_1671.png,PNEUMONIA/PNEUMONIA_1671.png,PNEUMONIA,train
PNEUMONIA_1672.png,PNEUMONIA/PNEUMONIA_1672.png,PNEUMONIA,train
PNEUMONIA_1673.png,PNEUMONIA/PNEUMONIA_1673.png,PNEUMONIA,train
PNEUMONIA_1674.png,PNEUMONIA/PNEUMONIA_1674.png,PNEUMONIA,train
PNEUMONIA_1675.png,PNEUMONIA/PNEUMONIA_1675.png,PNEUMONIA,train
PNEUMONIA_1676.png,PNEUMONIA/PNEUMONIA_1676.png,PNEUMONIA,train
PNEUMONIA_1677.png,PNEUMONIA/PNEUMONIA_1677.png,PNEUMONIA,train
PNEUMONIA_1678.png,PNEUMONIA/PNEUMONIA_1678.png,PNEUMONIA,train
PNEUMONIA_1679.png,PNEUMONIA/PNEUMONIA_1679.png,PNEUMONIA,train
PNEUMONIA_168.png,PNEUMONIA/PNEUMONIA_168.png,PNEUMONIA,train
PNEUMONIA_1680.png,PNEUMONIA/PNEUMONIA_1680.png,PNEUMONIA,train
PNEUMONIA_1681.png,PNEUMONIA/PNEUMONIA_1681.png,PNEUMONIA,train
PNEUMONIA_1682.png,PNEUMONIA/PNEUMONIA_1682.png,PNEUMONIA,train
PNEUMONIA_1683.png,PNEUMONIA/PNEUMONIA_1683.png,PNEUMONIA,train
PNEUMONIA_1684.png,PNEUMONIA/PNEUMONIA_1684.png,PNEUMONIA,train
PNEUMONIA_1685.png,PNEUMONIA/PNEUMONIA_1685.png,PNEUMONIA,train
PNEUMONIA_1686.png,PNEUMONIA/PNEUMONIA_1686.png,PNEUMONIA,train
PNEUMONIA_1687.png,PNEUMONIA/PNEUMONIA_1687.png,PNEUMONIA,train
PNEUMONIA_1688.png,PNEUMONIA/PNEUMONIA_1688.png,PNEUMONIA,train
PNEUMONIA_1689.png,PNEUMONIA/PNEUMONIA_1689.png,PNEUMONIA,train
PNEUMONIA_169.png,PNEUMONIA/PNEUMONIA_169.png,PNEUMONIA,train
PNEUMONIA_1690.png,PNEUMONIA/PNEUMONIA_1690.png,PNEUMONIA,train
PNEUMONIA_1691.png,PNEUMONIA/PNEUMONIA_1691.png,PNEUMONIA,train
PNEUMONIA_1692.png,PNEUMONIA/PNEUMONIA_1692.png,PNEUMONIA,train
PNEUMONIA_1693.png,PNEUMONIA/PNEUMONIA_1693.png,PNEUMONIA,train
PNEUMONIA_1694.png,PNEUMONIA/PNEUMONIA_1694.png,PNEUMONIA,train
PNEUMONIA_1695.png,PNEUMONIA/PNEUMONIA_1695.png,PNEUMONIA,train
PNEUMONIA_1696.png,PNEUMONIA/PNEUMONIA_1696.png,PNEUMONIA,train
PNEUMONIA_1697.png,PNEUMONIA/PNEUMONIA_1697.png,PNEUMONIA,train
PNEUMONIA_1698.png,PNEUMONIA/PNEUMONIA_1698.png,PNEUMONIA,train
PNEUMONIA_1699.png,PNEUMONIA/PNEUMONIA_1699.png,PNEUMONIA,train
PNEUMONIA_17.png,PNEUMONIA/PNEUMONIA_17.png,PNEUMONIA,train
PNEUMONIA_170.png,PNEUMONIA/PNEUMONIA_170.png,PNEUMONIA,train
PNEUMONIA_1700.png,PNEUMONIA/PNEUMONIA_1700.png,PNEUMONIA,train
PNEUMONIA_1701.png,PNEUMONIA/PNEUMONIA_1701.png,PNEUMONIA,train
PNEUMONIA_1702.png,PNEUMONIA/PNEUMONIA_1702.png,PNEUMONIA,train
PNEUMONIA_1703.png,PNEUMONIA/PNEUMONIA_1703.png,PNEUMONIA,train
PNEUMONIA_1704.png,PNEUMONIA/PNEUMONIA_1704.png,PNEUMONIA,train
PNEUMONIA_1705.png,PNEUMONIA/PNEUMONIA_1705.png,PNEUMONIA,train
PNEUMONIA_1706.png,PNEUMONIA/PNEUMONIA_1706.png,PNEUMONIA,train
PNEUMONIA_1707.png,PNEUMONIA/PNEUMONIA_1707.png,PNEUMONIA,train
PNEUMONIA_1708.png,PNEUMONIA/PNEUMONIA_1708.png,PNEUMONIA,train
PNEUMONIA_1709.png,PNEUMONIA/PNEUMONIA_1709.png,PNEUMONIA,train
PNEUMONIA_171.png,PNEUMONIA/PNEUMONIA_171.png,PNEUMONIA,train
PNEUMONIA_1710.png,PNEUMONIA/PNEUMONIA_1710.png,PNEUMONIA,train
PNEUMONIA_1711.png,PNEUMONIA/PNEUMONIA_1711.png,PNEUMONIA,train
PNEUMONIA_1712.png,PNEUMONIA/PNEUMONIA_1712.png,PNEUMONIA,train
PNEUMONIA_1713.png,PNEUMONIA/PNEUMONIA_1713.png,PNEUMONIA,train
PNEUMONIA_1714.png,PNEUMONIA/PNEUMONIA_1714.png,PNEUMONIA,train
PNEUMONIA_1715.png,PNEUMONIA/PNEUMONIA_1715.png,PNEUMONIA,train
PNEUMONIA_1716.png,PNEUMONIA/PNEUMONIA_1716.png,PNEUMONIA,train
PNEUMONIA_1717.png,PNEUMONIA/PNEUMONIA_1717.png,PNEUMONIA,train
PNEUMONIA_1718.png,PNEUMONIA/PNEUMONIA_1718.png,PNEUMONIA,train
PNEUMONIA_1719.png,PNEUMONIA/PNEUMONIA_1719.png,PNEUMONIA,train
PNEUMONIA_172.png,PNEUMONIA/PNEUMONIA_172.png,PNEUMONIA,train
PNEUMONIA_1720.png,PNEUMONIA/PNEUMONIA_1720.png,PNEUMONIA,train
PNEUMONIA_1721.png,PNEUMONIA/PNEUMONIA_1721.png,PNEUMONIA,train
PNEUMONIA_1722.png,PNEUMONIA/PNEUMONIA_1722.png,PNEUMONIA,train
PNEUMONIA_1723.png,PNEUMONIA/PNEUMONIA_1723.png,PNEUMONIA,train
PNEUMONIA_1724.png,PNEUMONIA/PNEUMONIA_1724.png,PNEUMONIA,train
PNEUMONIA_1725.png,PNEUMONIA/PNEUMONIA_1725.png,PNEUMONIA,train
PNEUMONIA_1726.png,PNEUMONIA/PNEUMONIA_1726.png,PNEUMONIA,train
PNEUMONIA_1727.png,PNEUMONIA/PNEUMONIA_1727.png,PNEUMONIA,train
PNEUMONIA_1728.png,PNEUMONIA/PNEUMONIA_1728.png,PNEUMONIA,train
PNEUMONIA_1729.png,PNEUMONIA/PNEUMONIA_1729.png,PNEUMONIA,train
PNEUMONIA_173.png,PNEUMONIA/PNEUMONIA_173.png,PNEUMONIA,train
PNEUMONIA_1730.png,PNEUMONIA/PNEUMONIA_1730.png,PNEUMONIA,train
PNEUMONIA_1731.png,PNEUMONIA/PNEUMONIA_1731.png,PNEUMONIA,train
PNEUMONIA_1732.png,PNEUMONIA/PNEUMONIA_1732.png,PNEUMONIA,train
PNEUMONIA_1733.png,PNEUMONIA/PNEUMONIA_1733.png,PNEUMONIA,train
PNEUMONIA_1734.png,PNEUMONIA/PNEUMONIA_1734.png,PNEUMONIA,train
PNEUMONIA_1735.png,PNEUMONIA/PNEUMONIA_1735.png,PNEUMONIA,train
PNEUMONIA_1736.png,PNEUMONIA/PNEUMONIA_1736.png,PNEUMONIA,train
PNEUMONIA_1737.png,PNEUMONIA/PNEUMONIA_1737.png,PNEUMONIA,train
PNEUMONIA_1738.png,PNEUMONIA/PNEUMONIA_1738.png,PNEUMONIA,train
PNEUMONIA_1739.png,PNEUMONIA/PNEUMONIA_1739.png,PNEUMONIA,train
PNEUMONIA_174.png,PNEUMONIA/PNEUMONIA_174.png,PNEUMONIA,train
PNEUMONIA_1740.png,PNEUMONIA/PNEUMONIA_1740.png,PNEUMONIA,train
PNEUMONIA_1741.png,PNEUMONIA/PNEUMONIA_1741.png,PNEUMONIA,train
PNEUMONIA_1742.png,PNEUMONIA/PNEUMONIA_1742.png,PNEUMONIA,train
PNEUMONIA_1743.png,PNEUMONIA/PNEUMONIA_1743.png,PNEUMONIA,train
PNEUMONIA_1744.png,PNEUMONIA/PNEUMONIA_1744.png,PNEUMONIA,train
PNEUMONIA_1745.png,PNEUMONIA/PNEUMONIA_1745.png,PNEUMONIA,train
PNEUMONIA_1746.png,PNEUMONIA/PNEUMONIA_1746.png,PNEUMONIA,train
PNEUMONIA_1747.png,PNEUMONIA/PNEUMONIA_1747.png,PNEUMONIA,train
PNEUMONIA_1748.png,PNEUMONIA/PNEUMONIA_1748.png,PNEUMONIA,train
PNEUMONIA_1749.png,PNEUMONIA/PNEUMONIA_1749.png,PNEUMONIA,train
PNEUMONIA_175.png,PNEUMONIA/PNEUMONIA_175.png,PNEUMONIA,train
PNEUMONIA_1750.png,PNEUMONIA/PNEUMONIA_1750.png,PNEUMONIA,train
PNEUMONIA_1751.png,PNEUMONIA/PNEUMONIA_1751.png,PNEUMONIA,train
PNEUMONIA_1752.png,PNEUMONIA/PNEUMONIA_1752.png,PNEUMONIA,train
PNEUMONIA_1753.png,PNEUMONIA/PNEUMONIA_1753.png,PNEUMONIA,train
PNEUMONIA_1754.png,PNEUMONIA/PNEUMONIA_1754.png,PNEUMONIA,train
PNEUMONIA_1755.png,PNEUMONIA/PNEUMONIA_1755.png,PNEUMONIA,train
PNEUMONIA_1756.png,PNEUMONIA/PNEUMONIA_1756.png,PNEUMONIA,train
PNEUMONIA_1757.png,PNEUMONIA/PNEUMONIA_1757.png,PNEUMONIA,train
PNEUMONIA_1758.png,PNEUMONIA/PNEUMONIA_1758.png,PNEUMONIA,train
PNEUMONIA_1759.png,PNEUMONIA/PNEUMONIA_1759.png,PNEUMONIA,train
PNEUMONIA_176.png,PNEUMONIA/PNEUMONIA_176.png,PNEUMONIA,train
PNEUMONIA_1760.png,PNEUMONIA/PNEUMONIA_1760.png,PNEUMONIA,train
PNEUMONIA_1761.png,PNEUMONIA/PNEUMONIA_1761.png,PNEUMONIA,train
PNEUMONIA_1762.png,PNEUMONIA/PNEUMONIA_1762.png,PNEUMONIA,train
PNEUMONIA_1763.png,PNEUMONIA/PNEUMONIA_1763.png,PNEUMONIA,train
PNEUMONIA_1764.png,PNEUMONIA/PNEUMONIA_1764.png,PNEUMONIA,train
PNEUMONIA_1765.png,PNEUMONIA/PNEUMONIA_1765.png,PNEUMONIA,train
PNEUMONIA_1766.png,PNEUMONIA/PNEUMONIA_1766.png,PNEUMONIA,train
PNEUMONIA_1767.png,PNEUMONIA/PNEUMONIA_1767.png,PNEUMONIA,train
PNEUMONIA_1768.png,PNEUMONIA/PNEUMONIA_1768.png,PNEUMONIA,train
PNEUMONIA_1769.png,PNEUMONIA/PNEUMONIA_1769.png,PNEUMONIA,train
PNEUMONIA_177.png,PNEUMONIA/PNEUMONIA_177.png,PNEUMONIA,train
PNEUMONIA_1770.png,PNEUMONIA/PNEUMONIA_1770.png,PNEUMONIA,train
PNEUMONIA_1771.png,PNEUMONIA/PNEUMONIA_1771.png,PNEUMONIA,train
PNEUMONIA_1772.png,PNEUMONIA/PNEUMONIA_1772.png,PNEUMONIA,train
PNEUMONIA_1773.png,PNEUMONIA/PNEUMONIA_1773.png,PNEUMONIA,train
PNEUMONIA_1774.png,PNEUMONIA/PNEUMONIA_1774.png,PNEUMONIA,train
PNEUMONIA_1775.png,PNEUMONIA/PNEUMONIA_1775.png,PNEUMONIA,train
PNEUMONIA_1776.png,PNEUMONIA/PNEUMONIA_1776.png,PNEUMONIA,train
PNEUMONIA_1777.png,PNEUMONIA/PNEUMONIA_1777.png,PNEUMONIA,train
PNEUMONIA_1778.png,PNEUMONIA/PNEUMONIA_1778.png,PNEUMONIA,train
PNEUMONIA_1779.png,PNEUMONIA/PNEUMONIA_1779.png,PNEUMONIA,train
PNEUMONIA_178.png,PNEUMONIA/PNEUMONIA_178.png,PNEUMONIA,train
PNEUMONIA_1780.png,PNEUMONIA/PNEUMONIA_1780.png,PNEUMONIA,train
PNEUMONIA_1781.png,PNEUMONIA/PNEUMONIA_1781.png,PNEUMONIA,train
PNEUMONIA_1782.png,PNEUMONIA/PNEUMONIA_1782.png,PNEUMONIA,train
PNEUMONIA_1783.png,PNEUMONIA/PNEUMONIA_1783.png,PNEUMONIA,train
PNEUMONIA_1784.png,PNEUMONIA/PNEUMONIA_1784.png,PNEUMONIA,train
PNEUMONIA_1785.png,PNEUMONIA/PNEUMONIA_1785.png,PNEUMONIA,train
PNEUMONIA_1786.png,PNEUMONIA/PNEUMONIA_1786.png,PNEUMONIA,train
PNEUMONIA_1787.png,PNEUMONIA/PNEUMONIA_1787.png,PNEUMONIA,train
PNEUMONIA_1788.png,PNEUMONIA/PNEUMONIA_1788.png,PNEUMONIA,train
PNEUMONIA_1789.png,PNEUMONIA/PNEUMONIA_1789.png,PNEUMONIA,train
PNEUMONIA_179.png,PNEUMONIA/PNEUMONIA_179.png,PNEUMONIA,train
PNEUMONIA_1790.png,PNEUMONIA/PNEUMONIA_1790.png,PNEUMONIA,train
PNEUMONIA_1791.png,PNEUMONIA/PNEUMONIA_1791.png,PNEUMONIA,train
PNEUMONIA_1792.png,PNEUMONIA/PNEUMONIA_1792.png,PNEUMONIA,train
PNEUMONIA_1793.png,PNEUMONIA/PNEUMONIA_1793.png,PNEUMONIA,train
PNEUMONIA_1794.png,PNEUMONIA/PNEUMONIA_1794.png,PNEUMONIA,train
PNEUMONIA_1795.png,PNEUMONIA/PNEUMONIA_1795.png,PNEUMONIA,train
PNEUMONIA_1796.png,PNEUMONIA/PNEUMONIA_1796.png,PNEUMONIA,train
PNEUMONIA_1797.png,PNEUMONIA/PNEUMONIA_1797.png,PNEUMONIA,train
PNEUMONIA_1798.png,PNEUMONIA/PNEUMONIA_1798.png,PNEUMONIA,train
PNEUMONIA_1799.png,PNEUMONIA/PNEUMONIA_1799.png,PNEUMONIA,train
PNEUMONIA_18.png,PNEUMONIA/PNEUMONIA_18.png,PNEUMONIA,train
PNEUMONIA_180.png,PNEUMONIA/PNEUMONIA_180.png,PNEUMONIA,train
PNEUMONIA_1800.png,PNEUMONIA/PNEUMONIA_1800.png,PNEUMONIA,train
PNEUMONIA_181.png,PNEUMONIA/PNEUMONIA_181.png,PNEUMONIA,train
PNEUMONIA_182.png,PNEUMONIA/PNEUMONIA_182.png,PNEUMONIA,train
PNEUMONIA_183.png,PNEUMONIA/PNEUMONIA_183.png,PNEUMONIA,train
PNEUMONIA_184.png,PNEUMONIA/PNEUMONIA_184.png,PNEUMONIA,train
PNEUMONIA_185.png,PNEUMONIA/PNEUMONIA_185.png,PNEUMONIA,train
PNEUMONIA_186.png,PNEUMONIA/PNEUMONIA_186.png,PNEUMONIA,train
PNEUMONIA_187.png,PNEUMONIA/PNEUMONIA_187.png,PNEUMONIA,train
PNEUMONIA_188.png,PNEUMONIA/PNEUMONIA_188.png,PNEUMONIA,train
PNEUMONIA_189.png,PNEUMONIA/PNEUMONIA_189.png,PNEUMONIA,train
PNEUMONIA_19.png,PNEUMONIA/PNEUMONIA_19.png,PNEUMONIA,train
PNEUMONIA_190.png,PNEUMONIA/PNEUMONIA_190.png,PNEUMONIA,train
PNEUMONIA_191.png,PNEUMONIA/PNEUMONIA_191.png,PNEUMONIA,train
PNEUMONIA_192.png,PNEUMONIA/PNEUMONIA_192.png,PNEUMONIA,train
PNEUMONIA_193.png,PNEUMONIA/PNEUMONIA_193.png,PNEUMONIA,train
PNEUMONIA_194.png,PNEUMONIA/PNEUMONIA_194.png,PNEUMONIA,train
PNEUMONIA_195.png,PNEUMONIA/PNEUMONIA_195.png,PNEUMONIA,train
PNEUMONIA_196.png,PNEUMONIA/PNEUMONIA_196.png,PNEUMONIA,train
PNEUMONIA_197.png,PNEUMONIA/PNEUMONIA_197.png,PNEUMONIA,train
PNEUMONIA_198.png,PNEUMONIA/PNEUMONIA_198.png,PNEUMONIA,train
PNEUMONIA_199.png,PNEUMONIA/PNEUMONIA_199.png,PNEUMONIA,train
PNEUMONIA_2.png,PNEUMONIA/PNEUMONIA_2.png,PNEUMONIA,train
PNEUMONIA_20.png,PNEUMONIA/PNEUMONIA_20.png,PNEUMONIA,train
PNEUMONIA_200.png,PNEUMONIA/PNEUMONIA_200.png,PNEUMONIA,train
PNEUMONIA_201.png,PNEUMONIA/PNEUMONIA_201.png,PNEUMONIA,train
PNEUMONIA_202.png,PNEUMONIA/PNEUMONIA_202.png,PNEUMONIA,train
PNEUMONIA_203.png,PNEUMONIA/PNEUMONIA_203.png,PNEUMONIA,train
PNEUMONIA_204.png,PNEUMONIA/PNEUMONIA_204.png,PNEUMONIA,train
PNEUMONIA_205.png,PNEUMONIA/PNEUMONIA_205.png,PNEUMONIA,train
PNEUMONIA_206.png,PNEUMONIA/PNEUMONIA_206.png,PNEUMONIA,train
PNEUMONIA_207.png,PNEUMONIA/PNEUMONIA_207.png,PNEUMONIA,train
PNEUMONIA_208.png,PNEUMONIA/PNEUMONIA_208.png,PNEUMONIA,train
PNEUMONIA_209.png,PNEUMONIA/PNEUMONIA_209.png,PNEUMONIA,train
PNEUMONIA_21.png,PNEUMONIA/PNEUMONIA_21.png,PNEUMONIA,train
PNEUMONIA_210.png,PNEUMONIA/PNEUMONIA_210.png,PNEUMONIA,train
PNEUMONIA_211.png,PNEUMONIA/PNEUMONIA_211.png,PNEUMONIA,train
PNEUMONIA_212.png,PNEUMONIA/PNEUMONIA_212.png,PNEUMONIA,train
PNEUMONIA_213.png,PNEUMONIA/PNEUMONIA_213.png,PNEUMONIA,train
PNEUMONIA_214.png,PNEUMONIA/PNEUMONIA_214.png,PNEUMONIA,train
PNEUMONIA_215.png,PNEUMONIA/PNEUMONIA_215.png,PNEUMONIA,train
PNEUMONIA_216.png,PNEUMONIA/PNEUMONIA_216.png,PNEUMONIA,train
PNEUMONIA_217.png,PNEUMONIA/PNEUMONIA_217.png,PNEUMONIA,train
PNEUMONIA_218.png,PNEUMONIA/PNEUMONIA_218.png,PNEUMONIA,train
PNEUMONIA_219.png,PNEUMONIA/PNEUMONIA_219.png,PNEUMONIA,train
PNEUMONIA_22.png,PNEUMONIA/PNEUMONIA_22.png,PNEUMONIA,train
PNEUMONIA_220.png,PNEUMONIA/PNEUMONIA_220.png,PNEUMONIA,train
PNEUMONIA_221.png,PNEUMONIA/PNEUMONIA_221.png,PNEUMONIA,train
PNEUMONIA_222.png,PNEUMONIA/PNEUMONIA_222.png,PNEUMONIA,train
PNEUMONIA_223.png,PNEUMONIA/PNEUMONIA_223.png,PNEUMONIA,train
PNEUMONIA_224.png,PNEUMONIA/PNEUMONIA_224.png,PNEUMONIA,train
PNEUMONIA_225.png,PNEUMONIA/PNEUMONIA_225.png,PNEUMONIA,train
PNEUMONIA_226.png,PNEUMONIA/PNEUMONIA_226.png,PNEUMONIA,train
PNEUMONIA_227.png,PNEUMONIA/PNEUMONIA_227.png,PNEUMONIA,train
PNEUMONIA_228.png,PNEUMONIA/PNEUMONIA_228.png,PNEUMONIA,train
PNEUMONIA_229.png,PNEUMONIA/PNEUMONIA_229.png,PNEUMONIA,train
PNEUMONIA_23.png,PNEUMONIA/PNEUMONIA_23.png,PNEUMONIA,train
PNEUMONIA_230.png,PNEUMONIA/PNEUMONIA_230.png,PNEUMONIA,train
PNEUMONIA_231.png,PNEUMONIA/PNEUMONIA_231.png,PNEUMONIA,train
PNEUMONIA_232.png,PNEUMONIA/PNEUMONIA_232.png,PNEUMONIA,train
PNEUMONIA_233.png,PNEUMONIA/PNEUMONIA_233.png,PNEUMONIA,train
PNEUMONIA_234.png,PNEUMONIA/PNEUMONIA_234.png,PNEUMONIA,train
PNEUMONIA_235.png,PNEUMONIA/PNEUMONIA_235.png,PNEUMONIA,train
PNEUMONIA_236.png,PNEUMONIA/PNEUMONIA_236.png,PNEUMONIA,train
PNEUMONIA_237.png,PNEUMONIA/PNEUMONIA_237.png,PNEUMONIA,train
PNEUMONIA_238.png,PNEUMONIA/PNEUMONIA_238.png,PNEUMONIA,train
PNEUMONIA_239.png,PNEUMONIA/PNEUMONIA_239.png,PNEUMONIA,train
PNEUMONIA_24.png,PNEUMONIA/PNEUMONIA_24.png,PNEUMONIA,train
PNEUMONIA_240.png,PNEUMONIA/PNEUMONIA_240.png,PNEUMONIA,train
PNEUMONIA_241.png,PNEUMONIA/PNEUMONIA_241.png,PNEUMONIA,train
PNEUMONIA_242.png,PNEUMONIA/PNEUMONIA_242.png,PNEUMONIA,train
PNEUMONIA_243.png,PNEUMONIA/PNEUMONIA_243.png,PNEUMONIA,train
PNEUMONIA_244.png,PNEUMONIA/PNEUMONIA_244.png,PNEUMONIA,train
PNEUMONIA_245.png,PNEUMONIA/PNEUMONIA_245.png,PNEUMONIA,train
PNEUMONIA_246.png,PNEUMONIA/PNEUMONIA_246.png,PNEUMONIA,train
PNEUMONIA_247.png,PNEUMONIA/PNEUMONIA_247.png,PNEUMONIA,train
PNEUMONIA_248.png,PNEUMONIA/PNEUMONIA_248.png,PNEUMONIA,train
PNEUMONIA_249.png,PNEUMONIA/PNEUMONIA_249.png,PNEUMONIA,train
PNEUMONIA_25.png,PNEUMONIA/PNEUMONIA_25.png,PNEUMONIA,train
PNEUMONIA_250.png,PNEUMONIA/PNEUMONIA_250.png,PNEUMONIA,train
PNEUMONIA_251.png,PNEUMONIA/PNEUMONIA_251.png,PNEUMONIA,train
PNEUMONIA_252.png,PNEUMONIA/PNEUMONIA_252.png,PNEUMONIA,train
PNEUMONIA_253.png,PNEUMONIA/PNEUMONIA_253.png,PNEUMONIA,train
PNEUMONIA_254.png,PNEUMONIA/PNEUMONIA_254.png,PNEUMONIA,train
PNEUMONIA_255.png,PNEUMONIA/PNEUMONIA_255.png,PNEUMONIA,train
PNEUMONIA_256.png,PNEUMONIA/PNEUMONIA_256.png,PNEUMONIA,train
PNEUMONIA_257.png,PNEUMONIA/PNEUMONIA_257.png,PNEUMONIA,train
PNEUMONIA_258.png,PNEUMONIA/PNEUMONIA_258.png,PNEUMONIA,train
PNEUMONIA_259.png,PNEUMONIA/PNEUMONIA_259.png,PNEUMONIA,train
PNEUMONIA_26.png,PNEUMONIA/PNEUMONIA_26.png,PNEUMONIA,train
PNEUMONIA_260.png,PNEUMONIA/PNEUMONIA_260.png,PNEUMONIA,train
PNEUMONIA_261.png,PNEUMONIA/PNEUMONIA_261.png,PNEUMONIA,train
PNEUMONIA_262.png,PNEUMONIA/PNEUMONIA_262.png,PNEUMONIA,train
PNEUMONIA_263.png,PNEUMONIA/PNEUMONIA_263.png,PNEUMONIA,train
PNEUMONIA_264.png,PNEUMONIA/PNEUMONIA_264.png,PNEUMONIA,train
PNEUMONIA_265.png,PNEUMONIA/PNEUMONIA_265.png,PNEUMONIA,train
PNEUMONIA_266.png,PNEUMONIA/PNEUMONIA_266.png,PNEUMONIA,train
PNEUMONIA_267.png,PNEUMONIA/PNEUMONIA_267.png,PNEUMONIA,train
PNEUMONIA_268.png,PNEUMONIA/PNEUMONIA_268.png,PNEUMONIA,train
PNEUMONIA_269.png,PNEUMONIA/PNEUMONIA_269.png,PNEUMONIA,train
PNEUMONIA_27.png,PNEUMONIA/PNEUMONIA_27.png,PNEUMONIA,train
PNEUMONIA_270.png,PNEUMONIA/PNEUMONIA_270.png,PNEUMONIA,train
PNEUMONIA_271.png,PNEUMONIA/PNEUMONIA_271.png,PNEUMONIA,train
PNEUMONIA_272.png,PNEUMONIA/PNEUMONIA_272.png,PNEUMONIA,train
PNEUMONIA_273.png,PNEUMONIA/PNEUMONIA_273.png,PNEUMONIA,train
PNEUMONIA_274.png,PNEUMONIA/PNEUMONIA_274.png,PNEUMONIA,train
PNEUMONIA_275.png,PNEUMONIA/PNEUMONIA_275.png,PNEUMONIA,train
PNEUMONIA_276.png,PNEUMONIA/PNEUMONIA_276.png,PNEUMONIA,train
PNEUMONIA_277.png,PNEUMONIA/PNEUMONIA_277.png,PNEUMONIA,train
PNEUMONIA_278.png,PNEUMONIA/PNEUMONIA_278.png,PNEUMONIA,train
PNEUMONIA_279.png,PNEUMONIA/PNEUMONIA_279.png,PNEUMONIA,train
PNEUMONIA_28.png,PNEUMONIA/PNEUMONIA_28.png,PNEUMONIA,train
PNEUMONIA_280.png,PNEUMONIA/PNEUMONIA_280.png,PNEUMONIA,train
PNEUMONIA_281.png,PNEUMONIA/PNEUMONIA_281.png,PNEUMONIA,train
PNEUMONIA_282.png,PNEUMONIA/PNEUMONIA_282.png,PNEUMONIA,train
PNEUMONIA_283.png,PNEUMONIA/PNEUMONIA_283.png,PNEUMONIA,train
PNEUMONIA_284.png,PNEUMONIA/PNEUMONIA_284.png,PNEUMONIA,train
PNEUMONIA_285.png,PNEUMONIA/PNEUMONIA_285.png,PNEUMONIA,train
PNEUMONIA_286.png,PNEUMONIA/PNEUMONIA_286.png,PNEUMONIA,train
PNEUMONIA_287.png,PNEUMONIA/PNEUMONIA_287.png,PNEUMONIA,train
PNEUMONIA_288.png,PNEUMONIA/PNEUMONIA_288.png,PNEUMONIA,train
PNEUMONIA_289.png,PNEUMONIA/PNEUMONIA_289.png,PNEUMONIA,train
PNEUMONIA_29.png,PNEUMONIA/PNEUMONIA_29.png,PNEUMONIA,train
PNEUMONIA_290.png,PNEUMONIA/PNEUMONIA_290.png,PNEUMONIA,train
PNEUMONIA_291.png,PNEUMONIA/PNEUMONIA_291.png,PNEUMONIA,train
PNEUMONIA_292.png,PNEUMONIA/PNEUMONIA_292.png,PNEUMONIA,train
PNEUMONIA_293.png,PNEUMONIA/PNEUMONIA_293.png,PNEUMONIA,train
PNEUMONIA_294.png,PNEUMONIA/PNEUMONIA_294.png,PNEUMONIA,train
PNEUMONIA_295.png,PNEUMONIA/PNEUMONIA_295.png,PNEUMONIA,train
PNEUMONIA_296.png,PNEUMONIA/PNEUMONIA_296.png,PNEUMONIA,train
PNEUMONIA_297.png,PNEUMONIA/PNEUMONIA_297.png,PNEUMONIA,train
PNEUMONIA_298.png,PNEUMONIA/PNEUMONIA_298.png,PNEUMONIA,train
PNEUMONIA_299.png,PNEUMONIA/PNEUMONIA_299.png,PNEUMONIA,train
PNEUMONIA_3.png,PNEUMONIA/PNEUMONIA_3.png,PNEUMONIA,train
PNEUMONIA_30.png,PNEUMONIA/PNEUMONIA_30.png,PNEUMONIA,train
PNEUMONIA_300.png,PNEUMONIA/PNEUMONIA_300.png,PNEUMONIA,train
PNEUMONIA_301.png,PNEUMONIA/PNEUMONIA_301.png,PNEUMONIA,train
PNEUMONIA_302.png,PNEUMONIA/PNEUMONIA_302.png,PNEUMONIA,train
PNEUMONIA_303.png,PNEUMONIA/PNEUMONIA_303.png,PNEUMONIA,train
PNEUMONIA_304.png,PNEUMONIA/PNEUMONIA_304.png,PNEUMONIA,train
PNEUMONIA_305.png,PNEUMONIA/PNEUMONIA_305.png,PNEUMONIA,train
PNEUMONIA_306.png,PNEUMONIA/PNEUMONIA_306.png,PNEUMONIA,train
PNEUMONIA_307.png,PNEUMONIA/PNEUMONIA_307.png,PNEUMONIA,train
PNEUMONIA_308.png,PNEUMONIA/PNEUMONIA_308.png,PNEUMONIA,train
PNEUMONIA_309.png,PNEUMONIA/PNEUMONIA_309.png,PNEUMONIA,train
PNEUMONIA_31.png,PNEUMONIA/PNEUMONIA_31.png,PNEUMONIA,train
PNEUMONIA_310.png,PNEUMONIA/PNEUMONIA_310.png,PNEUMONIA,train
PNEUMONIA_311.png,PNEUMONIA/PNEUMONIA_311.png,PNEUMONIA,train
PNEUMONIA_312.png,PNEUMONIA/PNEUMONIA_312.png,PNEUMONIA,train
PNEUMONIA_313.png,PNEUMONIA/PNEUMONIA_313.png,PNEUMONIA,train
PNEUMONIA_314.png,PNEUMONIA/PNEUMONIA_314.png,PNEUMONIA,train
PNEUMONIA_315.png,PNEUMONIA/PNEUMONIA_315.png,PNEUMONIA,train
PNEUMONIA_316.png,PNEUMONIA/PNEUMONIA_316.png,PNEUMONIA,train
PNEUMONIA_317.png,PNEUMONIA/PNEUMONIA_317.png,PNEUMONIA,train
PNEUMONIA_318.png,PNEUMONIA/PNEUMONIA_318.png,PNEUMONIA,train
PNEUMONIA_319.png,PNEUMONIA/PNEUMONIA_319.png,PNEUMONIA,train
PNEUMONIA_32.png,PNEUMONIA/PNEUMONIA_32.png,PNEUMONIA,train
PNEUMONIA_320.png,PNEUMONIA/PNEUMONIA_320.png,PNEUMONIA,train
PNEUMONIA_321.png,PNEUMONIA/PNEUMONIA_321.png,PNEUMONIA,train
PNEUMONIA_322.png,PNEUMONIA/PNEUMONIA_322.png,PNEUMONIA,train
PNEUMONIA_323.png,PNEUMONIA/PNEUMONIA_323.png,PNEUMONIA,train
PNEUMONIA_324.png,PNEUMONIA/PNEUMONIA_324.png,PNEUMONIA,train
PNEUMONIA_325.png,PNEUMONIA/PNEUMONIA_325.png,PNEUMONIA,train
PNEUMONIA_326.png,PNEUMONIA/PNEUMONIA_326.png,PNEUMONIA,train
PNEUMONIA_327.png,PNEUMONIA/PNEUMONIA_327.png,PNEUMONIA,train
PNEUMONIA_328.png,PNEUMONIA/PNEUMONIA_328.png,PNEUMONIA,train
PNEUMONIA_329.png,PNEUMONIA/PNEUMONIA_329.png,PNEUMONIA,train
PNEUMONIA_33.png,PNEUMONIA/PNEUMONIA_33.png,PNEUMONIA,train
PNEUMONIA_330.png,PNEUMONIA/PNEUMONIA_330.png,PNEUMONIA,train
PNEUMONIA_331.png,PNEUMONIA/PNEUMONIA_331.png,PNEUMONIA,train
PNEUMONIA_332.png,PNEUMONIA/PNEUMONIA_332.png,PNEUMONIA,train
PNEUMONIA_333.png,PNEUMONIA/PNEUMONIA_333.png,PNEUMONIA,train
PNEUMONIA_334.png,PNEUMONIA/PNEUMONIA_334.png,PNEUMONIA,train
PNEUMONIA_335.png,PNEUMONIA/PNEUMONIA_335.png,PNEUMONIA,train
PNEUMONIA_336.png,PNEUMONIA/PNEUMONIA_336.png,PNEUMONIA,train
PNEUMONIA_337.png,PNEUMONIA/PNEUMONIA_337.png,PNEUMONIA,train
PNEUMONIA_338.png,PNEUMONIA/PNEUMONIA_338.png,PNEUMONIA,train
PNEUMONIA_339.png,PNEUMONIA/PNEUMONIA_339.png,PNEUMONIA,train
PNEUMONIA_34.png,PNEUMONIA/PNEUMONIA_34.png,PNEUMONIA,train
PNEUMONIA_340.png,PNEUMONIA/PNEUMONIA_340.png,PNEUMONIA,train
PNEUMONIA_341.png,PNEUMONIA/PNEUMONIA_341.png,PNEUMONIA,train
PNEUMONIA_342.png,PNEUMONIA/PNEUMONIA_342.png,PNEUMONIA,train
PNEUMONIA_343.png,PNEUMONIA/PNEUMONIA_343.png,PNEUMONIA,train
PNEUMONIA_344.png,PNEUMONIA/PNEUMONIA_344.png,PNEUMONIA,train
PNEUMONIA_345.png,PNEUMONIA/PNEUMONIA_345.png,PNEUMONIA,train
PNEUMONIA_346.png,PNEUMONIA/PNEUMONIA_346.png,PNEUMONIA,train
PNEUMONIA_347.png,PNEUMONIA/PNEUMONIA_347.png,PNEUMONIA,train
PNEUMONIA_348.png,PNEUMONIA/PNEUMONIA_348.png,PNEUMONIA,train
PNEUMONIA_349.png,PNEUMONIA/PNEUMONIA_349.png,PNEUMONIA,train
PNEUMONIA_35.png,PNEUMONIA/PNEUMONIA_35.png,PNEUMONIA,train
PNEUMONIA_350.png,PNEUMONIA/PNEUMONIA_350.png,PNEUMONIA,train
PNEUMONIA_351.png,PNEUMONIA/PNEUMONIA_351.png,PNEUMONIA,train
PNEUMONIA_352.png,PNEUMONIA/PNEUMONIA_352.png,PNEUMONIA,train
PNEUMONIA_353.png,PNEUMONIA/PNEUMONIA_353.png,PNEUMONIA,train
PNEUMONIA_354.png,PNEUMONIA/PNEUMONIA_354.png,PNEUMONIA,train
PNEUMONIA_355.png,PNEUMONIA/PNEUMONIA_355.png,PNEUMONIA,train
PNEUMONIA_356.png,PNEUMONIA/PNEUMONIA_356.png,PNEUMONIA,train
PNEUMONIA_357.png,PNEUMONIA/PNEUMONIA_357.png,PNEUMONIA,train
PNEUMONIA_358.png,PNEUMONIA/PNEUMONIA_358.png,PNEUMONIA,train
PNEUMONIA_359.png,PNEUMONIA/PNEUMONIA_359.png,PNEUMONIA,train
PNEUMONIA_36.png,PNEUMONIA/PNEUMONIA_36.png,PNEUMONIA,train
PNEUMONIA_360.png,PNEUMONIA/PNEUMONIA_360.png,PNEUMONIA,train
PNEUMONIA_361.png,PNEUMONIA/PNEUMONIA_361.png,PNEUMONIA,train
PNEUMONIA_362.png,PNEUMONIA/PNEUMONIA_362.png,PNEUMONIA,train
PNEUMONIA_363.png,PNEUMONIA/PNEUMONIA_363.png,PNEUMONIA,train
PNEUMONIA_364.png,PNEUMONIA/PNEUMONIA_364.png,PNEUMONIA,train
PNEUMONIA_365.png,PNEUMONIA/PNEUMONIA_365.png,PNEUMONIA,train
PNEUMONIA_366.png,PNEUMONIA/PNEUMONIA_366.png,PNEUMONIA,train
PNEUMONIA_367.png,PNEUMONIA/PNEUMONIA_367.png,PNEUMONIA,train
PNEUMONIA_368.png,PNEUMONIA/PNEUMONIA_368.png,PNEUMONIA,train
PNEUMONIA_369.png,PNEUMONIA/PNEUMONIA_369.png,PNEUMONIA,train
PNEUMONIA_37.png,PNEUMONIA/PNEUMONIA_37.png,PNEUMONIA,train
PNEUMONIA_370.png,PNEUMONIA/PNEUMONIA_370.png,PNEUMONIA,train
PNEUMONIA_371.png,PNEUMONIA/PNEUMONIA_371.png,PNEUMONIA,train
PNEUMONIA_372.png,PNEUMONIA/PNEUMONIA_372.png,PNEUMONIA,train
PNEUMONIA_373.png,PNEUMONIA/PNEUMONIA_373.png,PNEUMONIA,train
PNEUMONIA_374.png,PNEUMONIA/PNEUMONIA_374.png,PNEUMONIA,train
PNEUMONIA_375.png,PNEUMONIA/PNEUMONIA_375.png,PNEUMONIA,train
PNEUMONIA_376.png,PNEUMONIA/PNEUMONIA_376.png,PNEUMONIA,train
PNEUMONIA_377.png,PNEUMONIA/PNEUMONIA_377.png,PNEUMONIA,train
PNEUMONIA_378.png,PNEUMONIA/PNEUMONIA_378.png,PNEUMONIA,train
PNEUMONIA_379.png,PNEUMONIA/PNEUMONIA_379.png,PNEUMONIA,train
PNEUMONIA_38.png,PNEUMONIA/PNEUMONIA_38.png,PNEUMONIA,train
PNEUMONIA_380.png,PNEUMONIA/PNEUMONIA_380.png,PNEUMONIA,train
PNEUMONIA_381.png,PNEUMONIA/PNEUMONIA_381.png,PNEUMONIA,train
PNEUMONIA_382.png,PNEUMONIA/PNEUMONIA_382.png,PNEUMONIA,train
PNEUMONIA_383.png,PNEUMONIA/PNEUMONIA_383.png,PNEUMONIA,train
PNEUMONIA_384.png,PNEUMONIA/PNEUMONIA_384.png,PNEUMONIA,train
PNEUMONIA_385.png,PNEUMONIA/PNEUMONIA_385.png,PNEUMONIA,train
PNEUMONIA_386.png,PNEUMONIA/PNEUMONIA_386.png,PNEUMONIA,train
PNEUMONIA_387.png,PNEUMONIA/PNEUMONIA_387.png,PNEUMONIA,train
PNEUMONIA_388.png,PNEUMONIA/PNEUMONIA_388.png,PNEUMONIA,train
PNEUMONIA_389.png,PNEUMONIA/PNEUMONIA_389.png,PNEUMONIA,train
PNEUMONIA_39.png,PNEUMONIA/PNEUMONIA_39.png,PNEUMONIA,train
PNEUMONIA_390.png,PNEUMONIA/PNEUMONIA_390.png,PNEUMONIA,train
PNEUMONIA_391.png,PNEUMONIA/PNEUMONIA_391.png,PNEUMONIA,train
PNEUMONIA_392.png,PNEUMONIA/PNEUMONIA_392.png,PNEUMONIA,train
PNEUMONIA_393.png,PNEUMONIA/PNEUMONIA_393.png,PNEUMONIA,train
PNEUMONIA_394.png,PNEUMONIA/PNEUMONIA_394.png,PNEUMONIA,train
PNEUMONIA_395.png,PNEUMONIA/PNEUMONIA_395.png,PNEUMONIA,train
PNEUMONIA_396.png,PNEUMONIA/PNEUMONIA_396.png,PNEUMONIA,train
PNEUMONIA_397.png,PNEUMONIA/PNEUMONIA_397.png,PNEUMONIA,train
PNEUMONIA_398.png,PNEUMONIA/PNEUMONIA_398.png,PNEUMONIA,train
PNEUMONIA_399.png,PNEUMONIA/PNEUMONIA_399.png,PNEUMONIA,train
PNEUMONIA_4.png,PNEUMONIA/PNEUMONIA_4.png,PNEUMONIA,train
PNEUMONIA_40.png,PNEUMONIA/PNEUMONIA_40.png,PNEUMONIA,train
PNEUMONIA_400.png,PNEUMONIA/PNEUMONIA_400.png,PNEUMONIA,train
PNEUMONIA_401.png,PNEUMONIA/PNEUMONIA_401.png,PNEUMONIA,train
PNEUMONIA_402.png,PNEUMONIA/PNEUMONIA_402.png,PNEUMONIA,train
PNEUMONIA_403.png,PNEUMONIA/PNEUMONIA_403.png,PNEUMONIA,train
PNEUMONIA_404.png,PNEUMONIA/PNEUMONIA_404.png,PNEUMONIA,train
PNEUMONIA_405.png,PNEUMONIA/PNEUMONIA_405.png,PNEUMONIA,train
PNEUMONIA_406.png,PNEUMONIA/PNEUMONIA_406.png,PNEUMONIA,train
PNEUMONIA_407.png,PNEUMONIA/PNEUMONIA_407.png,PNEUMONIA,train
PNEUMONIA_408.png,PNEUMONIA/PNEUMONIA_408.png,PNEUMONIA,train
PNEUMONIA_409.png,PNEUMONIA/PNEUMONIA_409.png,PNEUMONIA,train
PNEUMONIA_41.png,PNEUMONIA/PNEUMONIA_41.png,PNEUMONIA,train
PNEUMONIA_410.png,PNEUMONIA/PNEUMONIA_410.png,PNEUMONIA,train
PNEUMONIA_411.png,PNEUMONIA/PNEUMONIA_411.png,PNEUMONIA,train
PNEUMONIA_412.png,PNEUMONIA/PNEUMONIA_412.png,PNEUMONIA,train
PNEUMONIA_413.png,PNEUMONIA/PNEUMONIA_413.png,PNEUMONIA,train
PNEUMONIA_414.png,PNEUMONIA/PNEUMONIA_414.png,PNEUMONIA,train
PNEUMONIA_415.png,PNEUMONIA/PNEUMONIA_415.png,PNEUMONIA,train
PNEUMONIA_416.png,PNEUMONIA/PNEUMONIA_416.png,PNEUMONIA,train
PNEUMONIA_417.png,PNEUMONIA/PNEUMONIA_417.png,PNEUMONIA,train
PNEUMONIA_418.png,PNEUMONIA/PNEUMONIA_418.png,PNEUMONIA,train
PNEUMONIA_419.png,PNEUMONIA/PNEUMONIA_419.png,PNEUMONIA,train
PNEUMONIA_42.png,PNEUMONIA/PNEUMONIA_42.png,PNEUMONIA,train
PNEUMONIA_420.png,PNEUMONIA/PNEUMONIA_420.png,PNEUMONIA,train
PNEUMONIA_421.png,PNEUMONIA/PNEUMONIA_421.png,PNEUMONIA,train
PNEUMONIA_422.png,PNEUMONIA/PNEUMONIA_422.png,PNEUMONIA,train
PNEUMONIA_423.png,PNEUMONIA/PNEUMONIA_423.png,PNEUMONIA,train
PNEUMONIA_424.png,PNEUMONIA/PNEUMONIA_424.png,PNEUMONIA,train
PNEUMONIA_425.png,PNEUMONIA/PNEUMONIA_425.png,PNEUMONIA,train
PNEUMONIA_426.png,PNEUMONIA/PNEUMONIA_426.png,PNEUMONIA,train
PNEUMONIA_427.png,PNEUMONIA/PNEUMONIA_427.png,PNEUMONIA,train
PNEUMONIA_428.png,PNEUMONIA/PNEUMONIA_428.png,PNEUMONIA,train
PNEUMONIA_429.png,PNEUMONIA/PNEUMONIA_429.png,PNEUMONIA,train
PNEUMONIA_43.png,PNEUMONIA/PNEUMONIA_43.png,PNEUMONIA,train
PNEUMONIA_430.png,PNEUMONIA/PNEUMONIA_430.png,PNEUMONIA,train
PNEUMONIA_431.png,PNEUMONIA/PNEUMONIA_431.png,PNEUMONIA,train
PNEUMONIA_432.png,PNEUMONIA/PNEUMONIA_432.png,PNEUMONIA,train
PNEUMONIA_433.png,PNEUMONIA/PNEUMONIA_433.png,PNEUMONIA,train
PNEUMONIA_434.png,PNEUMONIA/PNEUMONIA_434.png,PNEUMONIA,train
PNEUMONIA_435.png,PNEUMONIA/PNEUMONIA_435.png,PNEUMONIA,train
PNEUMONIA_436.png,PNEUMONIA/PNEUMONIA_436.png,PNEUMONIA,train
PNEUMONIA_437.png,PNEUMONIA/PNEUMONIA_437.png,PNEUMONIA,train
PNEUMONIA_438.png,PNEUMONIA/PNEUMONIA_438.png,PNEUMONIA,train
PNEUMONIA_439.png,PNEUMONIA/PNEUMONIA_439.png,PNEUMONIA,train
PNEUMONIA_44.png,PNEUMONIA/PNEUMONIA_44.png,PNEUMONIA,train
PNEUMONIA_440.png,PNEUMONIA/PNEUMONIA_440.png,PNEUMONIA,train
PNEUMONIA_441.png,PNEUMONIA/PNEUMONIA_441.png,PNEUMONIA,train
PNEUMONIA_442.png,PNEUMONIA/PNEUMONIA_442.png,PNEUMONIA,train
PNEUMONIA_443.png,PNEUMONIA/PNEUMONIA_443.png,PNEUMONIA,train
PNEUMONIA_444.png,PNEUMONIA/PNEUMONIA_444.png,PNEUMONIA,train
PNEUMONIA_445.png,PNEUMONIA/PNEUMONIA_445.png,PNEUMONIA,train
PNEUMONIA_446.png,PNEUMONIA/PNEUMONIA_446.png,PNEUMONIA,train
PNEUMONIA_447.png,PNEUMONIA/PNEUMONIA_447.png,PNEUMONIA,train
PNEUMONIA_448.png,PNEUMONIA/PNEUMONIA_448.png,PNEUMONIA,train
PNEUMONIA_449.png,PNEUMONIA/PNEUMONIA_449.png,PNEUMONIA,train
PNEUMONIA_45.png,PNEUMONIA/PNEUMONIA_45.png,PNEUMONIA,train
PNEUMONIA_450.png,PNEUMONIA/PNEUMONIA_450.png,PNEUMONIA,train
PNEUMONIA_451.png,PNEUMONIA/PNEUMONIA_451.png,PNEUMONIA,train
PNEUMONIA_452.png,PNEUMONIA/PNEUMONIA_452.png,PNEUMONIA,train
PNEUMONIA_453.png,PNEUMONIA/PNEUMONIA_453.png,PNEUMONIA,train
PNEUMONIA_454.png,PNEUMONIA/PNEUMONIA_454.png,PNEUMONIA,train
PNEUMONIA_455.png,PNEUMONIA/PNEUMONIA_455.png,PNEUMONIA,train
PNEUMONIA_456.png,PNEUMONIA/PNEUMONIA_456.png,PNEUMONIA,train
PNEUMONIA_457.png,PNEUMONIA/PNEUMONIA_457.png,PNEUMONIA,train
PNEUMONIA_458.png,PNEUMONIA/PNEUMONIA_458.png,PNEUMONIA,train
PNEUMONIA_459.png,PNEUMONIA/PNEUMONIA_459.png,PNEUMONIA,train
PNEUMONIA_46.png,PNEUMONIA/PNEUMONIA_46.png,PNEUMONIA,train
PNEUMONIA_460.png,PNEUMONIA/PNEUMONIA_460.png,PNEUMONIA,train
PNEUMONIA_461.png,PNEUMONIA/PNEUMONIA_461.png,PNEUMONIA,train
PNEUMONIA_462.png,PNEUMONIA/PNEUMONIA_462.png,PNEUMONIA,train
PNEUMONIA_463.png,PNEUMONIA/PNEUMONIA_463.png,PNEUMONIA,train
PNEUMONIA_464.png,PNEUMONIA/PNEUMONIA_464.png,PNEUMONIA,train
PNEUMONIA_465.png,PNEUMONIA/PNEUMONIA_465.png,PNEUMONIA,train
PNEUMONIA_466.png,PNEUMONIA/PNEUMONIA_466.png,PNEUMONIA,train
PNEUMONIA_467.png,PNEUMONIA/PNEUMONIA_467.png,PNEUMONIA,train
PNEUMONIA_468.png,PNEUMONIA/PNEUMONIA_468.png,PNEUMONIA,train
PNEUMONIA_469.png,PNEUMONIA/PNEUMONIA_469.png,PNEUMONIA,train
PNEUMONIA_47.png,PNEUMONIA/PNEUMONIA_47.png,PNEUMONIA,train
PNEUMONIA_470.png,PNEUMONIA/PNEUMONIA_470.png,PNEUMONIA,train
PNEUMONIA_471.png,PNEUMONIA/PNEUMONIA_471.png,PNEUMONIA,train
PNEUMONIA_472.png,PNEUMONIA/PNEUMONIA_472.png,PNEUMONIA,train
PNEUMONIA_473.png,PNEUMONIA/PNEUMONIA_473.png,PNEUMONIA,train
PNEUMONIA_474.png,PNEUMONIA/PNEUMONIA_474.png,PNEUMONIA,train
PNEUMONIA_475.png,PNEUMONIA/PNEUMONIA_475.png,PNEUMONIA,train
PNEUMONIA_476.png,PNEUMONIA/PNEUMONIA_476.png,PNEUMONIA,train
PNEUMONIA_477.png,PNEUMONIA/PNEUMONIA_477.png,PNEUMONIA,train
PNEUMONIA_478.png,PNEUMONIA/PNEUMONIA_478.png,PNEUMONIA,train
PNEUMONIA_479.png,PNEUMONIA/PNEUMONIA_479.png,PNEUMONIA,train
PNEUMONIA_48.png,PNEUMONIA/PNEUMONIA_48.png,PNEUMONIA,train
PNEUMONIA_480.png,PNEUMONIA/PNEUMONIA_480.png,PNEUMONIA,train
PNEUMONIA_481.png,PNEUMONIA/PNEUMONIA_481.png,PNEUMONIA,train
PNEUMONIA_482.png,PNEUMONIA/PNEUMONIA_482.png,PNEUMONIA,train
PNEUMONIA_483.png,PNEUMONIA/PNEUMONIA_483.png,PNEUMONIA,train
PNEUMONIA_484.png,PNEUMONIA/PNEUMONIA_484.png,PNEUMONIA,train
PNEUMONIA_485.png,PNEUMONIA/PNEUMONIA_485.png,PNEUMONIA,train
PNEUMONIA_486.png,PNEUMONIA/PNEUMONIA_486.png,PNEUMONIA,train
PNEUMONIA_487.png,PNEUMONIA/PNEUMONIA_487.png,PNEUMONIA,train
PNEUMONIA_488.png,PNEUMONIA/PNEUMONIA_488.png,PNEUMONIA,train
PNEUMONIA_489.png,PNEUMONIA/PNEUMONIA_489.png,PNEUMONIA,train
PNEUMONIA_49.png,PNEUMONIA/PNEUMONIA_49.png,PNEUMONIA,train
PNEUMONIA_490.png,PNEUMONIA/PNEUMONIA_490.png,PNEUMONIA,train
PNEUMONIA_491.png,PNEUMONIA/PNEUMONIA_491.png,PNEUMONIA,train
PNEUMONIA_492.png,PNEUMONIA/PNEUMONIA_492.png,PNEUMONIA,train
PNEUMONIA_493.png,PNEUMONIA/PNEUMONIA_493.png,PNEUMONIA,train
PNEUMONIA_494.png,PNEUMONIA/PNEUMONIA_494.png,PNEUMONIA,train
PNEUMONIA_495.png,PNEUMONIA/PNEUMONIA_495.png,PNEUMONIA,train
PNEUMONIA_496.png,PNEUMONIA/PNEUMONIA_496.png,PNEUMONIA,train
PNEUMONIA_497.png,PNEUMONIA/PNEUMONIA_497.png,PNEUMONIA,train
PNEUMONIA_498.png,PNEUMONIA/PNEUMONIA_498.png,PNEUMONIA,train
PNEUMONIA_499.png,PNEUMONIA/PNEUMONIA_499.png,PNEUMONIA,train
PNEUMONIA_5.png,PNEUMONIA/PNEUMONIA_5.png,PNEUMONIA,train
PNEUMONIA_50.png,PNEUMONIA/PNEUMONIA_50.png,PNEUMONIA,train
PNEUMONIA_500.png,PNEUMONIA/PNEUMONIA_500.png,PNEUMONIA,train
PNEUMONIA_501.png,PNEUMONIA/PNEUMONIA_501.png,PNEUMONIA,train
PNEUMONIA_502.png,PNEUMONIA/PNEUMONIA_502.png,PNEUMONIA,train
PNEUMONIA_503.png,PNEUMONIA/PNEUMONIA_503.png,PNEUMONIA,train
PNEUMONIA_504.png,PNEUMONIA/PNEUMONIA_504.png,PNEUMONIA,train
PNEUMONIA_505.png,PNEUMONIA/PNEUMONIA_505.png,PNEUMONIA,train
PNEUMONIA_506.png,PNEUMONIA/PNEUMONIA_506.png,PNEUMONIA,train
PNEUMONIA_507.png,PNEUMONIA/PNEUMONIA_507.png,PNEUMONIA,train
PNEUMONIA_508.png,PNEUMONIA/PNEUMONIA_508.png,PNEUMONIA,train
PNEUMONIA_509.png,PNEUMONIA/PNEUMONIA_509.png,PNEUMONIA,train
PNEUMONIA_51.png,PNEUMONIA/PNEUMONIA_51.png,PNEUMONIA,train
PNEUMONIA_510.png,PNEUMONIA/PNEUMONIA_510.png,PNEUMONIA,train
PNEUMONIA_511.png,PNEUMONIA/PNEUMONIA_511.png,PNEUMONIA,train
