filename,relative_path,class,split
Te-noTr_0000.jpg,No Tumor/Te-noTr_0000.jpg,No Tumor,train
Te-noTr_0002.jpg,No Tumor/Te-noTr_0002.jpg,No Tumor,train
Te-noTr_0005.jpg,No Tumor/Te-noTr_0005.jpg,No Tumor,train
Te-noTr_0008.jpg,No Tumor/Te-noTr_0008.jpg,No Tumor,train
Te-noTr_0009.jpg,No Tumor/Te-noTr_0009.jpg,No Tumor,train
Te-no_0010.jpg,No Tumor/Te-no_0010.jpg,No Tumor,train
Te-no_0011.jpg,No Tumor/Te-no_0011.jpg,No Tumor,train
Te-no_0012.jpg,No Tumor/Te-no_0012.jpg,No Tumor,train
Te-no_0015.jpg,No Tumor/Te-no_0015.jpg,No Tumor,train
Te-no_0017.jpg,No Tumor/Te-no_0017.jpg,No Tumor,train
Te-no_0018.jpg,No Tumor/Te-no_0018.jpg,No Tumor,train
Te-no_0020.jpg,No Tumor/Te-no_0020.jpg,No Tumor,train
Te-no_0021.jpg,No Tumor/Te-no_0021.jpg,No Tumor,train
Te-no_0022.jpg,No Tumor/Te-no_0022.jpg,No Tumor,train
Te-no_0024.jpg,No Tumor/Te-no_0024.jpg,No Tumor,train
Te-no_0025.jpg,No Tumor/Te-no_0025.jpg,No Tumor,train
Te-no_0026.jpg,No Tumor/Te-no_0026.jpg,No Tumor,train
Te-no_0027.jpg,No Tumor/Te-no_0027.jpg,No Tumor,train
Te-no_0028.jpg,No Tumor/Te-no_0028.jpg,No Tumor,train
Te-no_0029.jpg,No Tumor/Te-no_0029.jpg,No Tumor,train
Te-no_0031.jpg,No Tumor/Te-no_0031.jpg,No Tumor,train
Te-no_0032.jpg,No Tumor/Te-no_0032.jpg,No Tumor,train
Te-no_0033.jpg,No Tumor/Te-no_0033.jpg,No Tumor,train
Te-no_0034.jpg,No Tumor/Te-no_0034.jpg,No Tumor,train
Te-no_0035.jpg,No Tumor/Te-no_0035.jpg,No Tumor,train
Te-no_0036.jpg,No Tumor/Te-no_0036.jpg,No Tumor,train
Te-no_0037.jpg,No Tumor/Te-no_0037.jpg,No Tumor,train
Te-no_0038.jpg,No Tumor/Te-no_0038.jpg,No Tumor,train
Te-no_0040.jpg,No Tumor/Te-no_0040.jpg,No Tumor,train
Te-no_0041.jpg,No Tumor/Te-no_0041.jpg,No Tumor,train
Te-no_0042.jpg,No Tumor/Te-no_0042.jpg,No Tumor,train
Te-no_0044.jpg,No Tumor/Te-no_0044.jpg,No Tumor,train
Te-no_0045.jpg,No Tumor/Te-no_0045.jpg,No Tumor,train
Te-no_0046.jpg,No Tumor/Te-no_0046.jpg,No Tumor,train
Te-no_0047.jpg,No Tumor/Te-no_0047.jpg,No Tumor,train
Te-no_0049.jpg,No Tumor/Te-no_0049.jpg,No Tumor,train
Te-no_0052.jpg,No Tumor/Te-no_0052.jpg,No Tumor,train
Te-no_0053.jpg,No Tumor/Te-no_0053.jpg,No Tumor,train
Te-no_0055.jpg,No Tumor/Te-no_0055.jpg,No Tumor,train
Te-no_0057.jpg,No Tumor/Te-no_0057.jpg,No Tumor,train
Te-no_0058.jpg,No Tumor/Te-no_0058.jpg,No Tumor,train
Te-no_0059.jpg,No Tumor/Te-no_0059.jpg,No Tumor,train
Te-no_0060.jpg,No Tumor/Te-no_0060.jpg,No Tumor,train
Te-no_0062.jpg,No Tumor/Te-no_0062.jpg,No Tumor,train
Te-no_0063.jpg,No Tumor/Te-no_0063.jpg,No Tumor,train
Te-no_0066.jpg,No Tumor/Te-no_0066.jpg,No Tumor,train
Te-no_0067.jpg,No Tumor/Te-no_0067.jpg,No Tumor,train
Te-no_0068.jpg,No Tumor/Te-no_0068.jpg,No Tumor,train
Te-no_0069.jpg,No Tumor/Te-no_0069.jpg,No Tumor,train
Te-no_0070.jpg,No Tumor/Te-no_0070.jpg,No Tumor,train
Te-no_0071.jpg,No Tumor/Te-no_0071.jpg,No Tumor,train
Te-no_0072.jpg,No Tumor/Te-no_0072.jpg,No Tumor,train
Te-no_0074.jpg,No Tumor/Te-no_0074.jpg,No Tumor,train
Te-no_0075.jpg,No Tumor/Te-no_0075.jpg,No Tumor,train
Te-no_0076.jpg,No Tumor/Te-no_0076.jpg,No Tumor,train
Te-no_0077.jpg,No Tumor/Te-no_0077.jpg,No Tumor,train
Te-no_0080.jpg,No Tumor/Te-no_0080.jpg,No Tumor,train
Te-no_0082.jpg,No Tumor/Te-no_0082.jpg,No Tumor,train
Te-no_0083.jpg,No Tumor/Te-no_0083.jpg,No Tumor,train
Te-no_0084.jpg,No Tumor/Te-no_0084.jpg,No Tumor,train
Te-no_0086.jpg,No Tumor/Te-no_0086.jpg,No Tumor,train
Te-no_0087.jpg,No Tumor/Te-no_0087.jpg,No Tumor,train
Te-no_0089.jpg,No Tumor/Te-no_0089.jpg,No Tumor,train
Te-no_0091.jpg,No Tumor/Te-no_0091.jpg,No Tumor,train
Te-no_0092.jpg,No Tumor/Te-no_0092.jpg,No Tumor,train
Te-no_0094.jpg,No Tumor/Te-no_0094.jpg,No Tumor,train
Te-no_0095.jpg,No Tumor/Te-no_0095.jpg,No Tumor,train
Te-no_0097.jpg,No Tumor/Te-no_0097.jpg,No Tumor,train
Te-no_0098.jpg,No Tumor/Te-no_0098.jpg,No Tumor,train
Te-no_0099.jpg,No Tumor/Te-no_0099.jpg,No Tumor,train
Te-no_0100.jpg,No Tumor/Te-no_0100.jpg,No Tumor,train
Te-no_0101.jpg,No Tumor/Te-no_0101.jpg,No Tumor,train
Te-no_0105.jpg,No Tumor/Te-no_0105.jpg,No Tumor,train
Te-no_0106.jpg,No Tumor/Te-no_0106.jpg,No Tumor,train
Te-no_0107.jpg,No Tumor/Te-no_0107.jpg,No Tumor,train
Te-no_0108.jpg,No Tumor/Te-no_0108.jpg,No Tumor,train
Te-no_0109.jpg,No Tumor/Te-no_0109.jpg,No Tumor,train
Te-no_0111.jpg,No Tumor/Te-no_0111.jpg,No Tumor,train
Te-no_0112.jpg,No Tumor/Te-no_0112.jpg,No Tumor,train
Te-no_0113.jpg,No Tumor/Te-no_0113.jpg,No Tumor,train
Te-no_0115.jpg,No Tumor/Te-no_0115.jpg,No Tumor,train
Te-no_0121.jpg,No Tumor/Te-no_0121.jpg,No Tumor,train
Te-no_0122.jpg,No Tumor/Te-no_0122.jpg,No Tumor,train
Te-no_0123.jpg,No Tumor/Te-no_0123.jpg,No Tumor,train
Te-no_0125.jpg,No Tumor/Te-no_0125.jpg,No Tumor,train
Te-no_0126.jpg,No Tumor/Te-no_0126.jpg,No Tumor,train
Te-no_0127.jpg,No Tumor/Te-no_0127.jpg,No Tumor,train
Te-no_0128.jpg,No Tumor/Te-no_0128.jpg,No Tumor,train
Te-no_0129.jpg,No Tumor/Te-no_0129.jpg,No Tumor,train
Te-no_0132.jpg,No Tumor/Te-no_0132.jpg,No Tumor,train
Te-no_0133.jpg,No Tumor/Te-no_0133.jpg,No Tumor,train
Te-no_0134.jpg,No Tumor/Te-no_0134.jpg,No Tumor,train
Te-no_0136.jpg,No Tumor/Te-no_0136.jpg,No Tumor,train
Te-no_0137.jpg,No Tumor/Te-no_0137.jpg,No Tumor,train
Te-no_0143.jpg,No Tumor/Te-no_0143.jpg,No Tumor,train
Te-no_0144.jpg,No Tumor/Te-no_0144.jpg,No Tumor,train
Te-no_0147.jpg,No Tumor/Te-no_0147.jpg,No Tumor,train
Te-no_0149.jpg,No Tumor/Te-no_0149.jpg,No Tumor,train
Te-no_0151.jpg,No Tumor/Te-no_0151.jpg,No Tumor,train
Te-no_0152.jpg,No Tumor/Te-no_0152.jpg,No Tumor,train
Te-no_0153.jpg,No Tumor/Te-no_0153.jpg,No Tumor,train
Te-no_0155.jpg,No Tumor/Te-no_0155.jpg,No Tumor,train
Te-no_0156.jpg,No Tumor/Te-no_0156.jpg,No Tumor,train
Te-no_0157.jpg,No Tumor/Te-no_0157.jpg,No Tumor,train
Te-no_0158.jpg,No Tumor/Te-no_0158.jpg,No Tumor,train
Te-no_0159.jpg,No Tumor/Te-no_0159.jpg,No Tumor,train
Te-no_0160.jpg,No Tumor/Te-no_0160.jpg,No Tumor,train
Te-no_0162.jpg,No Tumor/Te-no_0162.jpg,No Tumor,train
Te-no_0165.jpg,No Tumor/Te-no_0165.jpg,No Tumor,train
Te-no_0166.jpg,No Tumor/Te-no_0166.jpg,No Tumor,train
Te-no_0168.jpg,No Tumor/Te-no_0168.jpg,No Tumor,train
Te-no_0169.jpg,No Tumor/Te-no_0169.jpg,No Tumor,train
Te-no_0170.jpg,No Tumor/Te-no_0170.jpg,No Tumor,train
Te-no_0171.jpg,No Tumor/Te-no_0171.jpg,No Tumor,train
Te-no_0172.jpg,No Tumor/Te-no_0172.jpg,No Tumor,train
Te-no_0173.jpg,No Tumor/Te-no_0173.jpg,No Tumor,train
Te-no_0174.jpg,No Tumor/Te-no_0174.jpg,No Tumor,train
Te-no_0176.jpg,No Tumor/Te-no_0176.jpg,No Tumor,train
Te-no_0177.jpg,No Tumor/Te-no_0177.jpg,No Tumor,train
Te-no_0179.jpg,No Tumor/Te-no_0179.jpg,No Tumor,train
Te-no_0180.jpg,No Tumor/Te-no_0180.jpg,No Tumor,train
Te-no_0181.jpg,No Tumor/Te-no_0181.jpg,No Tumor,train
Te-no_0182.jpg,No Tumor/Te-no_0182.jpg,No Tumor,train
Te-no_0183.jpg,No Tumor/Te-no_0183.jpg,No Tumor,train
Te-no_0184.jpg,No Tumor/Te-no_0184.jpg,No Tumor,train
Te-no_0185.jpg,No Tumor/Te-no_0185.jpg,No Tumor,train
Te-no_0187.jpg,No Tumor/Te-no_0187.jpg,No Tumor,train
Te-no_0188.jpg,No Tumor/Te-no_0188.jpg,No Tumor,train
Te-no_0190.jpg,No Tumor/Te-no_0190.jpg,No Tumor,train
Te-no_0192.jpg,No Tumor/Te-no_0192.jpg,No Tumor,train
Te-no_0194.jpg,No Tumor/Te-no_0194.jpg,No Tumor,train
Te-no_0195.jpg,No Tumor/Te-no_0195.jpg,No Tumor,train
Te-no_0196.jpg,No Tumor/Te-no_0196.jpg,No Tumor,train
Te-no_0197.jpg,No Tumor/Te-no_0197.jpg,No Tumor,train
Te-no_0199.jpg,No Tumor/Te-no_0199.jpg,No Tumor,train
Te-no_0202.jpg,No Tumor/Te-no_0202.jpg,No Tumor,train
Te-no_0203.jpg,No Tumor/Te-no_0203.jpg,No Tumor,train
Te-no_0205.jpg,No Tumor/Te-no_0205.jpg,No Tumor,train
Te-no_0207.jpg,No Tumor/Te-no_0207.jpg,No Tumor,train
Te-no_0208.jpg,No Tumor/Te-no_0208.jpg,No Tumor,train
Te-no_0211.jpg,No Tumor/Te-no_0211.jpg,No Tumor,train
Te-no_0213.jpg,No Tumor/Te-no_0213.jpg,No Tumor,train
Te-no_0214.jpg,No Tumor/Te-no_0214.jpg,No Tumor,train
Te-no_0215.jpg,No Tumor/Te-no_0215.jpg,No Tumor,train
Te-no_0216.jpg,No Tumor/Te-no_0216.jpg,No Tumor,train
Te-no_0218.jpg,No Tumor/Te-no_0218.jpg,No Tumor,train
Te-no_0220.jpg,No Tumor/Te-no_0220.jpg,No Tumor,train
Te-no_0225.jpg,No Tumor/Te-no_0225.jpg,No Tumor,train
Te-no_0226.jpg,No Tumor/Te-no_0226.jpg,No Tumor,train
Te-no_0227.jpg,No Tumor/Te-no_0227.jpg,No Tumor,train
Te-no_0230.jpg,No Tumor/Te-no_0230.jpg,No Tumor,train
Te-no_0231.jpg,No Tumor/Te-no_0231.jpg,No Tumor,train
Te-no_0232.jpg,No Tumor/Te-no_0232.jpg,No Tumor,train
Te-no_0233.jpg,No Tumor/Te-no_0233.jpg,No Tumor,train
Te-no_0235.jpg,No Tumor/Te-no_0235.jpg,No Tumor,train
Te-no_0237.jpg,No Tumor/Te-no_0237.jpg,No Tumor,train
Te-no_0238.jpg,No Tumor/Te-no_0238.jpg,No Tumor,train
Te-no_0239.jpg,No Tumor/Te-no_0239.jpg,No Tumor,train
Te-no_0240.jpg,No Tumor/Te-no_0240.jpg,No Tumor,train
Te-no_0241.jpg,No Tumor/Te-no_0241.jpg,No Tumor,train
Te-no_0242.jpg,No Tumor/Te-no_0242.jpg,No Tumor,train
Te-no_0243.jpg,No Tumor/Te-no_0243.jpg,No Tumor,train
Te-no_0244.jpg,No Tumor/Te-no_0244.jpg,No Tumor,train
Te-no_0246.jpg,No Tumor/Te-no_0246.jpg,No Tumor,train
Te-no_0248.jpg,No Tumor/Te-no_0248.jpg,No Tumor,train
Te-no_0249.jpg,No Tumor/Te-no_0249.jpg,No Tumor,train
Te-no_0250.jpg,No Tumor/Te-no_0250.jpg,No Tumor,train
Te-no_0251.jpg,No Tumor/Te-no_0251.jpg,No Tumor,train
Te-no_0252.jpg,No Tumor/Te-no_0252.jpg,No Tumor,train
Te-no_0253.jpg,No Tumor/Te-no_0253.jpg,No Tumor,train
Te-no_0254.jpg,No Tumor/Te-no_0254.jpg,No Tumor,train
Te-no_0256.jpg,No Tumor/Te-no_0256.jpg,No Tumor,train
Te-no_0258.jpg,No Tumor/Te-no_0258.jpg,No Tumor,train
Te-no_0259.jpg,No Tumor/Te-no_0259.jpg,No Tumor,train
Te-no_0260.jpg,No Tumor/Te-no_0260.jpg,No Tumor,train
Te-no_0263.jpg,No Tumor/Te-no_0263.jpg,No Tumor,train
Te-no_0264.jpg,No Tumor/Te-no_0264.jpg,No Tumor,train
Te-no_0265.jpg,No Tumor/Te-no_0265.jpg,No Tumor,train
Te-no_0266.jpg,No Tumor/Te-no_0266.jpg,No Tumor,train
Te-no_0269.jpg,No Tumor/Te-no_0269.jpg,No Tumor,train
Te-no_0272.jpg,No Tumor/Te-no_0272.jpg,No Tumor,train
Te-no_0273.jpg,No Tumor/Te-no_0273.jpg,No Tumor,train
Te-no_0274.jpg,No Tumor/Te-no_0274.jpg,No Tumor,train
Te-no_0276.jpg,No Tumor/Te-no_0276.jpg,No Tumor,train
Te-no_0277.jpg,No Tumor/Te-no_0277.jpg,No Tumor,train
Te-no_0278.jpg,No Tumor/Te-no_0278.jpg,No Tumor,train
Te-no_0279.jpg,No Tumor/Te-no_0279.jpg,No Tumor,train
Te-no_0280.jpg,No Tumor/Te-no_0280.jpg,No Tumor,train
Te-no_0281.jpg,No Tumor/Te-no_0281.jpg,No Tumor,train
Te-no_0282.jpg,No Tumor/Te-no_0282.jpg,No Tumor,train
Te-no_0284.jpg,No Tumor/Te-no_0284.jpg,No Tumor,train
Te-no_0286.jpg,No Tumor/Te-no_0286.jpg,No Tumor,train
Te-no_0288.jpg,No Tumor/Te-no_0288.jpg,No Tumor,train
Te-no_0289.jpg,No Tumor/Te-no_0289.jpg,No Tumor,train
Te-no_0290.jpg,No Tumor/Te-no_0290.jpg,No Tumor,train
Te-no_0291.jpg,No Tumor/Te-no_0291.jpg,No Tumor,train
Te-no_0293.jpg,No Tumor/Te-no_0293.jpg,No Tumor,train
Te-no_0294.jpg,No Tumor/Te-no_0294.jpg,No Tumor,train
Te-no_0295.jpg,No Tumor/Te-no_0295.jpg,No Tumor,train
Te-no_0296.jpg,No Tumor/Te-no_0296.jpg,No Tumor,train
Te-no_0297.jpg,No Tumor/Te-no_0297.jpg,No Tumor,train
Te-no_0298.jpg,No Tumor/Te-no_0298.jpg,No Tumor,train
Te-no_0299.jpg,No Tumor/Te-no_0299.jpg,No Tumor,train
Te-no_0300.jpg,No Tumor/Te-no_0300.jpg,No Tumor,train
Te-no_0301.jpg,No Tumor/Te-no_0301.jpg,No Tumor,train
Te-no_0302.jpg,No Tumor/Te-no_0302.jpg,No Tumor,train
Te-no_0304.jpg,No Tumor/Te-no_0304.jpg,No Tumor,train
Te-no_0306.jpg,No Tumor/Te-no_0306.jpg,No Tumor,train
Te-no_0307.jpg,No Tumor/Te-no_0307.jpg,No Tumor,train
Te-no_0308.jpg,No Tumor/Te-no_0308.jpg,No Tumor,train
Te-no_0309.jpg,No Tumor/Te-no_0309.jpg,No Tumor,train
Te-no_0310.jpg,No Tumor/Te-no_0310.jpg,No Tumor,train
Te-no_0311.jpg,No Tumor/Te-no_0311.jpg,No Tumor,train
Te-no_0312.jpg,No Tumor/Te-no_0312.jpg,No Tumor,train
Te-no_0314.jpg,No Tumor/Te-no_0314.jpg,No Tumor,train
Te-no_0315.jpg,No Tumor/Te-no_0315.jpg,No Tumor,train
Te-no_0319.jpg,No Tumor/Te-no_0319.jpg,No Tumor,train
Te-no_0320.jpg,No Tumor/Te-no_0320.jpg,No Tumor,train
Te-no_0321.jpg,No Tumor/Te-no_0321.jpg,No Tumor,train
Te-no_0324.jpg,No Tumor/Te-no_0324.jpg,No Tumor,train
Te-no_0325.jpg,No Tumor/Te-no_0325.jpg,No Tumor,train
Te-no_0328.jpg,No Tumor/Te-no_0328.jpg,No Tumor,train
Te-no_0329.jpg,No Tumor/Te-no_0329.jpg,No Tumor,train
Te-no_0331.jpg,No Tumor/Te-no_0331.jpg,No Tumor,train
Te-no_0335.jpg,No Tumor/Te-no_0335.jpg,No Tumor,train
Te-no_0336.jpg,No Tumor/Te-no_0336.jpg,No Tumor,train
Te-no_0339.jpg,No Tumor/Te-no_0339.jpg,No Tumor,train
Te-no_0341.jpg,No Tumor/Te-no_0341.jpg,No Tumor,train
Te-no_0342.jpg,No Tumor/Te-no_0342.jpg,No Tumor,train
Te-no_0343.jpg,No Tumor/Te-no_0343.jpg,No Tumor,train
Te-no_0344.jpg,No Tumor/Te-no_0344.jpg,No Tumor,train
Te-no_0345.jpg,No Tumor/Te-no_0345.jpg,No Tumor,train
Te-no_0346.jpg,No Tumor/Te-no_0346.jpg,No Tumor,train
Te-no_0347.jpg,No Tumor/Te-no_0347.jpg,No Tumor,train
Te-no_0348.jpg,No Tumor/Te-no_0348.jpg,No Tumor,train
Te-no_0349.jpg,No Tumor/Te-no_0349.jpg,No Tumor,train
Te-no_0351.jpg,No Tumor/Te-no_0351.jpg,No Tumor,train
Te-no_0352.jpg,No Tumor/Te-no_0352.jpg,No Tumor,train
Te-no_0353.jpg,No Tumor/Te-no_0353.jpg,No Tumor,train
Te-no_0354.jpg,No Tumor/Te-no_0354.jpg,No Tumor,train
Te-no_0355.jpg,No Tumor/Te-no_0355.jpg,No Tumor,train
Te-no_0356.jpg,No Tumor/Te-no_0356.jpg,No Tumor,train
Te-no_0357.jpg,No Tumor/Te-no_0357.jpg,No Tumor,train
Te-no_0358.jpg,No Tumor/Te-no_0358.jpg,No Tumor,train
Te-no_0359.jpg,No Tumor/Te-no_0359.jpg,No Tumor,train
Te-no_0360.jpg,No Tumor/Te-no_0360.jpg,No Tumor,train
Te-no_0361.jpg,No Tumor/Te-no_0361.jpg,No Tumor,train
Te-no_0363.jpg,No Tumor/Te-no_0363.jpg,No Tumor,train
Te-no_0364.jpg,No Tumor/Te-no_0364.jpg,No Tumor,train
Te-no_0366.jpg,No Tumor/Te-no_0366.jpg,No Tumor,train
Te-no_0368.jpg,No Tumor/Te-no_0368.jpg,No Tumor,train
Te-no_0369.jpg,No Tumor/Te-no_0369.jpg,No Tumor,train
Te-no_0370.jpg,No Tumor/Te-no_0370.jpg,No Tumor,train
Te-no_0371.jpg,No Tumor/Te-no_0371.jpg,No Tumor,train
Te-no_0372.jpg,No Tumor/Te-no_0372.jpg,No Tumor,train
Te-no_0373.jpg,No Tumor/Te-no_0373.jpg,No Tumor,train
Te-no_0374.jpg,No Tumor/Te-no_0374.jpg,No Tumor,train
Te-no_0376.jpg,No Tumor/Te-no_0376.jpg,No Tumor,train
Te-no_0377.jpg,No Tumor/Te-no_0377.jpg,No Tumor,train
Te-no_0378.jpg,No Tumor/Te-no_0378.jpg,No Tumor,train
Te-no_0379.jpg,No Tumor/Te-no_0379.jpg,No Tumor,train
Te-no_0381.jpg,No Tumor/Te-no_0381.jpg,No Tumor,train
Te-no_0382.jpg,No Tumor/Te-no_0382.jpg,No Tumor,train
Te-no_0383.jpg,No Tumor/Te-no_0383.jpg,No Tumor,train
Te-no_0384.jpg,No Tumor/Te-no_0384.jpg,No Tumor,train
Te-no_0385.jpg,No Tumor/Te-no_0385.jpg,No Tumor,train
Te-no_0386.jpg,No Tumor/Te-no_0386.jpg,No Tumor,train
Te-no_0387.jpg,No Tumor/Te-no_0387.jpg,No Tumor,train
Te-no_0390.jpg,No Tumor/Te-no_0390.jpg,No Tumor,train
Te-no_0391.jpg,No Tumor/Te-no_0391.jpg,No Tumor,train
Te-no_0394.jpg,No Tumor/Te-no_0394.jpg,No Tumor,train
Te-no_0396.jpg,No Tumor/Te-no_0396.jpg,No Tumor,train
Te-no_0397.jpg,No Tumor/Te-no_0397.jpg,No Tumor,train
Te-no_0398.jpg,No Tumor/Te-no_0398.jpg,No Tumor,train
Te-no_0399.jpg,No Tumor/Te-no_0399.jpg,No Tumor,train
Te-no_0400.jpg,No Tumor/Te-no_0400.jpg,No Tumor,train
Te-no_0401.jpg,No Tumor/Te-no_0401.jpg,No Tumor,train
Te-no_0402.jpg,No Tumor/Te-no_0402.jpg,No Tumor,train
Te-no_0404.jpg,No Tumor/Te-no_0404.jpg,No Tumor,train
Tr-noTr_0000.jpg,No Tumor/Tr-noTr_0000.jpg,No Tumor,train
Tr-noTr_0001.jpg,No Tumor/Tr-noTr_0001.jpg,No Tumor,train
Tr-noTr_0004.jpg,No Tumor/Tr-noTr_0004.jpg,No Tumor,train
Tr-noTr_0005.jpg,No Tumor/Tr-noTr_0005.jpg,No Tumor,train
Tr-noTr_0007.jpg,No Tumor/Tr-noTr_0007.jpg,No Tumor,train
Tr-noTr_0008.jpg,No Tumor/Tr-noTr_0008.jpg,No Tumor,train
Tr-noTr_0009.jpg,No Tumor/Tr-noTr_0009.jpg,No Tumor,train
Tr-no_0010.jpg,No Tumor/Tr-no_0010.jpg,No Tumor,train
Tr-no_0012.jpg,No Tumor/Tr-no_0012.jpg,No Tumor,train
Tr-no_0014.jpg,No Tumor/Tr-no_0014.jpg,No Tumor,train
Tr-no_0015.jpg,No Tumor/Tr-no_0015.jpg,No Tumor,train
Tr-no_0016.jpg,No Tumor/Tr-no_0016.jpg,No Tumor,train
Tr-no_0017.jpg,No Tumor/Tr-no_0017.jpg,No Tumor,train
Tr-no_0018.jpg,No Tumor/Tr-no_0018.jpg,No Tumor,train
Tr-no_0019.jpg,No Tumor/Tr-no_0019.jpg,No Tumor,train
Tr-no_0020.jpg,No Tumor/Tr-no_0020.jpg,No Tumor,train
Tr-no_0021.jpg,No Tumor/Tr-no_0021.jpg,No Tumor,train
Tr-no_0022.jpg,No Tumor/Tr-no_0022.jpg,No Tumor,train
Tr-no_0023.jpg,No Tumor/Tr-no_0023.jpg,No Tumor,train
Tr-no_0029.jpg,No Tumor/Tr-no_0029.jpg,No Tumor,train
Tr-no_0034.jpg,No Tumor/Tr-no_0034.jpg,No Tumor,train
Tr-no_0036.jpg,No Tumor/Tr-no_0036.jpg,No Tumor,train
Tr-no_0037.jpg,No Tumor/Tr-no_0037.jpg,No Tumor,train
Tr-no_0038.jpg,No Tumor/Tr-no_0038.jpg,No Tumor,train
Tr-no_0039.jpg,No Tumor/Tr-no_0039.jpg,No Tumor,train
Tr-no_0041.jpg,No Tumor/Tr-no_0041.jpg,No Tumor,train
Tr-no_0043.jpg,No Tumor/Tr-no_0043.jpg,No Tumor,train
Tr-no_0045.jpg,No Tumor/Tr-no_0045.jpg,No Tumor,train
Tr-no_0047.jpg,No Tumor/Tr-no_0047.jpg,No Tumor,train
Tr-no_0048.jpg,No Tumor/Tr-no_0048.jpg,No Tumor,train
Tr-no_0049.jpg,No Tumor/Tr-no_0049.jpg,No Tumor,train
Tr-no_0053.jpg,No Tumor/Tr-no_0053.jpg,No Tumor,train
Tr-no_0054.jpg,No Tumor/Tr-no_0054.jpg,No Tumor,train
Tr-no_0056.jpg,No Tumor/Tr-no_0056.jpg,No Tumor,train
Tr-no_0057.jpg,No Tumor/Tr-no_0057.jpg,No Tumor,train
Tr-no_0058.jpg,No Tumor/Tr-no_0058.jpg,No Tumor,train
Tr-no_0059.jpg,No Tumor/Tr-no_0059.jpg,No Tumor,train
Tr-no_0060.jpg,No Tumor/Tr-no_0060.jpg,No Tumor,train
Tr-no_0062.jpg,No Tumor/Tr-no_0062.jpg,No Tumor,train
Tr-no_0065.jpg,No Tumor/Tr-no_0065.jpg,No Tumor,train
Tr-no_0067.jpg,No Tumor/Tr-no_0067.jpg,No Tumor,train
Tr-no_0068.jpg,No Tumor/Tr-no_0068.jpg,No Tumor,train
Tr-no_0069.jpg,No Tumor/Tr-no_0069.jpg,No Tumor,train
Tr-no_0070.jpg,No Tumor/Tr-no_0070.jpg,No Tumor,train
Tr-no_0072.jpg,No Tumor/Tr-no_0072.jpg,No Tumor,train
Tr-no_0073.jpg,No Tumor/Tr-no_0073.jpg,No Tumor,train
Tr-no_0074.jpg,No Tumor/Tr-no_0074.jpg,No Tumor,train
Tr-no_0075.jpg,No Tumor/Tr-no_0075.jpg,No Tumor,train
Tr-no_0077.jpg,No Tumor/Tr-no_0077.jpg,No Tumor,train
Tr-no_0078.jpg,No Tumor/Tr-no_0078.jpg,No Tumor,train
Tr-no_0080.jpg,No Tumor/Tr-no_0080.jpg,No Tumor,train
Tr-no_0081.jpg,No Tumor/Tr-no_0081.jpg,No Tumor,train
Tr-no_0084.jpg,No Tumor/Tr-no_0084.jpg,No Tumor,train
Tr-no_0086.jpg,No Tumor/Tr-no_0086.jpg,No Tumor,train
Tr-no_0087.jpg,No Tumor/Tr-no_0087.jpg,No Tumor,train
Tr-no_0089.jpg,No Tumor/Tr-no_0089.jpg,No Tumor,train
Tr-no_0090.jpg,No Tumor/Tr-no_0090.jpg,No Tumor,train
Tr-no_0091.jpg,No Tumor/Tr-no_0091.jpg,No Tumor,train
Tr-no_0093.jpg,No Tumor/Tr-no_0093.jpg,No Tumor,train
Tr-no_0094.jpg,No Tumor/Tr-no_0094.jpg,No Tumor,train
Tr-no_0097.jpg,No Tumor/Tr-no_0097.jpg,No Tumor,train
Tr-no_0098.jpg,No Tumor/Tr-no_0098.jpg,No Tumor,train
Tr-no_0101.jpg,No Tumor/Tr-no_0101.jpg,No Tumor,train
Tr-no_0105.jpg,No Tumor/Tr-no_0105.jpg,No Tumor,train
Tr-no_0107.jpg,No Tumor/Tr-no_0107.jpg,No Tumor,train
Tr-no_0108.jpg,No Tumor/Tr-no_0108.jpg,No Tumor,train
Tr-no_0110.jpg,No Tumor/Tr-no_0110.jpg,No Tumor,train
Tr-no_0111.jpg,No Tumor/Tr-no_0111.jpg,No Tumor,train
Tr-no_0112.jpg,No Tumor/Tr-no_0112.jpg,No Tumor,train
Tr-no_0113.jpg,No Tumor/Tr-no_0113.jpg,No Tumor,train
Tr-no_0114.jpg,No Tumor/Tr-no_0114.jpg,No Tumor,train
Tr-no_0115.jpg,No Tumor/Tr-no_0115.jpg,No Tumor,train
Tr-no_0117.jpg,No Tumor/Tr-no_0117.jpg,No Tumor,train
Tr-no_0118.jpg,No Tumor/Tr-no_0118.jpg,No Tumor,train
Tr-no_0119.jpg,No Tumor/Tr-no_0119.jpg,No Tumor,train
Tr-no_0120.jpg,No Tumor/Tr-no_0120.jpg,No Tumor,train
Tr-no_0121.jpg,No Tumor/Tr-no_0121.jpg,No Tumor,train
Tr-no_0122.jpg,No Tumor/Tr-no_0122.jpg,No Tumor,train
Tr-no_0123.jpg,No Tumor/Tr-no_0123.jpg,No Tumor,train
Tr-no_0124.jpg,No Tumor/Tr-no_0124.jpg,No Tumor,train
Tr-no_0125.jpg,No Tumor/Tr-no_0125.jpg,No Tumor,train
Tr-no_0126.jpg,No Tumor/Tr-no_0126.jpg,No Tumor,train
Tr-no_0127.jpg,No Tumor/Tr-no_0127.jpg,No Tumor,train
Tr-no_0128.jpg,No Tumor/Tr-no_0128.jpg,No Tumor,train
Tr-no_0130.jpg,No Tumor/Tr-no_0130.jpg,No Tumor,train
Tr-no_0132.jpg,No Tumor/Tr-no_0132.jpg,No Tumor,train
Tr-no_0139.jpg,No Tumor/Tr-no_0139.jpg,No Tumor,train
Tr-no_0140.jpg,No Tumor/Tr-no_0140.jpg,No Tumor,train
Tr-no_0142.jpg,No Tumor/Tr-no_0142.jpg,No Tumor,train
Tr-no_0144.jpg,No Tumor/Tr-no_0144.jpg,No Tumor,train
Tr-no_0145.jpg,No Tumor/Tr-no_0145.jpg,No Tumor,train
Tr-no_0146.jpg,No Tumor/Tr-no_0146.jpg,No Tumor,train
Tr-no_0148.jpg,No Tumor/Tr-no_0148.jpg,No Tumor,train
Tr-no_0149.jpg,No Tumor/Tr-no_0149.jpg,No Tumor,train
Tr-no_0150.jpg,No Tumor/Tr-no_0150.jpg,No Tumor,train
Tr-no_0151.jpg,No Tumor/Tr-no_0151.jpg,No Tumor,train
Tr-no_0153.jpg,No Tumor/Tr-no_0153.jpg,No Tumor,train
Tr-no_0154.jpg,No Tumor/Tr-no_0154.jpg,No Tumor,train
Tr-no_0155.jpg,No Tumor/Tr-no_0155.jpg,No Tumor,train
Tr-no_0156.jpg,No Tumor/Tr-no_0156.jpg,No Tumor,train
Tr-no_0157.jpg,No Tumor/Tr-no_0157.jpg,No Tumor,train
Tr-no_0159.jpg,No Tumor/Tr-no_0159.jpg,No Tumor,train
Tr-no_0160.jpg,No Tumor/Tr-no_0160.jpg,No Tumor,train
Tr-no_0162.jpg,No Tumor/Tr-no_0162.jpg,No Tumor,train
Tr-no_0163.jpg,No Tumor/Tr-no_0163.jpg,No Tumor,train
Tr-no_0167.jpg,No Tumor/Tr-no_0167.jpg,No Tumor,train
Tr-no_0168.jpg,No Tumor/Tr-no_0168.jpg,No Tumor,train
Tr-no_0169.jpg,No Tumor/Tr-no_0169.jpg,No Tumor,train
Tr-no_0170.jpg,No Tumor/Tr-no_0170.jpg,No Tumor,train
Tr-no_0171.jpg,No Tumor/Tr-no_0171.jpg,No Tumor,train
Tr-no_0173.jpg,No Tumor/Tr-no_0173.jpg,No Tumor,train
Tr-no_0174.jpg,No Tumor/Tr-no_0174.jpg,No Tumor,train
Tr-no_0175.jpg,No Tumor/Tr-no_0175.jpg,No Tumor,train
Tr-no_0176.jpg,No Tumor/Tr-no_0176.jpg,No Tumor,train
Tr-no_0177.jpg,No Tumor/Tr-no_0177.jpg,No Tumor,train
Tr-no_0180.jpg,No Tumor/Tr-no_0180.jpg,No Tumor,train
Tr-no_0181.jpg,No Tumor/Tr-no_0181.jpg,No Tumor,train
Tr-no_0182.jpg,No Tumor/Tr-no_0182.jpg,No Tumor,train
Tr-no_0183.jpg,No Tumor/Tr-no_0183.jpg,No Tumor,train
Tr-no_0184.jpg,No Tumor/Tr-no_0184.jpg,No Tumor,train
Tr-no_0185.jpg,No Tumor/Tr-no_0185.jpg,No Tumor,train
Tr-no_0186.jpg,No Tumor/Tr-no_0186.jpg,No Tumor,train
Tr-no_0188.jpg,No Tumor/Tr-no_0188.jpg,No Tumor,train
Tr-no_0189.jpg,No Tumor/Tr-no_0189.jpg,No Tumor,train
Tr-no_0190.jpg,No Tumor/Tr-no_0190.jpg,No Tumor,train
Tr-no_0191.jpg,No Tumor/Tr-no_0191.jpg,No Tumor,train
Tr-no_0192.jpg,No Tumor/Tr-no_0192.jpg,No Tumor,train
Tr-no_0193.jpg,No Tumor/Tr-no_0193.jpg,No Tumor,train
Tr-no_0194.jpg,No Tumor/Tr-no_0194.jpg,No Tumor,train
Tr-no_0197.jpg,No Tumor/Tr-no_0197.jpg,No Tumor,train
Tr-no_0198.jpg,No Tumor/Tr-no_0198.jpg,No Tumor,train
Tr-no_0199.jpg,No Tumor/Tr-no_0199.jpg,No Tumor,train
Tr-no_0200.jpg,No Tumor/Tr-no_0200.jpg,No Tumor,train
Tr-no_0201.jpg,No Tumor/Tr-no_0201.jpg,No Tumor,train
Tr-no_0203.jpg,No Tumor/Tr-no_0203.jpg,No Tumor,train
Tr-no_0204.jpg,No Tumor/Tr-no_0204.jpg,No Tumor,train
Tr-no_0205.jpg,No Tumor/Tr-no_0205.jpg,No Tumor,train
Tr-no_0207.jpg,No Tumor/Tr-no_0207.jpg,No Tumor,train
Tr-no_0210.jpg,No Tumor/Tr-no_0210.jpg,No Tumor,train
Tr-no_0211.jpg,No Tumor/Tr-no_0211.jpg,No Tumor,train
Tr-no_0212.jpg,No Tumor/Tr-no_0212.jpg,No Tumor,train
Tr-no_0213.jpg,No Tumor/Tr-no_0213.jpg,No Tumor,train
Tr-no_0215.jpg,No Tumor/Tr-no_0215.jpg,No Tumor,train
Tr-no_0216.jpg,No Tumor/Tr-no_0216.jpg,No Tumor,train
Tr-no_0217.jpg,No Tumor/Tr-no_0217.jpg,No Tumor,train
Tr-no_0218.jpg,No Tumor/Tr-no_0218.jpg,No Tumor,train
Tr-no_0219.jpg,No Tumor/Tr-no_0219.jpg,No Tumor,train
Tr-no_0221.jpg,No Tumor/Tr-no_0221.jpg,No Tumor,train
Tr-no_0222.jpg,No Tumor/Tr-no_0222.jpg,No Tumor,train
Tr-no_0223.jpg,No Tumor/Tr-no_0223.jpg,No Tumor,train
Tr-no_0225.jpg,No Tumor/Tr-no_0225.jpg,No Tumor,train
Tr-no_0227.jpg,No Tumor/Tr-no_0227.jpg,No Tumor,train
Tr-no_0228.jpg,No Tumor/Tr-no_0228.jpg,No Tumor,train
Tr-no_0229.jpg,No Tumor/Tr-no_0229.jpg,No Tumor,train
Tr-no_0230.jpg,No Tumor/Tr-no_0230.jpg,No Tumor,train
Tr-no_0231.jpg,No Tumor/Tr-no_0231.jpg,No Tumor,train
Tr-no_0232.jpg,No Tumor/Tr-no_0232.jpg,No Tumor,train
Tr-no_0234.jpg,No Tumor/Tr-no_0234.jpg,No Tumor,train
Tr-no_0235.jpg,No Tumor/Tr-no_0235.jpg,No Tumor,train
Tr-no_0236.jpg,No Tumor/Tr-no_0236.jpg,No Tumor,train
Tr-no_0240.jpg,No Tumor/Tr-no_0240.jpg,No Tumor,train
Tr-no_0243.jpg,No Tumor/Tr-no_0243.jpg,No Tumor,train
Tr-no_0244.jpg,No Tumor/Tr-no_0244.jpg,No Tumor,train
Tr-no_0245.jpg,No Tumor/Tr-no_0245.jpg,No Tumor,train
Tr-no_0246.jpg,No Tumor/Tr-no_0246.jpg,No Tumor,train
Tr-no_0247.jpg,No Tumor/Tr-no_0247.jpg,No Tumor,train
Tr-no_0248.jpg,No Tumor/Tr-no_0248.jpg,No Tumor,train
Tr-no_0249.jpg,No Tumor/Tr-no_0249.jpg,No Tumor,train
Tr-no_0250.jpg,No Tumor/Tr-no_0250.jpg,No Tumor,train
Tr-no_0251.jpg,No Tumor/Tr-no_0251.jpg,No Tumor,train
Tr-no_0252.jpg,No Tumor/Tr-no_0252.jpg,No Tumor,train
Tr-no_0253.jpg,No Tumor/Tr-no_0253.jpg,No Tumor,train
Tr-no_0254.jpg,No Tumor/Tr-no_0254.jpg,No Tumor,train
Tr-no_0255.jpg,No Tumor/Tr-no_0255.jpg,No Tumor,train
Tr-no_0256.jpg,No Tumor/Tr-no_0256.jpg,No Tumor,train
Tr-no_0257.jpg,No Tumor/Tr-no_0257.jpg,No Tumor,train
Tr-no_0260.jpg,No Tumor/Tr-no_0260.jpg,No Tumor,train
Tr-no_0261.jpg,No Tumor/Tr-no_0261.jpg,No Tumor,train
Tr-no_0262.jpg,No Tumor/Tr-no_0262.jpg,No Tumor,train
Tr-no_0263.jpg,No Tumor/Tr-no_0263.jpg,No Tumor,train
Tr-no_0264.jpg,No Tumor/Tr-no_0264.jpg,No Tumor,train
Tr-no_0265.jpg,No Tumor/Tr-no_0265.jpg,No Tumor,train
Tr-no_0266.jpg,No Tumor/Tr-no_0266.jpg,No Tumor,train
Tr-no_0268.jpg,No Tumor/Tr-no_0268.jpg,No Tumor,train
Tr-no_0269.jpg,No Tumor/Tr-no_0269.jpg,No Tumor,train
Tr-no_0270.jpg,No Tumor/Tr-no_0270.jpg,No Tumor,train
Tr-no_0272.jpg,No Tumor/Tr-no_0272.jpg,No Tumor,train
Tr-no_0274.jpg,No Tumor/Tr-no_0274.jpg,No Tumor,train
Tr-no_0276.jpg,No Tumor/Tr-no_0276.jpg,No Tumor,train
Tr-no_0277.jpg,No Tumor/Tr-no_0277.jpg,No Tumor,train
Tr-no_0279.jpg,No Tumor/Tr-no_0279.jpg,No Tumor,train
Tr-no_0280.jpg,No Tumor/Tr-no_0280.jpg,No Tumor,train
Tr-no_0281.jpg,No Tumor/Tr-no_0281.jpg,No Tumor,train
Tr-no_0282.jpg,No Tumor/Tr-no_0282.jpg,No Tumor,train
Tr-no_0283.jpg,No Tumor/Tr-no_0283.jpg,No Tumor,train
Tr-no_0285.jpg,No Tumor/Tr-no_0285.jpg,No Tumor,train
Tr-no_0286.jpg,No Tumor/Tr-no_0286.jpg,No Tumor,train
Tr-no_0288.jpg,No Tumor/Tr-no_0288.jpg,No Tumor,train
Tr-no_0290.jpg,No Tumor/Tr-no_0290.jpg,No Tumor,train
Tr-no_0292.jpg,No Tumor/Tr-no_0292.jpg,No Tumor,train
Tr-no_0293.jpg,No Tumor/Tr-no_0293.jpg,No Tumor,train
Tr-no_0294.jpg,No Tumor/Tr-no_0294.jpg,No Tumor,train
Tr-no_0295.jpg,No Tumor/Tr-no_0295.jpg,No Tumor,train
Tr-no_0296.jpg,No Tumor/Tr-no_0296.jpg,No Tumor,train
Tr-no_0298.jpg,No Tumor/Tr-no_0298.jpg,No Tumor,train
Tr-no_0300.jpg,No Tumor/Tr-no_0300.jpg,No Tumor,train
Tr-no_0301.jpg,No Tumor/Tr-no_0301.jpg,No Tumor,train
Tr-no_0303.jpg,No Tumor/Tr-no_0303.jpg,No Tumor,train
Tr-no_0304.jpg,No Tumor/Tr-no_0304.jpg,No Tumor,train
Tr-no_0305.jpg,No Tumor/Tr-no_0305.jpg,No Tumor,train
Tr-no_0306.jpg,No Tumor/Tr-no_0306.jpg,No Tumor,train
Tr-no_0307.jpg,No Tumor/Tr-no_0307.jpg,No Tumor,train
Tr-no_0308.jpg,No Tumor/Tr-no_0308.jpg,No Tumor,train
Tr-no_0310.jpg,No Tumor/Tr-no_0310.jpg,No Tumor,train
Tr-no_0312.jpg,No Tumor/Tr-no_0312.jpg,No Tumor,train
Tr-no_0313.jpg,No Tumor/Tr-no_0313.jpg,No Tumor,train
Tr-no_0315.jpg,No Tumor/Tr-no_0315.jpg,No Tumor,train
Tr-no_0316.jpg,No Tumor/Tr-no_0316.jpg,No Tumor,train
Tr-no_0317.jpg,No Tumor/Tr-no_0317.jpg,No Tumor,train
Tr-no_0318.jpg,No Tumor/Tr-no_0318.jpg,No Tumor,train
Tr-no_0321.jpg,No Tumor/Tr-no_0321.jpg,No Tumor,train
Tr-no_0323.jpg,No Tumor/Tr-no_0323.jpg,No Tumor,train
Tr-no_0324.jpg,No Tumor/Tr-no_0324.jpg,No Tumor,train
Tr-no_0325.jpg,No Tumor/Tr-no_0325.jpg,No Tumor,train
Tr-no_0326.jpg,No Tumor/Tr-no_0326.jpg,No Tumor,train
Tr-no_0328.jpg,No Tumor/Tr-no_0328.jpg,No Tumor,train
Tr-no_0329.jpg,No Tumor/Tr-no_0329.jpg,No Tumor,train
Tr-no_0331.jpg,No Tumor/Tr-no_0331.jpg,No Tumor,train
Tr-no_0332.jpg,No Tumor/Tr-no_0332.jpg,No Tumor,train
Tr-no_0333.jpg,No Tumor/Tr-no_0333.jpg,No Tumor,train
Tr-no_0334.jpg,No Tumor/Tr-no_0334.jpg,No Tumor,train
Tr-no_0337.jpg,No Tumor/Tr-no_0337.jpg,No Tumor,train
Tr-no_0339.jpg,No Tumor/Tr-no_0339.jpg,No Tumor,train
Tr-no_0343.jpg,No Tumor/Tr-no_0343.jpg,No Tumor,train
Tr-no_0344.jpg,No Tumor/Tr-no_0344.jpg,No Tumor,train
Tr-no_0345.jpg,No Tumor/Tr-no_0345.jpg,No Tumor,train
Tr-no_0346.jpg,No Tumor/Tr-no_0346.jpg,No Tumor,train
Tr-no_0347.jpg,No Tumor/Tr-no_0347.jpg,No Tumor,train
Tr-no_0348.jpg,No Tumor/Tr-no_0348.jpg,No Tumor,train
Tr-no_0349.jpg,No Tumor/Tr-no_0349.jpg,No Tumor,train
Tr-no_0350.jpg,No Tumor/Tr-no_0350.jpg,No Tumor,train
Tr-no_0352.jpg,No Tumor/Tr-no_0352.jpg,No Tumor,train
Tr-no_0354.jpg,No Tumor/Tr-no_0354.jpg,No Tumor,train
Tr-no_0355.jpg,No Tumor/Tr-no_0355.jpg,No Tumor,train
Tr-no_0356.jpg,No Tumor/Tr-no_0356.jpg,No Tumor,train
Tr-no_0357.jpg,No Tumor/Tr-no_0357.jpg,No Tumor,train
Tr-no_0358.jpg,No Tumor/Tr-no_0358.jpg,No Tumor,train
Tr-no_0361.jpg,No Tumor/Tr-no_0361.jpg,No Tumor,train
Tr-no_0362.jpg,No Tumor/Tr-no_0362.jpg,No Tumor,train
Tr-no_0363.jpg,No Tumor/Tr-no_0363.jpg,No Tumor,train
Tr-no_0364.jpg,No Tumor/Tr-no_0364.jpg,No Tumor,train
Tr-no_0365.jpg,No Tumor/Tr-no_0365.jpg,No Tumor,train
Tr-no_0366.jpg,No Tumor/Tr-no_0366.jpg,No Tumor,train
Tr-no_0367.jpg,No Tumor/Tr-no_0367.jpg,No Tumor,train
Tr-no_0368.jpg,No Tumor/Tr-no_0368.jpg,No Tumor,train
Tr-no_0369.jpg,No Tumor/Tr-no_0369.jpg,No Tumor,train
Tr-no_0374.jpg,No Tumor/Tr-no_0374.jpg,No Tumor,train
Tr-no_0375.jpg,No Tumor/Tr-no_0375.jpg,No Tumor,train
Tr-no_0377.jpg,No Tumor/Tr-no_0377.jpg,No Tumor,train
Tr-no_0379.jpg,No Tumor/Tr-no_0379.jpg,No Tumor,train
Tr-no_0380.jpg,No Tumor/Tr-no_0380.jpg,No Tumor,train
Tr-no_0381.jpg,No Tumor/Tr-no_0381.jpg,No Tumor,train
Tr-no_0382.jpg,No Tumor/Tr-no_0382.jpg,No Tumor,train
Tr-no_0384.jpg,No Tumor/Tr-no_0384.jpg,No Tumor,train
Tr-no_0385.jpg,No Tumor/Tr-no_0385.jpg,No Tumor,train
Tr-no_0386.jpg,No Tumor/Tr-no_0386.jpg,No Tumor,train
Tr-no_0387.jpg,No Tumor/Tr-no_0387.jpg,No Tumor,train
Tr-no_0388.jpg,No Tumor/Tr-no_0388.jpg,No Tumor,train
Tr-no_0389.jpg,No Tumor/Tr-no_0389.jpg,No Tumor,train
Tr-no_0390.jpg,No Tumor/Tr-no_0390.jpg,No Tumor,train
Tr-no_0391.jpg,No Tumor/Tr-no_0391.jpg,No Tumor,train
Tr-no_0392.jpg,No Tumor/Tr-no_0392.jpg,No Tumor,train
Tr-no_0393.jpg,No Tumor/Tr-no_0393.jpg,No Tumor,train
Tr-no_0395.jpg,No Tumor/Tr-no_0395.jpg,No Tumor,train
Tr-no_0396.jpg,No Tumor/Tr-no_0396.jpg,No Tumor,train
Tr-no_0397.jpg,No Tumor/Tr-no_0397.jpg,No Tumor,train
Tr-no_0398.jpg,No Tumor/Tr-no_0398.jpg,No Tumor,train
Tr-no_0399.jpg,No Tumor/Tr-no_0399.jpg,No Tumor,train
Tr-no_0400.jpg,No Tumor/Tr-no_0400.jpg,No Tumor,train
Tr-no_0401.jpg,No Tumor/Tr-no_0401.jpg,No Tumor,train
Tr-no_0402.jpg,No Tumor/Tr-no_0402.jpg,No Tumor,train
Tr-no_0403.jpg,No Tumor/Tr-no_0403.jpg,No Tumor,train
Tr-no_0404.jpg,No Tumor/Tr-no_0404.jpg,No Tumor,train
Tr-no_0406.jpg,No Tumor/Tr-no_0406.jpg,No Tumor,train
Tr-no_0407.jpg,No Tumor/Tr-no_0407.jpg,No Tumor,train
Tr-no_0408.jpg,No Tumor/Tr-no_0408.jpg,No Tumor,train
Tr-no_0409.jpg,No Tumor/Tr-no_0409.jpg,No Tumor,train
Tr-no_0410.jpg,No Tumor/Tr-no_0410.jpg,No Tumor,train
Tr-no_0414.jpg,No Tumor/Tr-no_0414.jpg,No Tumor,train
Tr-no_0415.jpg,No Tumor/Tr-no_0415.jpg,No Tumor,train
Tr-no_0417.jpg,No Tumor/Tr-no_0417.jpg,No Tumor,train
Tr-no_0418.jpg,No Tumor/Tr-no_0418.jpg,No Tumor,train
Tr-no_0420.jpg,No Tumor/Tr-no_0420.jpg,No Tumor,train
Tr-no_0422.jpg,No Tumor/Tr-no_0422.jpg,No Tumor,train
Tr-no_0423.jpg,No Tumor/Tr-no_0423.jpg,No Tumor,train
Tr-no_0424.jpg,No Tumor/Tr-no_0424.jpg,No Tumor,train
Tr-no_0425.jpg,No Tumor/Tr-no_0425.jpg,No Tumor,train
Tr-no_0426.jpg,No Tumor/Tr-no_0426.jpg,No Tumor,train
Tr-no_0429.jpg,No Tumor/Tr-no_0429.jpg,No Tumor,train
Tr-no_0430.jpg,No Tumor/Tr-no_0430.jpg,No Tumor,train
Tr-no_0431.jpg,No Tumor/Tr-no_0431.jpg,No Tumor,train
Tr-no_0432.jpg,No Tumor/Tr-no_0432.jpg,No Tumor,train
Tr-no_0433.jpg,No Tumor/Tr-no_0433.jpg,No Tumor,train
Tr-no_0434.jpg,No Tumor/Tr-no_0434.jpg,No Tumor,train
Tr-no_0435.jpg,No Tumor/Tr-no_0435.jpg,No Tumor,train
Tr-no_0437.jpg,No Tumor/Tr-no_0437.jpg,No Tumor,train
Tr-no_0440.jpg,No Tumor/Tr-no_0440.jpg,No Tumor,train
Tr-no_0441.jpg,No Tumor/Tr-no_0441.jpg,No Tumor,train
Tr-no_0442.jpg,No Tumor/Tr-no_0442.jpg,No Tumor,train
Tr-no_0443.jpg,No Tumor/Tr-no_0443.jpg,No Tumor,train
Tr-no_0444.jpg,No Tumor/Tr-no_0444.jpg,No Tumor,train
Tr-no_0445.jpg,No Tumor/Tr-no_0445.jpg,No Tumor,train
Tr-no_0446.jpg,No Tumor/Tr-no_0446.jpg,No Tumor,train
Tr-no_0447.jpg,No Tumor/Tr-no_0447.jpg,No Tumor,train
Tr-no_0448.jpg,No Tumor/Tr-no_0448.jpg,No Tumor,train
Tr-no_0449.jpg,No Tumor/Tr-no_0449.jpg,No Tumor,train
Tr-no_0450.jpg,No Tumor/Tr-no_0450.jpg,No Tumor,train
Tr-no_0451.jpg,No Tumor/Tr-no_0451.jpg,No Tumor,train
Tr-no_0452.jpg,No Tumor/Tr-no_0452.jpg,No Tumor,train
Tr-no_0455.jpg,No Tumor/Tr-no_0455.jpg,No Tumor,train
Tr-no_0456.jpg,No Tumor/Tr-no_0456.jpg,No Tumor,train
Tr-no_0457.jpg,No Tumor/Tr-no_0457.jpg,No Tumor,train
Tr-no_0458.jpg,No Tumor/Tr-no_0458.jpg,No Tumor,train
Tr-no_0463.jpg,No Tumor/Tr-no_0463.jpg,No Tumor,train
Tr-no_0464.jpg,No Tumor/Tr-no_0464.jpg,No Tumor,train
Tr-no_0465.jpg,No Tumor/Tr-no_0465.jpg,No Tumor,train
Tr-no_0466.jpg,No Tumor/Tr-no_0466.jpg,No Tumor,train
Tr-no_0467.jpg,No Tumor/Tr-no_0467.jpg,No Tumor,train
Tr-no_0468.jpg,No Tumor/Tr-no_0468.jpg,No Tumor,train
Tr-no_0469.jpg,No Tumor/Tr-no_0469.jpg,No Tumor,train
Tr-no_0471.jpg,No Tumor/Tr-no_0471.jpg,No Tumor,train
Tr-no_0473.jpg,No Tumor/Tr-no_0473.jpg,No Tumor,train
Tr-no_0474.jpg,No Tumor/Tr-no_0474.jpg,No Tumor,train
Tr-no_0476.jpg,No Tumor/Tr-no_0476.jpg,No Tumor,train
Tr-no_0478.jpg,No Tumor/Tr-no_0478.jpg,No Tumor,train
Tr-no_0479.jpg,No Tumor/Tr-no_0479.jpg,No Tumor,train
Tr-no_0480.jpg,No Tumor/Tr-no_0480.jpg,No Tumor,train
Tr-no_0481.jpg,No Tumor/Tr-no_0481.jpg,No Tumor,train
Tr-no_0482.jpg,No Tumor/Tr-no_0482.jpg,No Tumor,train
Tr-no_0483.jpg,No Tumor/Tr-no_0483.jpg,No Tumor,train
Tr-no_0486.jpg,No Tumor/Tr-no_0486.jpg,No Tumor,train
Tr-no_0487.jpg,No Tumor/Tr-no_0487.jpg,No Tumor,train
Tr-no_0489.jpg,No Tumor/Tr-no_0489.jpg,No Tumor,train
Tr-no_0490.jpg,No Tumor/Tr-no_0490.jpg,No Tumor,train
Tr-no_0491.jpg,No Tumor/Tr-no_0491.jpg,No Tumor,train
Tr-no_0493.jpg,No Tumor/Tr-no_0493.jpg,No Tumor,train
Tr-no_0494.jpg,No Tumor/Tr-no_0494.jpg,No Tumor,train
Tr-no_0495.jpg,No Tumor/Tr-no_0495.jpg,No Tumor,train
Tr-no_0496.jpg,No Tumor/Tr-no_0496.jpg,No Tumor,train
Tr-no_0497.jpg,No Tumor/Tr-no_0497.jpg,No Tumor,train
Tr-no_0498.jpg,No Tumor/Tr-no_0498.jpg,No Tumor,train
Tr-no_0500.jpg,No Tumor/Tr-no_0500.jpg,No Tumor,train
Tr-no_0501.jpg,No Tumor/Tr-no_0501.jpg,No Tumor,train
Tr-no_0503.jpg,No Tumor/Tr-no_0503.jpg,No Tumor,train
Tr-no_0504.jpg,No Tumor/Tr-no_0504.jpg,No Tumor,train
Tr-no_0505.jpg,No Tumor/Tr-no_0505.jpg,No Tumor,train
Tr-no_0506.jpg,No Tumor/Tr-no_0506.jpg,No Tumor,train
Tr-no_0507.jpg,No Tumor/Tr-no_0507.jpg,No Tumor,train
Tr-no_0508.jpg,No Tumor/Tr-no_0508.jpg,No Tumor,train
Tr-no_0509.jpg,No Tumor/Tr-no_0509.jpg,No Tumor,train
Tr-no_0510.jpg,No Tumor/Tr-no_0510.jpg,No Tumor,train
Tr-no_0511.jpg,No Tumor/Tr-no_0511.jpg,No Tumor,train
Tr-no_0512.jpg,No Tumor/Tr-no_0512.jpg,No Tumor,train
Tr-no_0515.jpg,No Tumor/Tr-no_0515.jpg,No Tumor,train
Tr-no_0516.jpg,No Tumor/Tr-no_0516.jpg,No Tumor,train
Tr-no_0517.jpg,No Tumor/Tr-no_0517.jpg,No Tumor,train
Tr-no_0518.jpg,No Tumor/Tr-no_0518.jpg,No Tumor,train
Tr-no_0520.jpg,No Tumor/Tr-no_0520.jpg,No Tumor,train
Tr-no_0521.jpg,No Tumor/Tr-no_0521.jpg,No Tumor,train
Tr-no_0522.jpg,No Tumor/Tr-no_0522.jpg,No Tumor,train
Tr-no_0525.jpg,No Tumor/Tr-no_0525.jpg,No Tumor,train
Tr-no_0527.jpg,No Tumor/Tr-no_0527.jpg,No Tumor,train
Tr-no_0528.jpg,No Tumor/Tr-no_0528.jpg,No Tumor,train
Tr-no_0529.jpg,No Tumor/Tr-no_0529.jpg,No Tumor,train
Tr-no_0530.jpg,No Tumor/Tr-no_0530.jpg,No Tumor,train
Tr-no_0532.jpg,No Tumor/Tr-no_0532.jpg,No Tumor,train
Tr-no_0536.jpg,No Tumor/Tr-no_0536.jpg,No Tumor,train
Tr-no_0538.jpg,No Tumor/Tr-no_0538.jpg,No Tumor,train
Tr-no_0539.jpg,No Tumor/Tr-no_0539.jpg,No Tumor,train
Tr-no_0540.jpg,No Tumor/Tr-no_0540.jpg,No Tumor,train
Tr-no_0543.jpg,No Tumor/Tr-no_0543.jpg,No Tumor,train
Tr-no_0544.jpg,No Tumor/Tr-no_0544.jpg,No Tumor,train
Tr-no_0545.jpg,No Tumor/Tr-no_0545.jpg,No Tumor,train
Tr-no_0546.jpg,No Tumor/Tr-no_0546.jpg,No Tumor,train
Tr-no_0547.jpg,No Tumor/Tr-no_0547.jpg,No Tumor,train
Tr-no_0548.jpg,No Tumor/Tr-no_0548.jpg,No Tumor,train
Tr-no_0549.jpg,No Tumor/Tr-no_0549.jpg,No Tumor,train
Tr-no_0550.jpg,No Tumor/Tr-no_0550.jpg,No Tumor,train
Tr-no_0552.jpg,No Tumor/Tr-no_0552.jpg,No Tumor,train
Tr-no_0554.jpg,No Tumor/Tr-no_0554.jpg,No Tumor,train
Tr-no_0555.jpg,No Tumor/Tr-no_0555.jpg,No Tumor,train
Tr-no_0556.jpg,No Tumor/Tr-no_0556.jpg,No Tumor,train
Tr-no_0557.jpg,No Tumor/Tr-no_0557.jpg,No Tumor,train
Tr-no_0559.jpg,No Tumor/Tr-no_0559.jpg,No Tumor,train
Tr-no_0560.jpg,No Tumor/Tr-no_0560.jpg,No Tumor,train
Tr-no_0561.jpg,No Tumor/Tr-no_0561.jpg,No Tumor,train
Tr-no_0562.jpg,No Tumor/Tr-no_0562.jpg,No Tumor,train
Tr-no_0564.jpg,No Tumor/Tr-no_0564.jpg,No Tumor,train
Tr-no_0565.jpg,No Tumor/Tr-no_0565.jpg,No Tumor,train
Tr-no_0566.jpg,No Tumor/Tr-no_0566.jpg,No Tumor,train
Tr-no_0567.jpg,No Tumor/Tr-no_0567.jpg,No Tumor,train
Tr-no_0569.jpg,No Tumor/Tr-no_0569.jpg,No Tumor,train
Tr-no_0570.jpg,No Tumor/Tr-no_0570.jpg,No Tumor,train
Tr-no_0572.jpg,No Tumor/Tr-no_0572.jpg,No Tumor,train
Tr-no_0573.jpg,No Tumor/Tr-no_0573.jpg,No Tumor,train
Tr-no_0574.jpg,No Tumor/Tr-no_0574.jpg,No Tumor,train
Tr-no_0575.jpg,No Tumor/Tr-no_0575.jpg,No Tumor,train
Tr-no_0576.jpg,No Tumor/Tr-no_0576.jpg,No Tumor,train
Tr-no_0577.jpg,No Tumor/Tr-no_0577.jpg,No Tumor,train
Tr-no_0578.jpg,No Tumor/Tr-no_0578.jpg,No Tumor,train
Tr-no_0579.jpg,No Tumor/Tr-no_0579.jpg,No Tumor,train
Tr-no_0581.jpg,No Tumor/Tr-no_0581.jpg,No Tumor,train
Tr-no_0582.jpg,No Tumor/Tr-no_0582.jpg,No Tumor,train
Tr-no_0583.jpg,No Tumor/Tr-no_0583.jpg,No Tumor,train
Tr-no_0584.jpg,No Tumor/Tr-no_0584.jpg,No Tumor,train
Tr-no_0585.jpg,No Tumor/Tr-no_0585.jpg,No Tumor,train
Tr-no_0586.jpg,No Tumor/Tr-no_0586.jpg,No Tumor,train
Tr-no_0587.jpg,No Tumor/Tr-no_0587.jpg,No Tumor,train
Tr-no_0588.jpg,No Tumor/Tr-no_0588.jpg,No Tumor,train
Tr-no_0592.jpg,No Tumor/Tr-no_0592.jpg,No Tumor,train
Tr-no_0593.jpg,No Tumor/Tr-no_0593.jpg,No Tumor,train
Tr-no_0594.jpg,No Tumor/Tr-no_0594.jpg,No Tumor,train
Tr-no_0596.jpg,No Tumor/Tr-no_0596.jpg,No Tumor,train
Tr-no_0597.jpg,No Tumor/Tr-no_0597.jpg,No Tumor,train
Tr-no_0598.jpg,No Tumor/Tr-no_0598.jpg,No Tumor,train
Tr-no_0599.jpg,No Tumor/Tr-no_0599.jpg,No Tumor,train
Tr-no_0600.jpg,No Tumor/Tr-no_0600.jpg,No Tumor,train
Tr-no_0601.jpg,No Tumor/Tr-no_0601.jpg,No Tumor,train
Tr-no_0602.jpg,No Tumor/Tr-no_0602.jpg,No Tumor,train
Tr-no_0603.jpg,No Tumor/Tr-no_0603.jpg,No Tumor,train
Tr-no_0604.jpg,No Tumor/Tr-no_0604.jpg,No Tumor,train
Tr-no_0606.jpg,No Tumor/Tr-no_0606.jpg,No Tumor,train
Tr-no_0607.jpg,No Tumor/Tr-no_0607.jpg,No Tumor,train
Tr-no_0608.jpg,No Tumor/Tr-no_0608.jpg,No Tumor,train
Tr-no_0609.jpg,No Tumor/Tr-no_0609.jpg,No Tumor,train
Tr-no_0610.jpg,No Tumor/Tr-no_0610.jpg,No Tumor,train
Tr-no_0611.jpg,No Tumor/Tr-no_0611.jpg,No Tumor,train
Tr-no_0612.jpg,No Tumor/Tr-no_0612.jpg,No Tumor,train
Tr-no_0613.jpg,No Tumor/Tr-no_0613.jpg,No Tumor,train
Tr-no_0614.jpg,No Tumor/Tr-no_0614.jpg,No Tumor,train
Tr-no_0615.jpg,No Tumor/Tr-no_0615.jpg,No Tumor,train
Tr-no_0616.jpg,No Tumor/Tr-no_0616.jpg,No Tumor,train
Tr-no_0618.jpg,No Tumor/Tr-no_0618.jpg,No Tumor,train
Tr-no_0619.jpg,No Tumor/Tr-no_0619.jpg,No Tumor,train
Tr-no_0621.jpg,No Tumor/Tr-no_0621.jpg,No Tumor,train
Tr-no_0622.jpg,No Tumor/Tr-no_0622.jpg,No Tumor,train
Tr-no_0623.jpg,No Tumor/Tr-no_0623.jpg,No Tumor,train
Tr-no_0625.jpg,No Tumor/Tr-no_0625.jpg,No Tumor,train
Tr-no_0626.jpg,No Tumor/Tr-no_0626.jpg,No Tumor,train
Tr-no_0627.jpg,No Tumor/Tr-no_0627.jpg,No Tumor,train
Tr-no_0628.jpg,No Tumor/Tr-no_0628.jpg,No Tumor,train
Tr-no_0632.jpg,No Tumor/Tr-no_0632.jpg,No Tumor,train
Tr-no_0633.jpg,No Tumor/Tr-no_0633.jpg,No Tumor,train
Tr-no_0636.jpg,No Tumor/Tr-no_0636.jpg,No Tumor,train
Tr-no_0637.jpg,No Tumor/Tr-no_0637.jpg,No Tumor,train
Tr-no_0639.jpg,No Tumor/Tr-no_0639.jpg,No Tumor,train
Tr-no_0640.jpg,No Tumor/Tr-no_0640.jpg,No Tumor,train
Tr-no_0641.jpg,No Tumor/Tr-no_0641.jpg,No Tumor,train
Tr-no_0643.jpg,No Tumor/Tr-no_0643.jpg,No Tumor,train
Tr-no_0644.jpg,No Tumor/Tr-no_0644.jpg,No Tumor,train
Tr-no_0645.jpg,No Tumor/Tr-no_0645.jpg,No Tumor,train
Tr-no_0646.jpg,No Tumor/Tr-no_0646.jpg,No Tumor,train
Tr-no_0648.jpg,No Tumor/Tr-no_0648.jpg,No Tumor,train
Tr-no_0649.jpg,No Tumor/Tr-no_0649.jpg,No Tumor,train
Tr-no_0650.jpg,No Tumor/Tr-no_0650.jpg,No Tumor,train
Tr-no_0651.jpg,No Tumor/Tr-no_0651.jpg,No Tumor,train
Tr-no_0652.jpg,No Tumor/Tr-no_0652.jpg,No Tumor,train
Tr-no_0653.jpg,No Tumor/Tr-no_0653.jpg,No Tumor,train
Tr-no_0655.jpg,No Tumor/Tr-no_0655.jpg,No Tumor,train
Tr-no_0656.jpg,No Tumor/Tr-no_0656.jpg,No Tumor,train
Tr-no_0657.jpg,No Tumor/Tr-no_0657.jpg,No Tumor,train
Tr-no_0658.jpg,No Tumor/Tr-no_0658.jpg,No Tumor,train
Tr-no_0660.jpg,No Tumor/Tr-no_0660.jpg,No Tumor,train
Tr-no_0661.jpg,No Tumor/Tr-no_0661.jpg,No Tumor,train
Tr-no_0662.jpg,No Tumor/Tr-no_0662.jpg,No Tumor,train
Tr-no_0663.jpg,No Tumor/Tr-no_0663.jpg,No Tumor,train
Tr-no_0664.jpg,No Tumor/Tr-no_0664.jpg,No Tumor,train
Tr-no_0666.jpg,No Tumor/Tr-no_0666.jpg,No Tumor,train
Tr-no_0667.jpg,No Tumor/Tr-no_0667.jpg,No Tumor,train
Tr-no_0668.jpg,No Tumor/Tr-no_0668.jpg,No Tumor,train
Tr-no_0669.jpg,No Tumor/Tr-no_0669.jpg,No Tumor,train
Tr-no_0670.jpg,No Tumor/Tr-no_0670.jpg,No Tumor,train
Tr-no_0671.jpg,No Tumor/Tr-no_0671.jpg,No Tumor,train
Tr-no_0672.jpg,No Tumor/Tr-no_0672.jpg,No Tumor,train
Tr-no_0673.jpg,No Tumor/Tr-no_0673.jpg,No Tumor,train
Tr-no_0674.jpg,No Tumor/Tr-no_0674.jpg,No Tumor,train
Tr-no_0676.jpg,No Tumor/Tr-no_0676.jpg,No Tumor,train
Tr-no_0677.jpg,No Tumor/Tr-no_0677.jpg,No Tumor,train
Tr-no_0679.jpg,No Tumor/Tr-no_0679.jpg,No Tumor,train
Tr-no_0680.jpg,No Tumor/Tr-no_0680.jpg,No Tumor,train
Tr-no_0683.jpg,No Tumor/Tr-no_0683.jpg,No Tumor,train
Tr-no_0684.jpg,No Tumor/Tr-no_0684.jpg,No Tumor,train
Tr-no_0686.jpg,No Tumor/Tr-no_0686.jpg,No Tumor,train
Tr-no_0687.jpg,No Tumor/Tr-no_0687.jpg,No Tumor,train
Tr-no_0689.jpg,No Tumor/Tr-no_0689.jpg,No Tumor,train
Tr-no_0690.jpg,No Tumor/Tr-no_0690.jpg,No Tumor,train
Tr-no_0691.jpg,No Tumor/Tr-no_0691.jpg,No Tumor,train
Tr-no_0692.jpg,No Tumor/Tr-no_0692.jpg,No Tumor,train
Tr-no_0695.jpg,No Tumor/Tr-no_0695.jpg,No Tumor,train
Tr-no_0700.jpg,No Tumor/Tr-no_0700.jpg,No Tumor,train
Tr-no_0701.jpg,No Tumor/Tr-no_0701.jpg,No Tumor,train
Tr-no_0703.jpg,No Tumor/Tr-no_0703.jpg,No Tumor,train
Tr-no_0704.jpg,No Tumor/Tr-no_0704.jpg,No Tumor,train
Tr-no_0706.jpg,No Tumor/Tr-no_0706.jpg,No Tumor,train
Tr-no_0708.jpg,No Tumor/Tr-no_0708.jpg,No Tumor,train
Tr-no_0709.jpg,No Tumor/Tr-no_0709.jpg,No Tumor,train
Tr-no_0710.jpg,No Tumor/Tr-no_0710.jpg,No Tumor,train
Tr-no_0713.jpg,No Tumor/Tr-no_0713.jpg,No Tumor,train
Tr-no_0714.jpg,No Tumor/Tr-no_0714.jpg,No Tumor,train
Tr-no_0715.jpg,No Tumor/Tr-no_0715.jpg,No Tumor,train
Tr-no_0716.jpg,No Tumor/Tr-no_0716.jpg,No Tumor,train
Tr-no_0717.jpg,No Tumor/Tr-no_0717.jpg,No Tumor,train
Tr-no_0718.jpg,No Tumor/Tr-no_0718.jpg,No Tumor,train
Tr-no_0719.jpg,No Tumor/Tr-no_0719.jpg,No Tumor,train
Tr-no_0721.jpg,No Tumor/Tr-no_0721.jpg,No Tumor,train
Tr-no_0723.jpg,No Tumor/Tr-no_0723.jpg,No Tumor,train
Tr-no_0727.jpg,No Tumor/Tr-no_0727.jpg,No Tumor,train
Tr-no_0731.jpg,No Tumor/Tr-no_0731.jpg,No Tumor,train
Tr-no_0732.jpg,No Tumor/Tr-no_0732.jpg,No Tumor,train
Tr-no_0734.jpg,No Tumor/Tr-no_0734.jpg,No Tumor,train
Tr-no_0736.jpg,No Tumor/Tr-no_0736.jpg,No Tumor,train
Tr-no_0737.jpg,No Tumor/Tr-no_0737.jpg,No Tumor,train
Tr-no_0738.jpg,No Tumor/Tr-no_0738.jpg,No Tumor,train
Tr-no_0739.jpg,No Tumor/Tr-no_0739.jpg,No Tumor,train
Tr-no_0740.jpg,No Tumor/Tr-no_0740.jpg,No Tumor,train
Tr-no_0742.jpg,No Tumor/Tr-no_0742.jpg,No Tumor,train
Tr-no_0745.jpg,No Tumor/Tr-no_0745.jpg,No Tumor,train
Tr-no_0746.jpg,No Tumor/Tr-no_0746.jpg,No Tumor,train
Tr-no_0747.jpg,No Tumor/Tr-no_0747.jpg,No Tumor,train
Tr-no_0749.jpg,No Tumor/Tr-no_0749.jpg,No Tumor,train
Tr-no_0750.jpg,No Tumor/Tr-no_0750.jpg,No Tumor,train
Tr-no_0751.jpg,No Tumor/Tr-no_0751.jpg,No Tumor,train
Tr-no_0753.jpg,No Tumor/Tr-no_0753.jpg,No Tumor,train
Tr-no_0754.jpg,No Tumor/Tr-no_0754.jpg,No Tumor,train
Tr-no_0755.jpg,No Tumor/Tr-no_0755.jpg,No Tumor,train
Tr-no_0757.jpg,No Tumor/Tr-no_0757.jpg,No Tumor,train
Tr-no_0758.jpg,No Tumor/Tr-no_0758.jpg,No Tumor,train
Tr-no_0759.jpg,No Tumor/Tr-no_0759.jpg,No Tumor,train
Tr-no_0760.jpg,No Tumor/Tr-no_0760.jpg,No Tumor,train
Tr-no_0762.jpg,No Tumor/Tr-no_0762.jpg,No Tumor,train
Tr-no_0763.jpg,No Tumor/Tr-no_0763.jpg,No Tumor,train
Tr-no_0765.jpg,No Tumor/Tr-no_0765.jpg,No Tumor,train
Tr-no_0766.jpg,No Tumor/Tr-no_0766.jpg,No Tumor,train
Tr-no_0767.jpg,No Tumor/Tr-no_0767.jpg,No Tumor,train
Tr-no_0768.jpg,No Tumor/Tr-no_0768.jpg,No Tumor,train
Tr-no_0769.jpg,No Tumor/Tr-no_0769.jpg,No Tumor,train
Tr-no_0770.jpg,No Tumor/Tr-no_0770.jpg,No Tumor,train
Tr-no_0771.jpg,No Tumor/Tr-no_0771.jpg,No Tumor,train
Tr-no_0772.jpg,No Tumor/Tr-no_0772.jpg,No Tumor,train
Tr-no_0773.jpg,No Tumor/Tr-no_0773.jpg,No Tumor,train
Tr-no_0774.jpg,No Tumor/Tr-no_0774.jpg,No Tumor,train
Tr-no_0776.jpg,No Tumor/Tr-no_0776.jpg,No Tumor,train
Tr-no_0778.jpg,No Tumor/Tr-no_0778.jpg,No Tumor,train
Tr-no_0779.jpg,No Tumor/Tr-no_0779.jpg,No Tumor,train
Tr-no_0782.jpg,No Tumor/Tr-no_0782.jpg,No Tumor,train
Tr-no_0783.jpg,No Tumor/Tr-no_0783.jpg,No Tumor,train
Tr-no_0785.jpg,No Tumor/Tr-no_0785.jpg,No Tumor,train
Tr-no_0786.jpg,No Tumor/Tr-no_0786.jpg,No Tumor,train
Tr-no_0788.jpg,No Tumor/Tr-no_0788.jpg,No Tumor,train
Tr-no_0789.jpg,No Tumor/Tr-no_0789.jpg,No Tumor,train
Tr-no_0793.jpg,No Tumor/Tr-no_0793.jpg,No Tumor,train
Tr-no_0794.jpg,No Tumor/Tr-no_0794.jpg,No Tumor,train
Tr-no_0795.jpg,No Tumor/Tr-no_0795.jpg,No Tumor,train
Tr-no_0796.jpg,No Tumor/Tr-no_0796.jpg,No Tumor,train
Tr-no_0797.jpg,No Tumor/Tr-no_0797.jpg,No Tumor,train
Tr-no_0798.jpg,No Tumor/Tr-no_0798.jpg,No Tumor,train
Tr-no_0802.jpg,No Tumor/Tr-no_0802.jpg,No Tumor,train
Tr-no_0803.jpg,No Tumor/Tr-no_0803.jpg,No Tumor,train
Tr-no_0805.jpg,No Tumor/Tr-no_0805.jpg,No Tumor,train
Tr-no_0806.jpg,No Tumor/Tr-no_0806.jpg,No Tumor,train
Tr-no_0807.jpg,No Tumor/Tr-no_0807.jpg,No Tumor,train
Tr-no_0808.jpg,No Tumor/Tr-no_0808.jpg,No Tumor,train
Tr-no_0809.jpg,No Tumor/Tr-no_0809.jpg,No Tumor,train
Tr-no_0810.jpg,No Tumor/Tr-no_0810.jpg,No Tumor,train
Tr-no_0811.jpg,No Tumor/Tr-no_0811.jpg,No Tumor,train
Tr-no_0814.jpg,No Tumor/Tr-no_0814.jpg,No Tumor,train
Tr-no_0817.jpg,No Tumor/Tr-no_0817.jpg,No Tumor,train
Tr-no_0818.jpg,No Tumor/Tr-no_0818.jpg,No Tumor,train
Tr-no_0819.jpg,No Tumor/Tr-no_0819.jpg,No Tumor,train
Tr-no_0820.jpg,No Tumor/Tr-no_0820.jpg,No Tumor,train
Tr-no_0822.jpg,No Tumor/Tr-no_0822.jpg,No Tumor,train
Tr-no_0823.jpg,No Tumor/Tr-no_0823.jpg,No Tumor,train
Tr-no_0824.jpg,No Tumor/Tr-no_0824.jpg,No Tumor,train
Tr-no_0825.jpg,No Tumor/Tr-no_0825.jpg,No Tumor,train
Tr-no_0826.jpg,No Tumor/Tr-no_0826.jpg,No Tumor,train
Tr-no_0828.jpg,No Tumor/Tr-no_0828.jpg,No Tumor,train
Tr-no_0829.jpg,No Tumor/Tr-no_0829.jpg,No Tumor,train
Tr-no_0830.jpg,No Tumor/Tr-no_0830.jpg,No Tumor,train
Tr-no_0832.jpg,No Tumor/Tr-no_0832.jpg,No Tumor,train
Tr-no_0834.jpg,No Tumor/Tr-no_0834.jpg,No Tumor,train
Tr-no_0835.jpg,No Tumor/Tr-no_0835.jpg,No Tumor,train
Tr-no_0838.jpg,No Tumor/Tr-no_0838.jpg,No Tumor,train
Tr-no_0839.jpg,No Tumor/Tr-no_0839.jpg,No Tumor,train
Tr-no_0840.jpg,No Tumor/Tr-no_0840.jpg,No Tumor,train
Tr-no_0841.jpg,No Tumor/Tr-no_0841.jpg,No Tumor,train
Tr-no_0843.jpg,No Tumor/Tr-no_0843.jpg,No Tumor,train
Tr-no_0844.jpg,No Tumor/Tr-no_0844.jpg,No Tumor,train
Tr-no_0845.jpg,No Tumor/Tr-no_0845.jpg,No Tumor,train
Tr-no_0846.jpg,No Tumor/Tr-no_0846.jpg,No Tumor,train
Tr-no_0848.jpg,No Tumor/Tr-no_0848.jpg,No Tumor,train
Tr-no_0849.jpg,No Tumor/Tr-no_0849.jpg,No Tumor,train
Tr-no_0850.jpg,No Tumor/Tr-no_0850.jpg,No Tumor,train
Tr-no_0851.jpg,No Tumor/Tr-no_0851.jpg,No Tumor,train
Tr-no_0852.jpg,No Tumor/Tr-no_0852.jpg,No Tumor,train
Tr-no_0853.jpg,No Tumor/Tr-no_0853.jpg,No Tumor,train
Tr-no_0854.jpg,No Tumor/Tr-no_0854.jpg,No Tumor,train
Tr-no_0855.jpg,No Tumor/Tr-no_0855.jpg,No Tumor,train
Tr-no_0856.jpg,No Tumor/Tr-no_0856.jpg,No Tumor,train
Tr-no_0857.jpg,No Tumor/Tr-no_0857.jpg,No Tumor,train
Tr-no_0858.jpg,No Tumor/Tr-no_0858.jpg,No Tumor,train
Tr-no_0859.jpg,No Tumor/Tr-no_0859.jpg,No Tumor,train
Tr-no_0860.jpg,No Tumor/Tr-no_0860.jpg,No Tumor,train
Tr-no_0862.jpg,No Tumor/Tr-no_0862.jpg,No Tumor,train
Tr-no_0864.jpg,No Tumor/Tr-no_0864.jpg,No Tumor,train
Tr-no_0865.jpg,No Tumor/Tr-no_0865.jpg,No Tumor,train
Tr-no_0868.jpg,No Tumor/Tr-no_0868.jpg,No Tumor,train
Tr-no_0869.jpg,No Tumor/Tr-no_0869.jpg,No Tumor,train
Tr-no_0870.jpg,No Tumor/Tr-no_0870.jpg,No Tumor,train
Tr-no_0871.jpg,No Tumor/Tr-no_0871.jpg,No Tumor,train
Tr-no_0872.jpg,No Tumor/Tr-no_0872.jpg,No Tumor,train
Tr-no_0873.jpg,No Tumor/Tr-no_0873.jpg,No Tumor,train
Tr-no_0874.jpg,No Tumor/Tr-no_0874.jpg,No Tumor,train
Tr-no_0876.jpg,No Tumor/Tr-no_0876.jpg,No Tumor,train
Tr-no_0877.jpg,No Tumor/Tr-no_0877.jpg,No Tumor,train
Tr-no_0878.jpg,No Tumor/Tr-no_0878.jpg,No Tumor,train
Tr-no_0879.jpg,No Tumor/Tr-no_0879.jpg,No Tumor,train
Tr-no_0881.jpg,No Tumor/Tr-no_0881.jpg,No Tumor,train
Tr-no_0883.jpg,No Tumor/Tr-no_0883.jpg,No Tumor,train
Tr-no_0884.jpg,No Tumor/Tr-no_0884.jpg,No Tumor,train
Tr-no_0885.jpg,No Tumor/Tr-no_0885.jpg,No Tumor,train
Tr-no_0886.jpg,No Tumor/Tr-no_0886.jpg,No Tumor,train
Tr-no_0888.jpg,No Tumor/Tr-no_0888.jpg,No Tumor,train
Tr-no_0889.jpg,No Tumor/Tr-no_0889.jpg,No Tumor,train
Tr-no_0890.jpg,No Tumor/Tr-no_0890.jpg,No Tumor,train
Tr-no_0891.jpg,No Tumor/Tr-no_0891.jpg,No Tumor,train
Tr-no_0892.jpg,No Tumor/Tr-no_0892.jpg,No Tumor,train
Tr-no_0897.jpg,No Tumor/Tr-no_0897.jpg,No Tumor,train
Tr-no_0898.jpg,No Tumor/Tr-no_0898.jpg,No Tumor,train
Tr-no_0900.jpg,No Tumor/Tr-no_0900.jpg,No Tumor,train
Tr-no_0901.jpg,No Tumor/Tr-no_0901.jpg,No Tumor,train
Tr-no_0902.jpg,No Tumor/Tr-no_0902.jpg,No Tumor,train
Tr-no_0906.jpg,No Tumor/Tr-no_0906.jpg,No Tumor,train
Tr-no_0909.jpg,No Tumor/Tr-no_0909.jpg,No Tumor,train
Tr-no_0910.jpg,No Tumor/Tr-no_0910.jpg,No Tumor,train
Tr-no_0912.jpg,No Tumor/Tr-no_0912.jpg,No Tumor,train
Tr-no_0913.jpg,No Tumor/Tr-no_0913.jpg,No Tumor,train
Tr-no_0914.jpg,No Tumor/Tr-no_0914.jpg,No Tumor,train
Tr-no_0915.jpg,No Tumor/Tr-no_0915.jpg,No Tumor,train
Tr-no_0917.jpg,No Tumor/Tr-no_0917.jpg,No Tumor,train
Tr-no_0919.jpg,No Tumor/Tr-no_0919.jpg,No Tumor,train
Tr-no_0920.jpg,No Tumor/Tr-no_0920.jpg,No Tumor,train
Tr-no_0921.jpg,No Tumor/Tr-no_0921.jpg,No Tumor,train
Tr-no_0923.jpg,No Tumor/Tr-no_0923.jpg,No Tumor,train
Tr-no_0924.jpg,No Tumor/Tr-no_0924.jpg,No Tumor,train
Tr-no_0926.jpg,No Tumor/Tr-no_0926.jpg,No Tumor,train
Tr-no_0927.jpg,No Tumor/Tr-no_0927.jpg,No Tumor,train
Tr-no_0928.jpg,No Tumor/Tr-no_0928.jpg,No Tumor,train
Tr-no_0929.jpg,No Tumor/Tr-no_0929.jpg,No Tumor,train
Tr-no_0931.jpg,No Tumor/Tr-no_0931.jpg,No Tumor,train
Tr-no_0932.jpg,No Tumor/Tr-no_0932.jpg,No Tumor,train
Tr-no_0935.jpg,No Tumor/Tr-no_0935.jpg,No Tumor,train
Tr-no_0936.jpg,No Tumor/Tr-no_0936.jpg,No Tumor,train
Tr-no_0938.jpg,No Tumor/Tr-no_0938.jpg,No Tumor,train
Tr-no_0939.jpg,No Tumor/Tr-no_0939.jpg,No Tumor,train
Tr-no_0940.jpg,No Tumor/Tr-no_0940.jpg,No Tumor,train
Tr-no_0942.jpg,No Tumor/Tr-no_0942.jpg,No Tumor,train
Tr-no_0943.jpg,No Tumor/Tr-no_0943.jpg,No Tumor,train
Tr-no_0945.jpg,No Tumor/Tr-no_0945.jpg,No Tumor,train
Tr-no_0947.jpg,No Tumor/Tr-no_0947.jpg,No Tumor,train
Tr-no_0948.jpg,No Tumor/Tr-no_0948.jpg,No Tumor,train
Tr-no_0951.jpg,No Tumor/Tr-no_0951.jpg,No Tumor,train
Tr-no_0952.jpg,No Tumor/Tr-no_0952.jpg,No Tumor,train
Tr-no_0954.jpg,No Tumor/Tr-no_0954.jpg,No Tumor,train
Tr-no_0955.jpg,No Tumor/Tr-no_0955.jpg,No Tumor,train
Tr-no_0956.jpg,No Tumor/Tr-no_0956.jpg,No Tumor,train
Tr-no_0957.jpg,No Tumor/Tr-no_0957.jpg,No Tumor,train
Tr-no_0958.jpg,No Tumor/Tr-no_0958.jpg,No Tumor,train
Tr-no_0959.jpg,No Tumor/Tr-no_0959.jpg,No Tumor,train
Tr-no_0961.jpg,No Tumor/Tr-no_0961.jpg,No Tumor,train
Tr-no_0963.jpg,No Tumor/Tr-no_0963.jpg,No Tumor,train
Tr-no_0964.jpg,No Tumor/Tr-no_0964.jpg,No Tumor,train
Tr-no_0969.jpg,No Tumor/Tr-no_0969.jpg,No Tumor,train
Tr-no_0971.jpg,No Tumor/Tr-no_0971.jpg,No Tumor,train
Tr-no_0972.jpg,No Tumor/Tr-no_0972.jpg,No Tumor,train
Tr-no_0973.jpg,No Tumor/Tr-no_0973.jpg,No Tumor,train
Tr-no_0975.jpg,No Tumor/Tr-no_0975.jpg,No Tumor,train
Tr-no_0976.jpg,No Tumor/Tr-no_0976.jpg,No Tumor,train
Tr-no_0978.jpg,No Tumor/Tr-no_0978.jpg,No Tumor,train
Tr-no_0979.jpg,No Tumor/Tr-no_0979.jpg,No Tumor,train
Tr-no_0981.jpg,No Tumor/Tr-no_0981.jpg,No Tumor,train
Tr-no_0982.jpg,No Tumor/Tr-no_0982.jpg,No Tumor,train
Tr-no_0983.jpg,No Tumor/Tr-no_0983.jpg,No Tumor,train
Tr-no_0984.jpg,No Tumor/Tr-no_0984.jpg,No Tumor,train
Tr-no_0985.jpg,No Tumor/Tr-no_0985.jpg,No Tumor,train
Tr-no_0987.jpg,No Tumor/Tr-no_0987.jpg,No Tumor,train
Tr-no_0989.jpg,No Tumor/Tr-no_0989.jpg,No Tumor,train
Tr-no_0990.jpg,No Tumor/Tr-no_0990.jpg,No Tumor,train
Tr-no_0992.jpg,No Tumor/Tr-no_0992.jpg,No Tumor,train
Tr-no_0993.jpg,No Tumor/Tr-no_0993.jpg,No Tumor,train
Tr-no_0995.jpg,No Tumor/Tr-no_0995.jpg,No Tumor,train
Tr-no_0996.jpg,No Tumor/Tr-no_0996.jpg,No Tumor,train
Tr-no_0998.jpg,No Tumor/Tr-no_0998.jpg,No Tumor,train
Tr-no_0999.jpg,No Tumor/Tr-no_0999.jpg,No Tumor,train
Tr-no_1000.jpg,No Tumor/Tr-no_1000.jpg,No Tumor,train
Tr-no_1001.jpg,No Tumor/Tr-no_1001.jpg,No Tumor,train
Tr-no_1003.jpg,No Tumor/Tr-no_1003.jpg,No Tumor,train
Tr-no_1005.jpg,No Tumor/Tr-no_1005.jpg,No Tumor,train
Tr-no_1006.jpg,No Tumor/Tr-no_1006.jpg,No Tumor,train
Tr-no_1008.jpg,No Tumor/Tr-no_1008.jpg,No Tumor,train
Tr-no_1009.jpg,No Tumor/Tr-no_1009.jpg,No Tumor,train
Tr-no_1011.jpg,No Tumor/Tr-no_1011.jpg,No Tumor,train
Tr-no_1012.jpg,No Tumor/Tr-no_1012.jpg,No Tumor,train
Tr-no_1013.jpg,No Tumor/Tr-no_1013.jpg,No Tumor,train
Tr-no_1014.jpg,No Tumor/Tr-no_1014.jpg,No Tumor,train
Tr-no_1015.jpg,No Tumor/Tr-no_1015.jpg,No Tumor,train
Tr-no_1016.jpg,No Tumor/Tr-no_1016.jpg,No Tumor,train
Tr-no_1017.jpg,No Tumor/Tr-no_1017.jpg,No Tumor,train
Tr-no_1018.jpg,No Tumor/Tr-no_1018.jpg,No Tumor,train
Tr-no_1019.jpg,No Tumor/Tr-no_1019.jpg,No Tumor,train
Tr-no_1020.jpg,No Tumor/Tr-no_1020.jpg,No Tumor,train
Tr-no_1022.jpg,No Tumor/Tr-no_1022.jpg,No Tumor,train
Tr-no_1023.jpg,No Tumor/Tr-no_1023.jpg,No Tumor,train
Tr-no_1025.jpg,No Tumor/Tr-no_1025.jpg,No Tumor,train
Tr-no_1026.jpg,No Tumor/Tr-no_1026.jpg,No Tumor,train
Tr-no_1027.jpg,No Tumor/Tr-no_1027.jpg,No Tumor,train
Tr-no_1028.jpg,No Tumor/Tr-no_1028.jpg,No Tumor,train
Tr-no_1029.jpg,No Tumor/Tr-no_1029.jpg,No Tumor,train
Tr-no_1030.jpg,No Tumor/Tr-no_1030.jpg,No Tumor,train
Tr-no_1033.jpg,No Tumor/Tr-no_1033.jpg,No Tumor,train
Tr-no_1034.jpg,No Tumor/Tr-no_1034.jpg,No Tumor,train
Tr-no_1036.jpg,No Tumor/Tr-no_1036.jpg,No Tumor,train
Tr-no_1038.jpg,No Tumor/Tr-no_1038.jpg,No Tumor,train
Tr-no_1039.jpg,No Tumor/Tr-no_1039.jpg,No Tumor,train
Tr-no_1041.jpg,No Tumor/Tr-no_1041.jpg,No Tumor,train
Tr-no_1042.jpg,No Tumor/Tr-no_1042.jpg,No Tumor,train
Tr-no_1043.jpg,No Tumor/Tr-no_1043.jpg,No Tumor,train
Tr-no_1045.jpg,No Tumor/Tr-no_1045.jpg,No Tumor,train
Tr-no_1046.jpg,No Tumor/Tr-no_1046.jpg,No Tumor,train
Tr-no_1047.jpg,No Tumor/Tr-no_1047.jpg,No Tumor,train
Tr-no_1048.jpg,No Tumor/Tr-no_1048.jpg,No Tumor,train
Tr-no_1049.jpg,No Tumor/Tr-no_1049.jpg,No Tumor,train
Tr-no_1050.jpg,No Tumor/Tr-no_1050.jpg,No Tumor,train
Tr-no_1051.jpg,No Tumor/Tr-no_1051.jpg,No Tumor,train
Tr-no_1052.jpg,No Tumor/Tr-no_1052.jpg,No Tumor,train
Tr-no_1053.jpg,No Tumor/Tr-no_1053.jpg,No Tumor,train
Tr-no_1054.jpg,No Tumor/Tr-no_1054.jpg,No Tumor,train
Tr-no_1056.jpg,No Tumor/Tr-no_1056.jpg,No Tumor,train
Tr-no_1057.jpg,No Tumor/Tr-no_1057.jpg,No Tumor,train
Tr-no_1058.jpg,No Tumor/Tr-no_1058.jpg,No Tumor,train
Tr-no_1059.jpg,No Tumor/Tr-no_1059.jpg,No Tumor,train
Tr-no_1060.jpg,No Tumor/Tr-no_1060.jpg,No Tumor,train
Tr-no_1062.jpg,No Tumor/Tr-no_1062.jpg,No Tumor,train
Tr-no_1063.jpg,No Tumor/Tr-no_1063.jpg,No Tumor,train
Tr-no_1067.jpg,No Tumor/Tr-no_1067.jpg,No Tumor,train
Tr-no_1069.jpg,No Tumor/Tr-no_1069.jpg,No Tumor,train
Tr-no_1070.jpg,No Tumor/Tr-no_1070.jpg,No Tumor,train
Tr-no_1072.jpg,No Tumor/Tr-no_1072.jpg,No Tumor,train
Tr-no_1074.jpg,No Tumor/Tr-no_1074.jpg,No Tumor,train
Tr-no_1075.jpg,No Tumor/Tr-no_1075.jpg,No Tumor,train
Tr-no_1077.jpg,No Tumor/Tr-no_1077.jpg,No Tumor,train
Tr-no_1078.jpg,No Tumor/Tr-no_1078.jpg,No Tumor,train
Tr-no_1079.jpg,No Tumor/Tr-no_1079.jpg,No Tumor,train
Tr-no_1080.jpg,No Tumor/Tr-no_1080.jpg,No Tumor,train
Tr-no_1081.jpg,No Tumor/Tr-no_1081.jpg,No Tumor,train
Tr-no_1082.jpg,No Tumor/Tr-no_1082.jpg,No Tumor,train
Tr-no_1083.jpg,No Tumor/Tr-no_1083.jpg,No Tumor,train
Tr-no_1084.jpg,No Tumor/Tr-no_1084.jpg,No Tumor,train
Tr-no_1085.jpg,No Tumor/Tr-no_1085.jpg,No Tumor,train
Tr-no_1087.jpg,No Tumor/Tr-no_1087.jpg,No Tumor,train
Tr-no_1090.jpg,No Tumor/Tr-no_1090.jpg,No Tumor,train
Tr-no_1092.jpg,No Tumor/Tr-no_1092.jpg,No Tumor,train
Tr-no_1094.jpg,No Tumor/Tr-no_1094.jpg,No Tumor,train
Tr-no_1095.jpg,No Tumor/Tr-no_1095.jpg,No Tumor,train
Tr-no_1096.jpg,No Tumor/Tr-no_1096.jpg,No Tumor,train
Tr-no_1097.jpg,No Tumor/Tr-no_1097.jpg,No Tumor,train
Tr-no_1098.jpg,No Tumor/Tr-no_1098.jpg,No Tumor,train
Tr-no_1099.jpg,No Tumor/Tr-no_1099.jpg,No Tumor,train
Tr-no_1100.jpg,No Tumor/Tr-no_1100.jpg,No Tumor,train
Tr-no_1102.jpg,No Tumor/Tr-no_1102.jpg,No Tumor,train
Tr-no_1104.jpg,No Tumor/Tr-no_1104.jpg,No Tumor,train
Tr-no_1105.jpg,No Tumor/Tr-no_1105.jpg,No Tumor,train
Tr-no_1106.jpg,No Tumor/Tr-no_1106.jpg,No Tumor,train
Tr-no_1107.jpg,No Tumor/Tr-no_1107.jpg,No Tumor,train
Tr-no_1108.jpg,No Tumor/Tr-no_1108.jpg,No Tumor,train
Tr-no_1109.jpg,No Tumor/Tr-no_1109.jpg,No Tumor,train
Tr-no_1110.jpg,No Tumor/Tr-no_1110.jpg,No Tumor,train
Tr-no_1112.jpg,No Tumor/Tr-no_1112.jpg,No Tumor,train
Tr-no_1114.jpg,No Tumor/Tr-no_1114.jpg,No Tumor,train
Tr-no_1116.jpg,No Tumor/Tr-no_1116.jpg,No Tumor,train
Tr-no_1117.jpg,No Tumor/Tr-no_1117.jpg,No Tumor,train
Tr-no_1118.jpg,No Tumor/Tr-no_1118.jpg,No Tumor,train
Tr-no_1119.jpg,No Tumor/Tr-no_1119.jpg,No Tumor,train
Tr-no_1121.jpg,No Tumor/Tr-no_1121.jpg,No Tumor,train
Tr-no_1122.jpg,No Tumor/Tr-no_1122.jpg,No Tumor,train
Tr-no_1123.jpg,No Tumor/Tr-no_1123.jpg,No Tumor,train
Tr-no_1125.jpg,No Tumor/Tr-no_1125.jpg,No Tumor,train
Tr-no_1127.jpg,No Tumor/Tr-no_1127.jpg,No Tumor,train
Tr-no_1128.jpg,No Tumor/Tr-no_1128.jpg,No Tumor,train
Tr-no_1129.jpg,No Tumor/Tr-no_1129.jpg,No Tumor,train
Tr-no_1130.jpg,No Tumor/Tr-no_1130.jpg,No Tumor,train
Tr-no_1131.jpg,No Tumor/Tr-no_1131.jpg,No Tumor,train
Tr-no_1133.jpg,No Tumor/Tr-no_1133.jpg,No Tumor,train
Tr-no_1135.jpg,No Tumor/Tr-no_1135.jpg,No Tumor,train
Tr-no_1136.jpg,No Tumor/Tr-no_1136.jpg,No Tumor,train
Tr-no_1137.jpg,No Tumor/Tr-no_1137.jpg,No Tumor,train
Tr-no_1139.jpg,No Tumor/Tr-no_1139.jpg,No Tumor,train
Tr-no_1140.jpg,No Tumor/Tr-no_1140.jpg,No Tumor,train
Tr-no_1143.jpg,No Tumor/Tr-no_1143.jpg,No Tumor,train
Tr-no_1144.jpg,No Tumor/Tr-no_1144.jpg,No Tumor,train
Tr-no_1145.jpg,No Tumor/Tr-no_1145.jpg,No Tumor,train
Tr-no_1146.jpg,No Tumor/Tr-no_1146.jpg,No Tumor,train
Tr-no_1148.jpg,No Tumor/Tr-no_1148.jpg,No Tumor,train
Tr-no_1150.jpg,No Tumor/Tr-no_1150.jpg,No Tumor,train
Tr-no_1151.jpg,No Tumor/Tr-no_1151.jpg,No Tumor,train
Tr-no_1153.jpg,No Tumor/Tr-no_1153.jpg,No Tumor,train
Tr-no_1154.jpg,No Tumor/Tr-no_1154.jpg,No Tumor,train
Tr-no_1157.jpg,No Tumor/Tr-no_1157.jpg,No Tumor,train
Tr-no_1159.jpg,No Tumor/Tr-no_1159.jpg,No Tumor,train
Tr-no_1160.jpg,No Tumor/Tr-no_1160.jpg,No Tumor,train
Tr-no_1161.jpg,No Tumor/Tr-no_1161.jpg,No Tumor,train
Tr-no_1162.jpg,No Tumor/Tr-no_1162.jpg,No Tumor,train
Tr-no_1164.jpg,No Tumor/Tr-no_1164.jpg,No Tumor,train
Tr-no_1165.jpg,No Tumor/Tr-no_1165.jpg,No Tumor,train
Tr-no_1167.jpg,No Tumor/Tr-no_1167.jpg,No Tumor,train
Tr-no_1171.jpg,No Tumor/Tr-no_1171.jpg,No Tumor,train
Tr-no_1174.jpg,No Tumor/Tr-no_1174.jpg,No Tumor,train
Tr-no_1175.jpg,No Tumor/Tr-no_1175.jpg,No Tumor,train
Tr-no_1176.jpg,No Tumor/Tr-no_1176.jpg,No Tumor,train
Tr-no_1177.jpg,No Tumor/Tr-no_1177.jpg,No Tumor,train
Tr-no_1179.jpg,No Tumor/Tr-no_1179.jpg,No Tumor,train
Tr-no_1180.jpg,No Tumor/Tr-no_1180.jpg,No Tumor,train
Tr-no_1182.jpg,No Tumor/Tr-no_1182.jpg,No Tumor,train
Tr-no_1183.jpg,No Tumor/Tr-no_1183.jpg,No Tumor,train
Tr-no_1185.jpg,No Tumor/Tr-no_1185.jpg,No Tumor,train
Tr-no_1186.jpg,No Tumor/Tr-no_1186.jpg,No Tumor,train
Tr-no_1187.jpg,No Tumor/Tr-no_1187.jpg,No Tumor,train
Tr-no_1188.jpg,No Tumor/Tr-no_1188.jpg,No Tumor,train
Tr-no_1190.jpg,No Tumor/Tr-no_1190.jpg,No Tumor,train
Tr-no_1191.jpg,No Tumor/Tr-no_1191.jpg,No Tumor,train
Tr-no_1193.jpg,No Tumor/Tr-no_1193.jpg,No Tumor,train
Tr-no_1194.jpg,No Tumor/Tr-no_1194.jpg,No Tumor,train
Tr-no_1195.jpg,No Tumor/Tr-no_1195.jpg,No Tumor,train
Tr-no_1196.jpg,No Tumor/Tr-no_1196.jpg,No Tumor,train
Tr-no_1197.jpg,No Tumor/Tr-no_1197.jpg,No Tumor,train
Tr-no_1198.jpg,No Tumor/Tr-no_1198.jpg,No Tumor,train
Tr-no_1203.jpg,No Tumor/Tr-no_1203.jpg,No Tumor,train
Tr-no_1205.jpg,No Tumor/Tr-no_1205.jpg,No Tumor,train
Tr-no_1206.jpg,No Tumor/Tr-no_1206.jpg,No Tumor,train
Tr-no_1207.jpg,No Tumor/Tr-no_1207.jpg,No Tumor,train
Tr-no_1209.jpg,No Tumor/Tr-no_1209.jpg,No Tumor,train
Tr-no_1210.jpg,No Tumor/Tr-no_1210.jpg,No Tumor,train
Tr-no_1211.jpg,No Tumor/Tr-no_1211.jpg,No Tumor,train
Tr-no_1212.jpg,No Tumor/Tr-no_1212.jpg,No Tumor,train
Tr-no_1213.jpg,No Tumor/Tr-no_1213.jpg,No Tumor,train
Tr-no_1214.jpg,No Tumor/Tr-no_1214.jpg,No Tumor,train
Tr-no_1215.jpg,No Tumor/Tr-no_1215.jpg,No Tumor,train
Tr-no_1216.jpg,No Tumor/Tr-no_1216.jpg,No Tumor,train
Tr-no_1218.jpg,No Tumor/Tr-no_1218.jpg,No Tumor,train
Tr-no_1219.jpg,No Tumor/Tr-no_1219.jpg,No Tumor,train
Tr-no_1220.jpg,No Tumor/Tr-no_1220.jpg,No Tumor,train
Tr-no_1222.jpg,No Tumor/Tr-no_1222.jpg,No Tumor,train
Tr-no_1223.jpg,No Tumor/Tr-no_1223.jpg,No Tumor,train
Tr-no_1224.jpg,No Tumor/Tr-no_1224.jpg,No Tumor,train
Tr-no_1225.jpg,No Tumor/Tr-no_1225.jpg,No Tumor,train
Tr-no_1226.jpg,No Tumor/Tr-no_1226.jpg,No Tumor,train
Tr-no_1228.jpg,No Tumor/Tr-no_1228.jpg,No Tumor,train
Tr-no_1229.jpg,No Tumor/Tr-no_1229.jpg,No Tumor,train
Tr-no_1230.jpg,No Tumor/Tr-no_1230.jpg,No Tumor,train
Tr-no_1231.jpg,No Tumor/Tr-no_1231.jpg,No Tumor,train
Tr-no_1232.jpg,No Tumor/Tr-no_1232.jpg,No Tumor,train
Tr-no_1233.jpg,No Tumor/Tr-no_1233.jpg,No Tumor,train
Tr-no_1235.jpg,No Tumor/Tr-no_1235.jpg,No Tumor,train
Tr-no_1236.jpg,No Tumor/Tr-no_1236.jpg,No Tumor,train
Tr-no_1238.jpg,No Tumor/Tr-no_1238.jpg,No Tumor,train
Tr-no_1240.jpg,No Tumor/Tr-no_1240.jpg,No Tumor,train
Tr-no_1241.jpg,No Tumor/Tr-no_1241.jpg,No Tumor,train
Tr-no_1242.jpg,No Tumor/Tr-no_1242.jpg,No Tumor,train
Tr-no_1244.jpg,No Tumor/Tr-no_1244.jpg,No Tumor,train
Tr-no_1246.jpg,No Tumor/Tr-no_1246.jpg,No Tumor,train
Tr-no_1251.jpg,No Tumor/Tr-no_1251.jpg,No Tumor,train
Tr-no_1253.jpg,No Tumor/Tr-no_1253.jpg,No Tumor,train
Tr-no_1254.jpg,No Tumor/Tr-no_1254.jpg,No Tumor,train
Tr-no_1255.jpg,No Tumor/Tr-no_1255.jpg,No Tumor,train
Tr-no_1256.jpg,No Tumor/Tr-no_1256.jpg,No Tumor,train
Tr-no_1259.jpg,No Tumor/Tr-no_1259.jpg,No Tumor,train
Tr-no_1260.jpg,No Tumor/Tr-no_1260.jpg,No Tumor,train
Tr-no_1261.jpg,No Tumor/Tr-no_1261.jpg,No Tumor,train
Tr-no_1262.jpg,No Tumor/Tr-no_1262.jpg,No Tumor,train
Tr-no_1263.jpg,No Tumor/Tr-no_1263.jpg,No Tumor,train
Tr-no_1265.jpg,No Tumor/Tr-no_1265.jpg,No Tumor,train
Tr-no_1267.jpg,No Tumor/Tr-no_1267.jpg,No Tumor,train
Tr-no_1268.jpg,No Tumor/Tr-no_1268.jpg,No Tumor,train
Tr-no_1269.jpg,No Tumor/Tr-no_1269.jpg,No Tumor,train
Tr-no_1270.jpg,No Tumor/Tr-no_1270.jpg,No Tumor,train
Tr-no_1271.jpg,No Tumor/Tr-no_1271.jpg,No Tumor,train
Tr-no_1272.jpg,No Tumor/Tr-no_1272.jpg,No Tumor,train
Tr-no_1273.jpg,No Tumor/Tr-no_1273.jpg,No Tumor,train
Tr-no_1274.jpg,No Tumor/Tr-no_1274.jpg,No Tumor,train
Tr-no_1276.jpg,No Tumor/Tr-no_1276.jpg,No Tumor,train
Tr-no_1277.jpg,No Tumor/Tr-no_1277.jpg,No Tumor,train
Tr-no_1279.jpg,No Tumor/Tr-no_1279.jpg,No Tumor,train
Tr-no_1280.jpg,No Tumor/Tr-no_1280.jpg,No Tumor,train
Tr-no_1282.jpg,No Tumor/Tr-no_1282.jpg,No Tumor,train
Tr-no_1283.jpg,No Tumor/Tr-no_1283.jpg,No Tumor,train
Tr-no_1284.jpg,No Tumor/Tr-no_1284.jpg,No Tumor,train
Tr-no_1285.jpg,No Tumor/Tr-no_1285.jpg,No Tumor,train
Tr-no_1286.jpg,No Tumor/Tr-no_1286.jpg,No Tumor,train
Tr-no_1289.jpg,No Tumor/Tr-no_1289.jpg,No Tumor,train
Tr-no_1290.jpg,No Tumor/Tr-no_1290.jpg,No Tumor,train
Tr-no_1291.jpg,No Tumor/Tr-no_1291.jpg,No Tumor,train
Tr-no_1292.jpg,No Tumor/Tr-no_1292.jpg,No Tumor,train
Tr-no_1295.jpg,No Tumor/Tr-no_1295.jpg,No Tumor,train
Tr-no_1297.jpg,No Tumor/Tr-no_1297.jpg,No Tumor,train
Tr-no_1299.jpg,No Tumor/Tr-no_1299.jpg,No Tumor,train
Tr-no_1300.jpg,No Tumor/Tr-no_1300.jpg,No Tumor,train
Tr-no_1301.jpg,No Tumor/Tr-no_1301.jpg,No Tumor,train
Tr-no_1302.jpg,No Tumor/Tr-no_1302.jpg,No Tumor,train
Tr-no_1305.jpg,No Tumor/Tr-no_1305.jpg,No Tumor,train
Tr-no_1306.jpg,No Tumor/Tr-no_1306.jpg,No Tumor,train
Tr-no_1308.jpg,No Tumor/Tr-no_1308.jpg,No Tumor,train
Tr-no_1309.jpg,No Tumor/Tr-no_1309.jpg,No Tumor,train
Tr-no_1310.jpg,No Tumor/Tr-no_1310.jpg,No Tumor,train
Tr-no_1311.jpg,No Tumor/Tr-no_1311.jpg,No Tumor,train
Tr-no_1312.jpg,No Tumor/Tr-no_1312.jpg,No Tumor,train
Tr-no_1313.jpg,No Tumor/Tr-no_1313.jpg,No Tumor,train
Tr-no_1314.jpg,No Tumor/Tr-no_1314.jpg,No Tumor,train
Tr-no_1315.jpg,No Tumor/Tr-no_1315.jpg,No Tumor,train
Tr-no_1316.jpg,No Tumor/Tr-no_1316.jpg,No Tumor,train
Tr-no_1317.jpg,No Tumor/Tr-no_1317.jpg,No Tumor,train
Tr-no_1319.jpg,No Tumor/Tr-no_1319.jpg,No Tumor,train
Tr-no_1320.jpg,No Tumor/Tr-no_1320.jpg,No Tumor,train
Tr-no_1323.jpg,No Tumor/Tr-no_1323.jpg,No Tumor,train
Tr-no_1324.jpg,No Tumor/Tr-no_1324.jpg,No Tumor,train
Tr-no_1326.jpg,No Tumor/Tr-no_1326.jpg,No Tumor,train
Tr-no_1327.jpg,No Tumor/Tr-no_1327.jpg,No Tumor,train
Tr-no_1328.jpg,No Tumor/Tr-no_1328.jpg,No Tumor,train
Tr-no_1329.jpg,No Tumor/Tr-no_1329.jpg,No Tumor,train
Tr-no_1331.jpg,No Tumor/Tr-no_1331.jpg,No Tumor,train
Tr-no_1332.jpg,No Tumor/Tr-no_1332.jpg,No Tumor,train
Tr-no_1334.jpg,No Tumor/Tr-no_1334.jpg,No Tumor,train
Tr-no_1336.jpg,No Tumor/Tr-no_1336.jpg,No Tumor,train
Tr-no_1337.jpg,No Tumor/Tr-no_1337.jpg,No Tumor,train
Tr-no_1338.jpg,No Tumor/Tr-no_1338.jpg,No Tumor,train
Tr-no_1339.jpg,No Tumor/Tr-no_1339.jpg,No Tumor,train
Tr-no_1340.jpg,No Tumor/Tr-no_1340.jpg,No Tumor,train
Tr-no_1341.jpg,No Tumor/Tr-no_1341.jpg,No Tumor,train
Tr-no_1343.jpg,No Tumor/Tr-no_1343.jpg,No Tumor,train
Tr-no_1344.jpg,No Tumor/Tr-no_1344.jpg,No Tumor,train
Tr-no_1345.jpg,No Tumor/Tr-no_1345.jpg,No Tumor,train
Tr-no_1347.jpg,No Tumor/Tr-no_1347.jpg,No Tumor,train
Tr-no_1348.jpg,No Tumor/Tr-no_1348.jpg,No Tumor,train
Tr-no_1350.jpg,No Tumor/Tr-no_1350.jpg,No Tumor,train
Tr-no_1351.jpg,No Tumor/Tr-no_1351.jpg,No Tumor,train
Tr-no_1352.jpg,No Tumor/Tr-no_1352.jpg,No Tumor,train
Tr-no_1353.jpg,No Tumor/Tr-no_1353.jpg,No Tumor,train
Tr-no_1354.jpg,No Tumor/Tr-no_1354.jpg,No Tumor,train
Tr-no_1355.jpg,No Tumor/Tr-no_1355.jpg,No Tumor,train
Tr-no_1356.jpg,No Tumor/Tr-no_1356.jpg,No Tumor,train
Tr-no_1360.jpg,No Tumor/Tr-no_1360.jpg,No Tumor,train
Tr-no_1361.jpg,No Tumor/Tr-no_1361.jpg,No Tumor,train
Tr-no_1363.jpg,No Tumor/Tr-no_1363.jpg,No Tumor,train
Tr-no_1365.jpg,No Tumor/Tr-no_1365.jpg,No Tumor,train
Tr-no_1366.jpg,No Tumor/Tr-no_1366.jpg,No Tumor,train
Tr-no_1367.jpg,No Tumor/Tr-no_1367.jpg,No Tumor,train
Tr-no_1368.jpg,No Tumor/Tr-no_1368.jpg,No Tumor,train
Tr-no_1373.jpg,No Tumor/Tr-no_1373.jpg,No Tumor,train
Tr-no_1374.jpg,No Tumor/Tr-no_1374.jpg,No Tumor,train
Tr-no_1376.jpg,No Tumor/Tr-no_1376.jpg,No Tumor,train
Tr-no_1378.jpg,No Tumor/Tr-no_1378.jpg,No Tumor,train
Tr-no_1379.jpg,No Tumor/Tr-no_1379.jpg,No Tumor,train
Tr-no_1380.jpg,No Tumor/Tr-no_1380.jpg,No Tumor,train
Tr-no_1381.jpg,No Tumor/Tr-no_1381.jpg,No Tumor,train
Tr-no_1382.jpg,No Tumor/Tr-no_1382.jpg,No Tumor,train
Tr-no_1383.jpg,No Tumor/Tr-no_1383.jpg,No Tumor,train
Tr-no_1386.jpg,No Tumor/Tr-no_1386.jpg,No Tumor,train
Tr-no_1387.jpg,No Tumor/Tr-no_1387.jpg,No Tumor,train
Tr-no_1390.jpg,No Tumor/Tr-no_1390.jpg,No Tumor,train
Tr-no_1391.jpg,No Tumor/Tr-no_1391.jpg,No Tumor,train
Tr-no_1392.jpg,No Tumor/Tr-no_1392.jpg,No Tumor,train
Tr-no_1393.jpg,No Tumor/Tr-no_1393.jpg,No Tumor,train
Tr-no_1395.jpg,No Tumor/Tr-no_1395.jpg,No Tumor,train
Tr-no_1396.jpg,No Tumor/Tr-no_1396.jpg,No Tumor,train
Tr-no_1397.jpg,No Tumor/Tr-no_1397.jpg,No Tumor,train
Tr-no_1398.jpg,No Tumor/Tr-no_1398.jpg,No Tumor,train
Tr-no_1399.jpg,No Tumor/Tr-no_1399.jpg,No Tumor,train
Tr-no_1400.jpg,No Tumor/Tr-no_1400.jpg,No Tumor,train
Tr-no_1402.jpg,No Tumor/Tr-no_1402.jpg,No Tumor,train
Tr-no_1403.jpg,No Tumor/Tr-no_1403.jpg,No Tumor,train
Tr-no_1405.jpg,No Tumor/Tr-no_1405.jpg,No Tumor,train
Tr-no_1407.jpg,No Tumor/Tr-no_1407.jpg,No Tumor,train
Tr-no_1409.jpg,No Tumor/Tr-no_1409.jpg,No Tumor,train
Tr-no_1413.jpg,No Tumor/Tr-no_1413.jpg,No Tumor,train
Tr-no_1414.jpg,No Tumor/Tr-no_1414.jpg,No Tumor,train
Tr-no_1415.jpg,No Tumor/Tr-no_1415.jpg,No Tumor,train
Tr-no_1417.jpg,No Tumor/Tr-no_1417.jpg,No Tumor,train
Tr-no_1421.jpg,No Tumor/Tr-no_1421.jpg,No Tumor,train
Tr-no_1423.jpg,No Tumor/Tr-no_1423.jpg,No Tumor,train
Tr-no_1425.jpg,No Tumor/Tr-no_1425.jpg,No Tumor,train
Tr-no_1426.jpg,No Tumor/Tr-no_1426.jpg,No Tumor,train
Tr-no_1427.jpg,No Tumor/Tr-no_1427.jpg,No Tumor,train
Tr-no_1429.jpg,No Tumor/Tr-no_1429.jpg,No Tumor,train
Tr-no_1430.jpg,No Tumor/Tr-no_1430.jpg,No Tumor,train
Tr-no_1432.jpg,No Tumor/Tr-no_1432.jpg,No Tumor,train
Tr-no_1434.jpg,No Tumor/Tr-no_1434.jpg,No Tumor,train
Tr-no_1437.jpg,No Tumor/Tr-no_1437.jpg,No Tumor,train
Tr-no_1438.jpg,No Tumor/Tr-no_1438.jpg,No Tumor,train
Tr-no_1439.jpg,No Tumor/Tr-no_1439.jpg,No Tumor,train
Tr-no_1441.jpg,No Tumor/Tr-no_1441.jpg,No Tumor,train
Tr-no_1442.jpg,No Tumor/Tr-no_1442.jpg,No Tumor,train
Tr-no_1443.jpg,No Tumor/Tr-no_1443.jpg,No Tumor,train
Tr-no_1444.jpg,No Tumor/Tr-no_1444.jpg,No Tumor,train
Tr-no_1445.jpg,No Tumor/Tr-no_1445.jpg,No Tumor,train
Tr-no_1446.jpg,No Tumor/Tr-no_1446.jpg,No Tumor,train
Tr-no_1448.jpg,No Tumor/Tr-no_1448.jpg,No Tumor,train
Tr-no_1449.jpg,No Tumor/Tr-no_1449.jpg,No Tumor,train
Tr-no_1450.jpg,No Tumor/Tr-no_1450.jpg,No Tumor,train
Tr-no_1451.jpg,No Tumor/Tr-no_1451.jpg,No Tumor,train
Tr-no_1453.jpg,No Tumor/Tr-no_1453.jpg,No Tumor,train
Tr-no_1454.jpg,No Tumor/Tr-no_1454.jpg,No Tumor,train
Tr-no_1455.jpg,No Tumor/Tr-no_1455.jpg,No Tumor,train
Tr-no_1456.jpg,No Tumor/Tr-no_1456.jpg,No Tumor,train
Tr-no_1457.jpg,No Tumor/Tr-no_1457.jpg,No Tumor,train
Tr-no_1458.jpg,No Tumor/Tr-no_1458.jpg,No Tumor,train
Tr-no_1460.jpg,No Tumor/Tr-no_1460.jpg,No Tumor,train
Tr-no_1461.jpg,No Tumor/Tr-no_1461.jpg,No Tumor,train
Tr-no_1462.jpg,No Tumor/Tr-no_1462.jpg,No Tumor,train
Tr-no_1464.jpg,No Tumor/Tr-no_1464.jpg,No Tumor,train
Tr-no_1465.jpg,No Tumor/Tr-no_1465.jpg,No Tumor,train
Tr-no_1466.jpg,No Tumor/Tr-no_1466.jpg,No Tumor,train
Tr-no_1467.jpg,No Tumor/Tr-no_1467.jpg,No Tumor,train
Tr-no_1468.jpg,No Tumor/Tr-no_1468.jpg,No Tumor,train
Tr-no_1469.jpg,No Tumor/Tr-no_1469.jpg,No Tumor,train
Tr-no_1470.jpg,No Tumor/Tr-no_1470.jpg,No Tumor,train
Tr-no_1471.jpg,No Tumor/Tr-no_1471.jpg,No Tumor,train
Tr-no_1472.jpg,No Tumor/Tr-no_1472.jpg,No Tumor,train
Tr-no_1473.jpg,No Tumor/Tr-no_1473.jpg,No Tumor,train
Tr-no_1474.jpg,No Tumor/Tr-no_1474.jpg,No Tumor,train
Tr-no_1476.jpg,No Tumor/Tr-no_1476.jpg,No Tumor,train
Tr-no_1477.jpg,No Tumor/Tr-no_1477.jpg,No Tumor,train
Tr-no_1478.jpg,No Tumor/Tr-no_1478.jpg,No Tumor,train
Tr-no_1479.jpg,No Tumor/Tr-no_1479.jpg,No Tumor,train
Tr-no_1480.jpg,No Tumor/Tr-no_1480.jpg,No Tumor,train
Tr-no_1481.jpg,No Tumor/Tr-no_1481.jpg,No Tumor,train
Tr-no_1482.jpg,No Tumor/Tr-no_1482.jpg,No Tumor,train
Tr-no_1485.jpg,No Tumor/Tr-no_1485.jpg,No Tumor,train
Tr-no_1486.jpg,No Tumor/Tr-no_1486.jpg,No Tumor,train
Tr-no_1487.jpg,No Tumor/Tr-no_1487.jpg,No Tumor,train
Tr-no_1489.jpg,No Tumor/Tr-no_1489.jpg,No Tumor,train
Tr-no_1490.jpg,No Tumor/Tr-no_1490.jpg,No Tumor,train
Tr-no_1491.jpg,No Tumor/Tr-no_1491.jpg,No Tumor,train
Tr-no_1492.jpg,No Tumor/Tr-no_1492.jpg,No Tumor,train
Tr-no_1494.jpg,No Tumor/Tr-no_1494.jpg,No Tumor,train
Tr-no_1495.jpg,No Tumor/Tr-no_1495.jpg,No Tumor,train
Tr-no_1496.jpg,No Tumor/Tr-no_1496.jpg,No Tumor,train
Tr-no_1497.jpg,No Tumor/Tr-no_1497.jpg,No Tumor,train
Tr-no_1498.jpg,No Tumor/Tr-no_1498.jpg,No Tumor,train
Tr-no_1499.jpg,No Tumor/Tr-no_1499.jpg,No Tumor,train
Tr-no_1500.jpg,No Tumor/Tr-no_1500.jpg,No Tumor,train
Tr-no_1501.jpg,No Tumor/Tr-no_1501.jpg,No Tumor,train
Tr-no_1502.jpg,No Tumor/Tr-no_1502.jpg,No Tumor,train
Tr-no_1503.jpg,No Tumor/Tr-no_1503.jpg,No Tumor,train
Tr-no_1504.jpg,No Tumor/Tr-no_1504.jpg,No Tumor,train
Tr-no_1505.jpg,No Tumor/Tr-no_1505.jpg,No Tumor,train
Tr-no_1506.jpg,No Tumor/Tr-no_1506.jpg,No Tumor,train
Tr-no_1507.jpg,No Tumor/Tr-no_1507.jpg,No Tumor,train
Tr-no_1508.jpg,No Tumor/Tr-no_1508.jpg,No Tumor,train
Tr-no_1509.jpg,No Tumor/Tr-no_1509.jpg,No Tumor,train
Tr-no_1510.jpg,No Tumor/Tr-no_1510.jpg,No Tumor,train
Tr-no_1511.jpg,No Tumor/Tr-no_1511.jpg,No Tumor,train
Tr-no_1513.jpg,No Tumor/Tr-no_1513.jpg,No Tumor,train
Tr-no_1514.jpg,No Tumor/Tr-no_1514.jpg,No Tumor,train
Tr-no_1516.jpg,No Tumor/Tr-no_1516.jpg,No Tumor,train
Tr-no_1517.jpg,No Tumor/Tr-no_1517.jpg,No Tumor,train
Tr-no_1518.jpg,No Tumor/Tr-no_1518.jpg,No Tumor,train
Tr-no_1519.jpg,No Tumor/Tr-no_1519.jpg,No Tumor,train
Tr-no_1520.jpg,No Tumor/Tr-no_1520.jpg,No Tumor,train
Tr-no_1521.jpg,No Tumor/Tr-no_1521.jpg,No Tumor,train
Tr-no_1522.jpg,No Tumor/Tr-no_1522.jpg,No Tumor,train
Tr-no_1523.jpg,No Tumor/Tr-no_1523.jpg,No Tumor,train
Tr-no_1524.jpg,No Tumor/Tr-no_1524.jpg,No Tumor,train
Tr-no_1525.jpg,No Tumor/Tr-no_1525.jpg,No Tumor,train
Tr-no_1526.jpg,No Tumor/Tr-no_1526.jpg,No Tumor,train
Tr-no_1528.jpg,No Tumor/Tr-no_1528.jpg,No Tumor,train
Tr-no_1529.jpg,No Tumor/Tr-no_1529.jpg,No Tumor,train
Tr-no_1530.jpg,No Tumor/Tr-no_1530.jpg,No Tumor,train
Tr-no_1532.jpg,No Tumor/Tr-no_1532.jpg,No Tumor,train
Tr-no_1534.jpg,No Tumor/Tr-no_1534.jpg,No Tumor,train
Tr-no_1537.jpg,No Tumor/Tr-no_1537.jpg,No Tumor,train
Tr-no_1538.jpg,No Tumor/Tr-no_1538.jpg,No Tumor,train
Tr-no_1539.jpg,No Tumor/Tr-no_1539.jpg,No Tumor,train
Tr-no_1540.jpg,No Tumor/Tr-no_1540.jpg,No Tumor,train
Tr-no_1544.jpg,No Tumor/Tr-no_1544.jpg,No Tumor,train
Tr-no_1545.jpg,No Tumor/Tr-no_1545.jpg,No Tumor,train
Tr-no_1546.jpg,No Tumor/Tr-no_1546.jpg,No Tumor,train
Tr-no_1547.jpg,No Tumor/Tr-no_1547.jpg,No Tumor,train
Tr-no_1551.jpg,No Tumor/Tr-no_1551.jpg,No Tumor,train
Tr-no_1552.jpg,No Tumor/Tr-no_1552.jpg,No Tumor,train
Tr-no_1554.jpg,No Tumor/Tr-no_1554.jpg,No Tumor,train
Tr-no_1555.jpg,No Tumor/Tr-no_1555.jpg,No Tumor,train
Tr-no_1556.jpg,No Tumor/Tr-no_1556.jpg,No Tumor,train
Tr-no_1557.jpg,No Tumor/Tr-no_1557.jpg,No Tumor,train
Tr-no_1560.jpg,No Tumor/Tr-no_1560.jpg,No Tumor,train
Tr-no_1561.jpg,No Tumor/Tr-no_1561.jpg,No Tumor,train
Tr-no_1563.jpg,No Tumor/Tr-no_1563.jpg,No Tumor,train
Tr-no_1564.jpg,No Tumor/Tr-no_1564.jpg,No Tumor,train
Tr-no_1570.jpg,No Tumor/Tr-no_1570.jpg,No Tumor,train
Tr-no_1571.jpg,No Tumor/Tr-no_1571.jpg,No Tumor,train
Tr-no_1572.jpg,No Tumor/Tr-no_1572.jpg,No Tumor,train
Tr-no_1574.jpg,No Tumor/Tr-no_1574.jpg,No Tumor,train
Tr-no_1576.jpg,No Tumor/Tr-no_1576.jpg,No Tumor,train
Tr-no_1579.jpg,No Tumor/Tr-no_1579.jpg,No Tumor,train
Tr-no_1580.jpg,No Tumor/Tr-no_1580.jpg,No Tumor,train
Tr-no_1582.jpg,No Tumor/Tr-no_1582.jpg,No Tumor,train
Tr-no_1583.jpg,No Tumor/Tr-no_1583.jpg,No Tumor,train
Tr-no_1584.jpg,No Tumor/Tr-no_1584.jpg,No Tumor,train
Tr-no_1586.jpg,No Tumor/Tr-no_1586.jpg,No Tumor,train
Tr-no_1588.jpg,No Tumor/Tr-no_1588.jpg,No Tumor,train
Tr-no_1590.jpg,No Tumor/Tr-no_1590.jpg,No Tumor,train
Tr-no_1591.jpg,No Tumor/Tr-no_1591.jpg,No Tumor,train
Tr-no_1592.jpg,No Tumor/Tr-no_1592.jpg,No Tumor,train
Tr-no_1594.jpg,No Tumor/Tr-no_1594.jpg,No Tumor,train
tumor_00000.png,Tumor/tumor_00000.png,Tumor,train
tumor_00002.png,Tumor/tumor_00002.png,Tumor,train
tumor_00003.png,Tumor/tumor_00003.png,Tumor,train
tumor_00005.png,Tumor/tumor_00005.png,Tumor,train
tumor_00008.png,Tumor/tumor_00008.png,Tumor,train
tumor_00009.png,Tumor/tumor_00009.png,Tumor,train
tumor_00011.png,Tumor/tumor_00011.png,Tumor,train
tumor_00012.png,Tumor/tumor_00012.png,Tumor,train
tumor_00013.png,Tumor/tumor_00013.png,Tumor,train
tumor_00014.png,Tumor/tumor_00014.png,Tumor,train
tumor_00016.png,Tumor/tumor_00016.png,Tumor,train
tumor_00018.png,Tumor/tumor_00018.png,Tumor,train
tumor_00020.png,Tumor/tumor_00020.png,Tumor,train
tumor_00021.png,Tumor/tumor_00021.png,Tumor,train
tumor_00022.png,Tumor/tumor_00022.png,Tumor,train
tumor_00026.png,Tumor/tumor_00026.png,Tumor,train
tumor_00027.png,Tumor/tumor_00027.png,Tumor,train
tumor_00031.png,Tumor/tumor_00031.png,Tumor,train
tumor_00033.png,Tumor/tumor_00033.png,Tumor,train
tumor_00034.png,Tumor/tumor_00034.png,Tumor,train
tumor_00036.png,Tumor/tumor_00036.png,Tumor,train
tumor_00037.png,Tumor/tumor_00037.png,Tumor,train
tumor_00038.png,Tumor/tumor_00038.png,Tumor,train
tumor_00040.png,Tumor/tumor_00040.png,Tumor,train
tumor_00042.png,Tumor/tumor_00042.png,Tumor,train
tumor_00044.png,Tumor/tumor_00044.png,Tumor,train
tumor_00045.png,Tumor/tumor_00045.png,Tumor,train
tumor_00048.png,Tumor/tumor_00048.png,Tumor,train
tumor_00051.png,Tumor/tumor_00051.png,Tumor,train
tumor_00052.png,Tumor/tumor_00052.png,Tumor,train
tumor_00053.png,Tumor/tumor_00053.png,Tumor,train
tumor_00056.png,Tumor/tumor_00056.png,Tumor,train
tumor_00057.png,Tumor/tumor_00057.png,Tumor,train
tumor_00059.png,Tumor/tumor_00059.png,Tumor,train
tumor_00065.png,Tumor/tumor_00065.png,Tumor,train
tumor_00066.png,Tumor/tumor_00066.png,Tumor,train
tumor_00068.png,Tumor/tumor_00068.png,Tumor,train
tumor_00069.png,Tumor/tumor_00069.png,Tumor,train
tumor_00070.png,Tumor/tumor_00070.png,Tumor,train
tumor_00072.png,Tumor/tumor_00072.png,Tumor,train
tumor_00076.png,Tumor/tumor_00076.png,Tumor,train
tumor_00078.png,Tumor/tumor_00078.png,Tumor,train
tumor_00079.png,Tumor/tumor_00079.png,Tumor,train
tumor_00080.png,Tumor/tumor_00080.png,Tumor,train
tumor_00081.png,Tumor/tumor_00081.png,Tumor,train
tumor_00083.png,Tumor/tumor_00083.png,Tumor,train
tumor_00087.png,Tumor/tumor_00087.png,Tumor,train
tumor_00090.png,Tumor/tumor_00090.png,Tumor,train
tumor_00091.png,Tumor/tumor_00091.png,Tumor,train
tumor_00095.png,Tumor/tumor_00095.png,Tumor,train
tumor_00096.png,Tumor/tumor_00096.png,Tumor,train
tumor_00097.png,Tumor/tumor_00097.png,Tumor,train
tumor_00104.png,Tumor/tumor_00104.png,Tumor,train
tumor_00106.png,Tumor/tumor_00106.png,Tumor,train
tumor_00108.png,Tumor/tumor_00108.png,Tumor,train
tumor_00109.png,Tumor/tumor_00109.png,Tumor,train
tumor_00110.png,Tumor/tumor_00110.png,Tumor,train
tumor_00112.png,Tumor/tumor_00112.png,Tumor,train
tumor_00113.png,Tumor/tumor_00113.png,Tumor,train
tumor_00117.png,Tumor/tumor_00117.png,Tumor,train
tumor_00119.png,Tumor/tumor_00119.png,Tumor,train
tumor_00122.png,Tumor/tumor_00122.png,Tumor,train
tumor_00125.png,Tumor/tumor_00125.png,Tumor,train
tumor_00126.png,Tumor/tumor_00126.png,Tumor,train
tumor_00129.png,Tumor/tumor_00129.png,Tumor,train
tumor_00136.png,Tumor/tumor_00136.png,Tumor,train
tumor_00137.png,Tumor/tumor_00137.png,Tumor,train
tumor_00141.png,Tumor/tumor_00141.png,Tumor,train
tumor_00145.png,Tumor/tumor_00145.png,Tumor,train
tumor_00146.png,Tumor/tumor_00146.png,Tumor,train
tumor_00147.png,Tumor/tumor_00147.png,Tumor,train
tumor_00153.png,Tumor/tumor_00153.png,Tumor,train
tumor_00155.png,Tumor/tumor_00155.png,Tumor,train
tumor_00157.png,Tumor/tumor_00157.png,Tumor,train
tumor_00158.png,Tumor/tumor_00158.png,Tumor,train
tumor_00165.png,Tumor/tumor_00165.png,Tumor,train
tumor_00166.png,Tumor/tumor_00166.png,Tumor,train
tumor_00167.png,Tumor/tumor_00167.png,Tumor,train
tumor_00168.png,Tumor/tumor_00168.png,Tumor,train
tumor_00170.png,Tumor/tumor_00170.png,Tumor,train
tumor_00171.png,Tumor/tumor_00171.png,Tumor,train
tumor_00172.png,Tumor/tumor_00172.png,Tumor,train
tumor_00176.png,Tumor/tumor_00176.png,Tumor,train
tumor_00178.png,Tumor/tumor_00178.png,Tumor,train
tumor_00180.png,Tumor/tumor_00180.png,Tumor,train
tumor_00185.png,Tumor/tumor_00185.png,Tumor,train
tumor_00186.png,Tumor/tumor_00186.png,Tumor,train
tumor_00188.png,Tumor/tumor_00188.png,Tumor,train
tumor_00189.png,Tumor/tumor_00189.png,Tumor,train
tumor_00191.png,Tumor/tumor_00191.png,Tumor,train
tumor_00192.png,Tumor/tumor_00192.png,Tumor,train
tumor_00193.png,Tumor/tumor_00193.png,Tumor,train
tumor_00194.png,Tumor/tumor_00194.png,Tumor,train
tumor_00201.png,Tumor/tumor_00201.png,Tumor,train
tumor_00202.png,Tumor/tumor_00202.png,Tumor,train
tumor_00205.png,Tumor/tumor_00205.png,Tumor,train
tumor_00208.png,Tumor/tumor_00208.png,Tumor,train
tumor_00209.png,Tumor/tumor_00209.png,Tumor,train
tumor_00213.png,Tumor/tumor_00213.png,Tumor,train
tumor_00215.png,Tumor/tumor_00215.png,Tumor,train
tumor_00217.png,Tumor/tumor_00217.png,Tumor,train
tumor_00219.png,Tumor/tumor_00219.png,Tumor,train
tumor_00220.png,Tumor/tumor_00220.png,Tumor,train
tumor_00221.png,Tumor/tumor_00221.png,Tumor,train
tumor_00222.png,Tumor/tumor_00222.png,Tumor,train
tumor_00225.png,Tumor/tumor_00225.png,Tumor,train
tumor_00227.png,Tumor/tumor_00227.png,Tumor,train
tumor_00228.png,Tumor/tumor_00228.png,Tumor,train
tumor_00234.png,Tumor/tumor_00234.png,Tumor,train
tumor_00236.png,Tumor/tumor_00236.png,Tumor,train
tumor_00238.png,Tumor/tumor_00238.png,Tumor,train
tumor_00239.png,Tumor/tumor_00239.png,Tumor,train
tumor_00241.png,Tumor/tumor_00241.png,Tumor,train
tumor_00243.png,Tumor/tumor_00243.png,Tumor,train
tumor_00247.png,Tumor/tumor_00247.png,Tumor,train
tumor_00250.png,Tumor/tumor_00250.png,Tumor,train
tumor_00253.png,Tumor/tumor_00253.png,Tumor,train
tumor_00255.png,Tumor/tumor_00255.png,Tumor,train
tumor_00257.png,Tumor/tumor_00257.png,Tumor,train
tumor_00258.png,Tumor/tumor_00258.png,Tumor,train
tumor_00260.png,Tumor/tumor_00260.png,Tumor,train
tumor_00261.png,Tumor/tumor_00261.png,Tumor,train
tumor_00262.png,Tumor/tumor_00262.png,Tumor,train
tumor_00263.png,Tumor/tumor_00263.png,Tumor,train
tumor_00264.png,Tumor/tumor_00264.png,Tumor,train
tumor_00267.png,Tumor/tumor_00267.png,Tumor,train
tumor_00268.png,Tumor/tumor_00268.png,Tumor,train
tumor_00273.png,Tumor/tumor_00273.png,Tumor,train
tumor_00275.png,Tumor/tumor_00275.png,Tumor,train
tumor_00278.png,Tumor/tumor_00278.png,Tumor,train
tumor_00279.png,Tumor/tumor_00279.png,Tumor,train
tumor_00282.png,Tumor/tumor_00282.png,Tumor,train
tumor_00283.png,Tumor/tumor_00283.png,Tumor,train
tumor_00285.png,Tumor/tumor_00285.png,Tumor,train
tumor_00286.png,Tumor/tumor_00286.png,Tumor,train
tumor_00287.png,Tumor/tumor_00287.png,Tumor,train
tumor_00289.png,Tumor/tumor_00289.png,Tumor,train
tumor_00291.png,Tumor/tumor_00291.png,Tumor,train
tumor_00292.png,Tumor/tumor_00292.png,Tumor,train
tumor_00293.png,Tumor/tumor_00293.png,Tumor,train
tumor_00295.png,Tumor/tumor_00295.png,Tumor,train
tumor_00296.png,Tumor/tumor_00296.png,Tumor,train
tumor_00297.png,Tumor/tumor_00297.png,Tumor,train
tumor_00302.png,Tumor/tumor_00302.png,Tumor,train
tumor_00304.png,Tumor/tumor_00304.png,Tumor,train
tumor_00305.png,Tumor/tumor_00305.png,Tumor,train
tumor_00306.png,Tumor/tumor_00306.png,Tumor,train
tumor_00307.png,Tumor/tumor_00307.png,Tumor,train
tumor_00309.png,Tumor/tumor_00309.png,Tumor,train
tumor_00312.png,Tumor/tumor_00312.png,Tumor,train
tumor_00313.png,Tumor/tumor_00313.png,Tumor,train
tumor_00314.png,Tumor/tumor_00314.png,Tumor,train
tumor_00315.png,Tumor/tumor_00315.png,Tumor,train
tumor_00316.png,Tumor/tumor_00316.png,Tumor,train
tumor_00319.png,Tumor/tumor_00319.png,Tumor,train
tumor_00321.png,Tumor/tumor_00321.png,Tumor,train
tumor_00324.png,Tumor/tumor_00324.png,Tumor,train
tumor_00325.png,Tumor/tumor_00325.png,Tumor,train
tumor_00328.png,Tumor/tumor_00328.png,Tumor,train
tumor_00331.png,Tumor/tumor_00331.png,Tumor,train
tumor_00332.png,Tumor/tumor_00332.png,Tumor,train
tumor_00334.png,Tumor/tumor_00334.png,Tumor,train
tumor_00335.png,Tumor/tumor_00335.png,Tumor,train
tumor_00336.png,Tumor/tumor_00336.png,Tumor,train
tumor_00339.png,Tumor/tumor_00339.png,Tumor,train
tumor_00342.png,Tumor/tumor_00342.png,Tumor,train
tumor_00346.png,Tumor/tumor_00346.png,Tumor,train
tumor_00347.png,Tumor/tumor_00347.png,Tumor,train
tumor_00348.png,Tumor/tumor_00348.png,Tumor,train
tumor_00350.png,Tumor/tumor_00350.png,Tumor,train
tumor_00351.png,Tumor/tumor_00351.png,Tumor,train
tumor_00354.png,Tumor/tumor_00354.png,Tumor,train
tumor_00356.png,Tumor/tumor_00356.png,Tumor,train
tumor_00357.png,Tumor/tumor_00357.png,Tumor,train
tumor_00358.png,Tumor/tumor_00358.png,Tumor,train
tumor_00359.png,Tumor/tumor_00359.png,Tumor,train
tumor_00360.png,Tumor/tumor_00360.png,Tumor,train
tumor_00362.png,Tumor/tumor_00362.png,Tumor,train
tumor_00364.png,Tumor/tumor_00364.png,Tumor,train
tumor_00365.png,Tumor/tumor_00365.png,Tumor,train
tumor_00366.png,Tumor/tumor_00366.png,Tumor,train
tumor_00367.png,Tumor/tumor_00367.png,Tumor,train
tumor_00371.png,Tumor/tumor_00371.png,Tumor,train
tumor_00375.png,Tumor/tumor_00375.png,Tumor,train
tumor_00376.png,Tumor/tumor_00376.png,Tumor,train
tumor_00379.png,Tumor/tumor_00379.png,Tumor,train
tumor_00383.png,Tumor/tumor_00383.png,Tumor,train
tumor_00386.png,Tumor/tumor_00386.png,Tumor,train
tumor_00387.png,Tumor/tumor_00387.png,Tumor,train
tumor_00389.png,Tumor/tumor_00389.png,Tumor,train
tumor_00394.png,Tumor/tumor_00394.png,Tumor,train
tumor_00398.png,Tumor/tumor_00398.png,Tumor,train
tumor_00399.png,Tumor/tumor_00399.png,Tumor,train
tumor_00400.png,Tumor/tumor_00400.png,Tumor,train
tumor_00401.png,Tumor/tumor_00401.png,Tumor,train
tumor_00402.png,Tumor/tumor_00402.png,Tumor,train
tumor_00412.png,Tumor/tumor_00412.png,Tumor,train
tumor_00416.png,Tumor/tumor_00416.png,Tumor,train
tumor_00418.png,Tumor/tumor_00418.png,Tumor,train
tumor_00423.png,Tumor/tumor_00423.png,Tumor,train
tumor_00427.png,Tumor/tumor_00427.png,Tumor,train
tumor_00430.png,Tumor/tumor_00430.png,Tumor,train
tumor_00434.png,Tumor/tumor_00434.png,Tumor,train
tumor_00436.png,Tumor/tumor_00436.png,Tumor,train
tumor_00437.png,Tumor/tumor_00437.png,Tumor,train
tumor_00443.png,Tumor/tumor_00443.png,Tumor,train
tumor_00446.png,Tumor/tumor_00446.png,Tumor,train
tumor_00447.png,Tumor/tumor_00447.png,Tumor,train
tumor_00448.png,Tumor/tumor_00448.png,Tumor,train
tumor_00449.png,Tumor/tumor_00449.png,Tumor,train
tumor_00450.png,Tumor/tumor_00450.png,Tumor,train
tumor_00452.png,Tumor/tumor_00452.png,Tumor,train
tumor_00455.png,Tumor/tumor_00455.png,Tumor,train
tumor_00457.png,Tumor/tumor_00457.png,Tumor,train
tumor_00460.png,Tumor/tumor_00460.png,Tumor,train
tumor_00461.png,Tumor/tumor_00461.png,Tumor,train
tumor_00462.png,Tumor/tumor_00462.png,Tumor,train
tumor_00465.png,Tumor/tumor_00465.png,Tumor,train
tumor_00467.png,Tumor/tumor_00467.png,Tumor,train
tumor_00468.png,Tumor/tumor_00468.png,Tumor,train
tumor_00473.png,Tumor/tumor_00473.png,Tumor,train
tumor_00474.png,Tumor/tumor_00474.png,Tumor,train
tumor_00475.png,Tumor/tumor_00475.png,Tumor,train
tumor_00476.png,Tumor/tumor_00476.png,Tumor,train
tumor_00477.png,Tumor/tumor_00477.png,Tumor,train
tumor_00479.png,Tumor/tumor_00479.png,Tumor,train
tumor_00484.png,Tumor/tumor_00484.png,Tumor,train
tumor_00486.png,Tumor/tumor_00486.png,Tumor,train
tumor_00489.png,Tumor/tumor_00489.png,Tumor,train
tumor_00491.png,Tumor/tumor_00491.png,Tumor,train
tumor_00492.png,Tumor/tumor_00492.png,Tumor,train
tumor_00497.png,Tumor/tumor_00497.png,Tumor,train
tumor_00498.png,Tumor/tumor_00498.png,Tumor,train
tumor_00499.png,Tumor/tumor_00499.png,Tumor,train
tumor_00500.png,Tumor/tumor_00500.png,Tumor,train
tumor_00502.png,Tumor/tumor_00502.png,Tumor,train
tumor_00503.png,Tumor/tumor_00503.png,Tumor,train
tumor_00505.png,Tumor/tumor_00505.png,Tumor,train
tumor_00508.png,Tumor/tumor_00508.png,Tumor,train
tumor_00509.png,Tumor/tumor_00509.png,Tumor,train
tumor_00511.png,Tumor/tumor_00511.png,Tumor,train
tumor_00514.png,Tumor/tumor_00514.png,Tumor,train
tumor_00515.png,Tumor/tumor_00515.png,Tumor,train
tumor_00517.png,Tumor/tumor_00517.png,Tumor,train
tumor_00526.png,Tumor/tumor_00526.png,Tumor,train
tumor_00528.png,Tumor/tumor_00528.png,Tumor,train
tumor_00532.png,Tumor/tumor_00532.png,Tumor,train
tumor_00534.png,Tumor/tumor_00534.png,Tumor,train
tumor_00536.png,Tumor/tumor_00536.png,Tumor,train
tumor_00541.png,Tumor/tumor_00541.png,Tumor,train
tumor_00542.png,Tumor/tumor_00542.png,Tumor,train
tumor_00543.png,Tumor/tumor_00543.png,Tumor,train
tumor_00544.png,Tumor/tumor_00544.png,Tumor,train
tumor_00546.png,Tumor/tumor_00546.png,Tumor,train
tumor_00549.png,Tumor/tumor_00549.png,Tumor,train
tumor_00550.png,Tumor/tumor_00550.png,Tumor,train
tumor_00551.png,Tumor/tumor_00551.png,Tumor,train
tumor_00552.png,Tumor/tumor_00552.png,Tumor,train
tumor_00554.png,Tumor/tumor_00554.png,Tumor,train
tumor_00555.png,Tumor/tumor_00555.png,Tumor,train
tumor_00560.png,Tumor/tumor_00560.png,Tumor,train
tumor_00561.png,Tumor/tumor_00561.png,Tumor,train
tumor_00562.png,Tumor/tumor_00562.png,Tumor,train
tumor_00563.png,Tumor/tumor_00563.png,Tumor,train
tumor_00564.png,Tumor/tumor_00564.png,Tumor,train
tumor_00566.png,Tumor/tumor_00566.png,Tumor,train
tumor_00569.png,Tumor/tumor_00569.png,Tumor,train
tumor_00576.png,Tumor/tumor_00576.png,Tumor,train
tumor_00577.png,Tumor/tumor_00577.png,Tumor,train
tumor_00580.png,Tumor/tumor_00580.png,Tumor,train
tumor_00581.png,Tumor/tumor_00581.png,Tumor,train
tumor_00583.png,Tumor/tumor_00583.png,Tumor,train
tumor_00589.png,Tumor/tumor_00589.png,Tumor,train
tumor_00591.png,Tumor/tumor_00591.png,Tumor,train
tumor_00593.png,Tumor/tumor_00593.png,Tumor,train
tumor_00596.png,Tumor/tumor_00596.png,Tumor,train
tumor_00598.png,Tumor/tumor_00598.png,Tumor,train
tumor_00602.png,Tumor/tumor_00602.png,Tumor,train
tumor_00603.png,Tumor/tumor_00603.png,Tumor,train
tumor_00604.png,Tumor/tumor_00604.png,Tumor,train
tumor_00606.png,Tumor/tumor_00606.png,Tumor,train
tumor_00608.png,Tumor/tumor_00608.png,Tumor,train
tumor_00609.png,Tumor/tumor_00609.png,Tumor,train
tumor_00611.png,Tumor/tumor_00611.png,Tumor,train
tumor_00619.png,Tumor/tumor_00619.png,Tumor,train
tumor_00622.png,Tumor/tumor_00622.png,Tumor,train
tumor_00626.png,Tumor/tumor_00626.png,Tumor,train
tumor_00630.png,Tumor/tumor_00630.png,Tumor,train
tumor_00632.png,Tumor/tumor_00632.png,Tumor,train
tumor_00634.png,Tumor/tumor_00634.png,Tumor,train
tumor_00635.png,Tumor/tumor_00635.png,Tumor,train
tumor_00636.png,Tumor/tumor_00636.png,Tumor,train
tumor_00639.png,Tumor/tumor_00639.png,Tumor,train
tumor_00640.png,Tumor/tumor_00640.png,Tumor,train
tumor_00643.png,Tumor/tumor_00643.png,Tumor,train
tumor_00649.png,Tumor/tumor_00649.png,Tumor,train
tumor_00650.png,Tumor/tumor_00650.png,Tumor,train
tumor_00652.png,Tumor/tumor_00652.png,Tumor,train
tumor_00654.png,Tumor/tumor_00654.png,Tumor,train
tumor_00655.png,Tumor/tumor_00655.png,Tumor,train
tumor_00656.png,Tumor/tumor_00656.png,Tumor,train
tumor_00659.png,Tumor/tumor_00659.png,Tumor,train
tumor_00662.png,Tumor/tumor_00662.png,Tumor,train
tumor_00663.png,Tumor/tumor_00663.png,Tumor,train
tumor_00665.png,Tumor/tumor_00665.png,Tumor,train
tumor_00666.png,Tumor/tumor_00666.png,Tumor,train
tumor_00667.png,Tumor/tumor_00667.png,Tumor,train
tumor_00671.png,Tumor/tumor_00671.png,Tumor,train
tumor_00676.png,Tumor/tumor_00676.png,Tumor,train
tumor_00678.png,Tumor/tumor_00678.png,Tumor,train
tumor_00679.png,Tumor/tumor_00679.png,Tumor,train
tumor_00682.png,Tumor/tumor_00682.png,Tumor,train
tumor_00683.png,Tumor/tumor_00683.png,Tumor,train
tumor_00684.png,Tumor/tumor_00684.png,Tumor,train
tumor_00685.png,Tumor/tumor_00685.png,Tumor,train
tumor_00686.png,Tumor/tumor_00686.png,Tumor,train
tumor_00687.png,Tumor/tumor_00687.png,Tumor,train
tumor_00688.png,Tumor/tumor_00688.png,Tumor,train
tumor_00689.png,Tumor/tumor_00689.png,Tumor,train
tumor_00690.png,Tumor/tumor_00690.png,Tumor,train
tumor_00692.png,Tumor/tumor_00692.png,Tumor,train
tumor_00693.png,Tumor/tumor_00693.png,Tumor,train
tumor_00695.png,Tumor/tumor_00695.png,Tumor,train
tumor_00696.png,Tumor/tumor_00696.png,Tumor,train
tumor_00699.png,Tumor/tumor_00699.png,Tumor,train
tumor_00700.png,Tumor/tumor_00700.png,Tumor,train
tumor_00703.png,Tumor/tumor_00703.png,Tumor,train
tumor_00705.png,Tumor/tumor_00705.png,Tumor,train
tumor_00706.png,Tumor/tumor_00706.png,Tumor,train
tumor_00707.png,Tumor/tumor_00707.png,Tumor,train
tumor_00709.png,Tumor/tumor_00709.png,Tumor,train
tumor_00712.png,Tumor/tumor_00712.png,Tumor,train
tumor_00714.png,Tumor/tumor_00714.png,Tumor,train
tumor_00715.png,Tumor/tumor_00715.png,Tumor,train
tumor_00720.png,Tumor/tumor_00720.png,Tumor,train
tumor_00721.png,Tumor/tumor_00721.png,Tumor,train
tumor_00723.png,Tumor/tumor_00723.png,Tumor,train
tumor_00724.png,Tumor/tumor_00724.png,Tumor,train
tumor_00725.png,Tumor/tumor_00725.png,Tumor,train
tumor_00726.png,Tumor/tumor_00726.png,Tumor,train
tumor_00729.png,Tumor/tumor_00729.png,Tumor,train
tumor_00730.png,Tumor/tumor_00730.png,Tumor,train
tumor_00731.png,Tumor/tumor_00731.png,Tumor,train
tumor_00733.png,Tumor/tumor_00733.png,Tumor,train
tumor_00734.png,Tumor/tumor_00734.png,Tumor,train
tumor_00735.png,Tumor/tumor_00735.png,Tumor,train
tumor_00737.png,Tumor/tumor_00737.png,Tumor,train
tumor_00742.png,Tumor/tumor_00742.png,Tumor,train
tumor_00743.png,Tumor/tumor_00743.png,Tumor,train
tumor_00745.png,Tumor/tumor_00745.png,Tumor,train
tumor_00749.png,Tumor/tumor_00749.png,Tumor,train
tumor_00752.png,Tumor/tumor_00752.png,Tumor,train
tumor_00754.png,Tumor/tumor_00754.png,Tumor,train
tumor_00760.png,Tumor/tumor_00760.png,Tumor,train
tumor_00763.png,Tumor/tumor_00763.png,Tumor,train
tumor_00764.png,Tumor/tumor_00764.png,Tumor,train
tumor_00765.png,Tumor/tumor_00765.png,Tumor,train
tumor_00768.png,Tumor/tumor_00768.png,Tumor,train
tumor_00772.png,Tumor/tumor_00772.png,Tumor,train
tumor_00773.png,Tumor/tumor_00773.png,Tumor,train
tumor_00774.png,Tumor/tumor_00774.png,Tumor,train
tumor_00776.png,Tumor/tumor_00776.png,Tumor,train
tumor_00777.png,Tumor/tumor_00777.png,Tumor,train
tumor_00783.png,Tumor/tumor_00783.png,Tumor,train
tumor_00784.png,Tumor/tumor_00784.png,Tumor,train
tumor_00788.png,Tumor/tumor_00788.png,Tumor,train
tumor_00793.png,Tumor/tumor_00793.png,Tumor,train
tumor_00794.png,Tumor/tumor_00794.png,Tumor,train
tumor_00795.png,Tumor/tumor_00795.png,Tumor,train
tumor_00796.png,Tumor/tumor_00796.png,Tumor,train
tumor_00799.png,Tumor/tumor_00799.png,Tumor,train
tumor_00802.png,Tumor/tumor_00802.png,Tumor,train
tumor_00805.png,Tumor/tumor_00805.png,Tumor,train
tumor_00806.png,Tumor/tumor_00806.png,Tumor,train
tumor_00807.png,Tumor/tumor_00807.png,Tumor,train
tumor_00808.png,Tumor/tumor_00808.png,Tumor,train
tumor_00809.png,Tumor/tumor_00809.png,Tumor,train
tumor_00810.png,Tumor/tumor_00810.png,Tumor,train
tumor_00811.png,Tumor/tumor_00811.png,Tumor,train
tumor_00812.png,Tumor/tumor_00812.png,Tumor,train
tumor_00815.png,Tumor/tumor_00815.png,Tumor,train
tumor_00816.png,Tumor/tumor_00816.png,Tumor,train
tumor_00817.png,Tumor/tumor_00817.png,Tumor,train
tumor_00819.png,Tumor/tumor_00819.png,Tumor,train
tumor_00820.png,Tumor/tumor_00820.png,Tumor,train
tumor_00823.png,Tumor/tumor_00823.png,Tumor,train
tumor_00825.png,Tumor/tumor_00825.png,Tumor,train
tumor_00826.png,Tumor/tumor_00826.png,Tumor,train
tumor_00829.png,Tumor/tumor_00829.png,Tumor,train
tumor_00837.png,Tumor/tumor_00837.png,Tumor,train
tumor_00838.png,Tumor/tumor_00838.png,Tumor,train
tumor_00843.png,Tumor/tumor_00843.png,Tumor,train
tumor_00845.png,Tumor/tumor_00845.png,Tumor,train
tumor_00847.png,Tumor/tumor_00847.png,Tumor,train
tumor_00849.png,Tumor/tumor_00849.png,Tumor,train
tumor_00850.png,Tumor/tumor_00850.png,Tumor,train
tumor_00851.png,Tumor/tumor_00851.png,Tumor,train
tumor_00852.png,Tumor/tumor_00852.png,Tumor,train
tumor_00853.png,Tumor/tumor_00853.png,Tumor,train
tumor_00855.png,Tumor/tumor_00855.png,Tumor,train
tumor_00856.png,Tumor/tumor_00856.png,Tumor,train
tumor_00857.png,Tumor/tumor_00857.png,Tumor,train
tumor_00860.png,Tumor/tumor_00860.png,Tumor,train
tumor_00862.png,Tumor/tumor_00862.png,Tumor,train
tumor_00864.png,Tumor/tumor_00864.png,Tumor,train
tumor_00865.png,Tumor/tumor_00865.png,Tumor,train
tumor_00866.png,Tumor/tumor_00866.png,Tumor,train
tumor_00867.png,Tumor/tumor_00867.png,Tumor,train
tumor_00868.png,Tumor/tumor_00868.png,Tumor,train
tumor_00870.png,Tumor/tumor_00870.png,Tumor,train
tumor_00873.png,Tumor/tumor_00873.png,Tumor,train
tumor_00875.png,Tumor/tumor_00875.png,Tumor,train
tumor_00878.png,Tumor/tumor_00878.png,Tumor,train
tumor_00881.png,Tumor/tumor_00881.png,Tumor,train
tumor_00882.png,Tumor/tumor_00882.png,Tumor,train
tumor_00884.png,Tumor/tumor_00884.png,Tumor,train
tumor_00885.png,Tumor/tumor_00885.png,Tumor,train
tumor_00886.png,Tumor/tumor_00886.png,Tumor,train
tumor_00887.png,Tumor/tumor_00887.png,Tumor,train
tumor_00889.png,Tumor/tumor_00889.png,Tumor,train
tumor_00890.png,Tumor/tumor_00890.png,Tumor,train
tumor_00893.png,Tumor/tumor_00893.png,Tumor,train
tumor_00894.png,Tumor/tumor_00894.png,Tumor,train
tumor_00895.png,Tumor/tumor_00895.png,Tumor,train
tumor_00896.png,Tumor/tumor_00896.png,Tumor,train
tumor_00898.png,Tumor/tumor_00898.png,Tumor,train
tumor_00901.png,Tumor/tumor_00901.png,Tumor,train
tumor_00905.png,Tumor/tumor_00905.png,Tumor,train
tumor_00907.png,Tumor/tumor_00907.png,Tumor,train
tumor_00908.png,Tumor/tumor_00908.png,Tumor,train
tumor_00909.png,Tumor/tumor_00909.png,Tumor,train
tumor_00917.png,Tumor/tumor_00917.png,Tumor,train
tumor_00918.png,Tumor/tumor_00918.png,Tumor,train
tumor_00920.png,Tumor/tumor_00920.png,Tumor,train
tumor_00923.png,Tumor/tumor_00923.png,Tumor,train
tumor_00924.png,Tumor/tumor_00924.png,Tumor,train
tumor_00925.png,Tumor/tumor_00925.png,Tumor,train
tumor_00930.png,Tumor/tumor_00930.png,Tumor,train
tumor_00931.png,Tumor/tumor_00931.png,Tumor,train
tumor_00936.png,Tumor/tumor_00936.png,Tumor,train
tumor_00941.png,Tumor/tumor_00941.png,Tumor,train
tumor_00942.png,Tumor/tumor_00942.png,Tumor,train
tumor_00949.png,Tumor/tumor_00949.png,Tumor,train
tumor_00951.png,Tumor/tumor_00951.png,Tumor,train
tumor_00953.png,Tumor/tumor_00953.png,Tumor,train
tumor_00954.png,Tumor/tumor_00954.png,Tumor,train
tumor_00957.png,Tumor/tumor_00957.png,Tumor,train
tumor_00958.png,Tumor/tumor_00958.png,Tumor,train
tumor_00961.png,Tumor/tumor_00961.png,Tumor,train
tumor_00964.png,Tumor/tumor_00964.png,Tumor,train
tumor_00971.png,Tumor/tumor_00971.png,Tumor,train
tumor_00973.png,Tumor/tumor_00973.png,Tumor,train
tumor_00975.png,Tumor/tumor_00975.png,Tumor,train
tumor_00976.png,Tumor/tumor_00976.png,Tumor,train
tumor_00977.png,Tumor/tumor_00977.png,Tumor,train
tumor_00978.png,Tumor/tumor_00978.png,Tumor,train
tumor_00982.png,Tumor/tumor_00982.png,Tumor,train
tumor_00989.png,Tumor/tumor_00989.png,Tumor,train
tumor_00991.png,Tumor/tumor_00991.png,Tumor,train
tumor_00994.png,Tumor/tumor_00994.png,Tumor,train
tumor_00997.png,Tumor/tumor_00997.png,Tumor,train
tumor_01001.png,Tumor/tumor_01001.png,Tumor,train
tumor_01002.png,Tumor/tumor_01002.png,Tumor,train
tumor_01007.png,Tumor/tumor_01007.png,Tumor,train
tumor_01008.png,Tumor/tumor_01008.png,Tumor,train
tumor_01011.png,Tumor/tumor_01011.png,Tumor,train
tumor_01012.png,Tumor/tumor_01012.png,Tumor,train
tumor_01016.png,Tumor/tumor_01016.png,Tumor,train
tumor_01017.png,Tumor/tumor_01017.png,Tumor,train
tumor_01018.png,Tumor/tumor_01018.png,Tumor,train
tumor_01019.png,Tumor/tumor_01019.png,Tumor,train
tumor_01022.png,Tumor/tumor_01022.png,Tumor,train
tumor_01023.png,Tumor/tumor_01023.png,Tumor,train
tumor_01024.png,Tumor/tumor_01024.png,Tumor,train
tumor_01025.png,Tumor/tumor_01025.png,Tumor,train
tumor_01030.png,Tumor/tumor_01030.png,Tumor,train
tumor_01031.png,Tumor/tumor_01031.png,Tumor,train
tumor_01032.png,Tumor/tumor_01032.png,Tumor,train
tumor_01033.png,Tumor/tumor_01033.png,Tumor,train
tumor_01036.png,Tumor/tumor_01036.png,Tumor,train
tumor_01037.png,Tumor/tumor_01037.png,Tumor,train
tumor_01042.png,Tumor/tumor_01042.png,Tumor,train
tumor_01044.png,Tumor/tumor_01044.png,Tumor,train
tumor_01046.png,Tumor/tumor_01046.png,Tumor,train
tumor_01047.png,Tumor/tumor_01047.png,Tumor,train
tumor_01048.png,Tumor/tumor_01048.png,Tumor,train
tumor_01049.png,Tumor/tumor_01049.png,Tumor,train
tumor_01054.png,Tumor/tumor_01054.png,Tumor,train
tumor_01055.png,Tumor/tumor_01055.png,Tumor,train
tumor_01057.png,Tumor/tumor_01057.png,Tumor,train
tumor_01063.png,Tumor/tumor_01063.png,Tumor,train
tumor_01066.png,Tumor/tumor_01066.png,Tumor,train
tumor_01067.png,Tumor/tumor_01067.png,Tumor,train
tumor_01068.png,Tumor/tumor_01068.png,Tumor,train
tumor_01069.png,Tumor/tumor_01069.png,Tumor,train
tumor_01072.png,Tumor/tumor_01072.png,Tumor,train
tumor_01073.png,Tumor/tumor_01073.png,Tumor,train
tumor_01075.png,Tumor/tumor_01075.png,Tumor,train
tumor_01083.png,Tumor/tumor_01083.png,Tumor,train
tumor_01084.png,Tumor/tumor_01084.png,Tumor,train
tumor_01086.png,Tumor/tumor_01086.png,Tumor,train
tumor_01087.png,Tumor/tumor_01087.png,Tumor,train
tumor_01090.png,Tumor/tumor_01090.png,Tumor,train
tumor_01091.png,Tumor/tumor_01091.png,Tumor,train
tumor_01095.png,Tumor/tumor_01095.png,Tumor,train
tumor_01096.png,Tumor/tumor_01096.png,Tumor,train
tumor_01097.png,Tumor/tumor_01097.png,Tumor,train
tumor_01099.png,Tumor/tumor_01099.png,Tumor,train
tumor_01104.png,Tumor/tumor_01104.png,Tumor,train
tumor_01106.png,Tumor/tumor_01106.png,Tumor,train
tumor_01109.png,Tumor/tumor_01109.png,Tumor,train
tumor_01110.png,Tumor/tumor_01110.png,Tumor,train
tumor_01111.png,Tumor/tumor_01111.png,Tumor,train
tumor_01114.png,Tumor/tumor_01114.png,Tumor,train
tumor_01115.png,Tumor/tumor_01115.png,Tumor,train
tumor_01119.png,Tumor/tumor_01119.png,Tumor,train
tumor_01125.png,Tumor/tumor_01125.png,Tumor,train
tumor_01127.png,Tumor/tumor_01127.png,Tumor,train
tumor_01128.png,Tumor/tumor_01128.png,Tumor,train
tumor_01130.png,Tumor/tumor_01130.png,Tumor,train
tumor_01132.png,Tumor/tumor_01132.png,Tumor,train
tumor_01140.png,Tumor/tumor_01140.png,Tumor,train
tumor_01145.png,Tumor/tumor_01145.png,Tumor,train
tumor_01146.png,Tumor/tumor_01146.png,Tumor,train
tumor_01147.png,Tumor/tumor_01147.png,Tumor,train
tumor_01166.png,Tumor/tumor_01166.png,Tumor,train
tumor_01168.png,Tumor/tumor_01168.png,Tumor,train
tumor_01171.png,Tumor/tumor_01171.png,Tumor,train
tumor_01174.png,Tumor/tumor_01174.png,Tumor,train
tumor_01175.png,Tumor/tumor_01175.png,Tumor,train
tumor_01177.png,Tumor/tumor_01177.png,Tumor,train
tumor_01178.png,Tumor/tumor_01178.png,Tumor,train
tumor_01180.png,Tumor/tumor_01180.png,Tumor,train
tumor_01181.png,Tumor/tumor_01181.png,Tumor,train
tumor_01183.png,Tumor/tumor_01183.png,Tumor,train
tumor_01184.png,Tumor/tumor_01184.png,Tumor,train
tumor_01187.png,Tumor/tumor_01187.png,Tumor,train
tumor_01188.png,Tumor/tumor_01188.png,Tumor,train
tumor_01189.png,Tumor/tumor_01189.png,Tumor,train
tumor_01190.png,Tumor/tumor_01190.png,Tumor,train
tumor_01192.png,Tumor/tumor_01192.png,Tumor,train
tumor_01193.png,Tumor/tumor_01193.png,Tumor,train
tumor_01197.png,Tumor/tumor_01197.png,Tumor,train
tumor_01198.png,Tumor/tumor_01198.png,Tumor,train
tumor_01199.png,Tumor/tumor_01199.png,Tumor,train
tumor_01200.png,Tumor/tumor_01200.png,Tumor,train
tumor_01201.png,Tumor/tumor_01201.png,Tumor,train
tumor_01205.png,Tumor/tumor_01205.png,Tumor,train
tumor_01207.png,Tumor/tumor_01207.png,Tumor,train
tumor_01208.png,Tumor/tumor_01208.png,Tumor,train
tumor_01212.png,Tumor/tumor_01212.png,Tumor,train
tumor_01213.png,Tumor/tumor_01213.png,Tumor,train
tumor_01217.png,Tumor/tumor_01217.png,Tumor,train
tumor_01218.png,Tumor/tumor_01218.png,Tumor,train
tumor_01219.png,Tumor/tumor_01219.png,Tumor,train
tumor_01220.png,Tumor/tumor_01220.png,Tumor,train
tumor_01221.png,Tumor/tumor_01221.png,Tumor,train
tumor_01222.png,Tumor/tumor_01222.png,Tumor,train
tumor_01224.png,Tumor/tumor_01224.png,Tumor,train
tumor_01227.png,Tumor/tumor_01227.png,Tumor,train
tumor_01228.png,Tumor/tumor_01228.png,Tumor,train
tumor_01229.png,Tumor/tumor_01229.png,Tumor,train
tumor_01236.png,Tumor/tumor_01236.png,Tumor,train
tumor_01237.png,Tumor/tumor_01237.png,Tumor,train
tumor_01239.png,Tumor/tumor_01239.png,Tumor,train
tumor_01242.png,Tumor/tumor_01242.png,Tumor,train
tumor_01243.png,Tumor/tumor_01243.png,Tumor,train
tumor_01244.png,Tumor/tumor_01244.png,Tumor,train
tumor_01245.png,Tumor/tumor_01245.png,Tumor,train
tumor_01246.png,Tumor/tumor_01246.png,Tumor,train
tumor_01251.png,Tumor/tumor_01251.png,Tumor,train
tumor_01253.png,Tumor/tumor_01253.png,Tumor,train
tumor_01257.png,Tumor/tumor_01257.png,Tumor,train
tumor_01259.png,Tumor/tumor_01259.png,Tumor,train
tumor_01260.png,Tumor/tumor_01260.png,Tumor,train
tumor_01264.png,Tumor/tumor_01264.png,Tumor,train
tumor_01265.png,Tumor/tumor_01265.png,Tumor,train
tumor_01266.png,Tumor/tumor_01266.png,Tumor,train
tumor_01267.png,Tumor/tumor_01267.png,Tumor,train
tumor_01268.png,Tumor/tumor_01268.png,Tumor,train
tumor_01271.png,Tumor/tumor_01271.png,Tumor,train
tumor_01272.png,Tumor/tumor_01272.png,Tumor,train
tumor_01273.png,Tumor/tumor_01273.png,Tumor,train
tumor_01274.png,Tumor/tumor_01274.png,Tumor,train
tumor_01275.png,Tumor/tumor_01275.png,Tumor,train
tumor_01276.png,Tumor/tumor_01276.png,Tumor,train
tumor_01280.png,Tumor/tumor_01280.png,Tumor,train
tumor_01286.png,Tumor/tumor_01286.png,Tumor,train
tumor_01287.png,Tumor/tumor_01287.png,Tumor,train
tumor_01288.png,Tumor/tumor_01288.png,Tumor,train
tumor_01292.png,Tumor/tumor_01292.png,Tumor,train
tumor_01293.png,Tumor/tumor_01293.png,Tumor,train
tumor_01294.png,Tumor/tumor_01294.png,Tumor,train
tumor_01296.png,Tumor/tumor_01296.png,Tumor,train
tumor_01297.png,Tumor/tumor_01297.png,Tumor,train
tumor_01300.png,Tumor/tumor_01300.png,Tumor,train
tumor_01302.png,Tumor/tumor_01302.png,Tumor,train
tumor_01303.png,Tumor/tumor_01303.png,Tumor,train
tumor_01307.png,Tumor/tumor_01307.png,Tumor,train
tumor_01309.png,Tumor/tumor_01309.png,Tumor,train
tumor_01310.png,Tumor/tumor_01310.png,Tumor,train
tumor_01311.png,Tumor/tumor_01311.png,Tumor,train
tumor_01314.png,Tumor/tumor_01314.png,Tumor,train
tumor_01315.png,Tumor/tumor_01315.png,Tumor,train
tumor_01316.png,Tumor/tumor_01316.png,Tumor,train
tumor_01319.png,Tumor/tumor_01319.png,Tumor,train
tumor_01320.png,Tumor/tumor_01320.png,Tumor,train
tumor_01324.png,Tumor/tumor_01324.png,Tumor,train
tumor_01327.png,Tumor/tumor_01327.png,Tumor,train
tumor_01328.png,Tumor/tumor_01328.png,Tumor,train
tumor_01330.png,Tumor/tumor_01330.png,Tumor,train
tumor_01331.png,Tumor/tumor_01331.png,Tumor,train
tumor_01332.png,Tumor/tumor_01332.png,Tumor,train
tumor_01334.png,Tumor/tumor_01334.png,Tumor,train
tumor_01335.png,Tumor/tumor_01335.png,Tumor,train
tumor_01338.png,Tumor/tumor_01338.png,Tumor,train
tumor_01340.png,Tumor/tumor_01340.png,Tumor,train
tumor_01349.png,Tumor/tumor_01349.png,Tumor,train
tumor_01350.png,Tumor/tumor_01350.png,Tumor,train
tumor_01352.png,Tumor/tumor_01352.png,Tumor,train
tumor_01354.png,Tumor/tumor_01354.png,Tumor,train
tumor_01355.png,Tumor/tumor_01355.png,Tumor,train
tumor_01356.png,Tumor/tumor_01356.png,Tumor,train
tumor_01358.png,Tumor/tumor_01358.png,Tumor,train
tumor_01359.png,Tumor/tumor_01359.png,Tumor,train
tumor_01361.png,Tumor/tumor_01361.png,Tumor,train
tumor_01363.png,Tumor/tumor_01363.png,Tumor,train
tumor_01364.png,Tumor/tumor_01364.png,Tumor,train
tumor_01369.png,Tumor/tumor_01369.png,Tumor,train
tumor_01370.png,Tumor/tumor_01370.png,Tumor,train
tumor_01375.png,Tumor/tumor_01375.png,Tumor,train
tumor_01376.png,Tumor/tumor_01376.png,Tumor,train
tumor_01380.png,Tumor/tumor_01380.png,Tumor,train
tumor_01383.png,Tumor/tumor_01383.png,Tumor,train
tumor_01384.png,Tumor/tumor_01384.png,Tumor,train
tumor_01385.png,Tumor/tumor_01385.png,Tumor,train
tumor_01386.png,Tumor/tumor_01386.png,Tumor,train
tumor_01389.png,Tumor/tumor_01389.png,Tumor,train
tumor_01391.png,Tumor/tumor_01391.png,Tumor,train
tumor_01396.png,Tumor/tumor_01396.png,Tumor,train
tumor_01398.png,Tumor/tumor_01398.png,Tumor,train
tumor_01399.png,Tumor/tumor_01399.png,Tumor,train
tumor_01400.png,Tumor/tumor_01400.png,Tumor,train
tumor_01401.png,Tumor/tumor_01401.png,Tumor,train
tumor_01406.png,Tumor/tumor_01406.png,Tumor,train
tumor_01407.png,Tumor/tumor_01407.png,Tumor,train
tumor_01409.png,Tumor/tumor_01409.png,Tumor,train
tumor_01410.png,Tumor/tumor_01410.png,Tumor,train
tumor_01414.png,Tumor/tumor_01414.png,Tumor,train
tumor_01416.png,Tumor/tumor_01416.png,Tumor,train
tumor_01417.png,Tumor/tumor_01417.png,Tumor,train
tumor_01418.png,Tumor/tumor_01418.png,Tumor,train
tumor_01419.png,Tumor/tumor_01419.png,Tumor,train
tumor_01421.png,Tumor/tumor_01421.png,Tumor,train
tumor_01427.png,Tumor/tumor_01427.png,Tumor,train
tumor_01431.png,Tumor/tumor_01431.png,Tumor,train
tumor_01432.png,Tumor/tumor_01432.png,Tumor,train
tumor_01434.png,Tumor/tumor_01434.png,Tumor,train
tumor_01437.png,Tumor/tumor_01437.png,Tumor,train
tumor_01439.png,Tumor/tumor_01439.png,Tumor,train
tumor_01440.png,Tumor/tumor_01440.png,Tumor,train
tumor_01441.png,Tumor/tumor_01441.png,Tumor,train
tumor_01442.png,Tumor/tumor_01442.png,Tumor,train
tumor_01444.png,Tumor/tumor_01444.png,Tumor,train
tumor_01446.png,Tumor/tumor_01446.png,Tumor,train
tumor_01447.png,Tumor/tumor_01447.png,Tumor,train
tumor_01449.png,Tumor/tumor_01449.png,Tumor,train
tumor_01450.png,Tumor/tumor_01450.png,Tumor,train
tumor_01457.png,Tumor/tumor_01457.png,Tumor,train
tumor_01458.png,Tumor/tumor_01458.png,Tumor,train
tumor_01459.png,Tumor/tumor_01459.png,Tumor,train
tumor_01460.png,Tumor/tumor_01460.png,Tumor,train
tumor_01468.png,Tumor/tumor_01468.png,Tumor,train
tumor_01470.png,Tumor/tumor_01470.png,Tumor,train
tumor_01471.png,Tumor/tumor_01471.png,Tumor,train
tumor_01474.png,Tumor/tumor_01474.png,Tumor,train
tumor_01479.png,Tumor/tumor_01479.png,Tumor,train
tumor_01482.png,Tumor/tumor_01482.png,Tumor,train
tumor_01483.png,Tumor/tumor_01483.png,Tumor,train
tumor_01486.png,Tumor/tumor_01486.png,Tumor,train
tumor_01487.png,Tumor/tumor_01487.png,Tumor,train
tumor_01488.png,Tumor/tumor_01488.png,Tumor,train
tumor_01491.png,Tumor/tumor_01491.png,Tumor,train
tumor_01492.png,Tumor/tumor_01492.png,Tumor,train
tumor_01495.png,Tumor/tumor_01495.png,Tumor,train
tumor_01496.png,Tumor/tumor_01496.png,Tumor,train
tumor_01500.png,Tumor/tumor_01500.png,Tumor,train
tumor_01502.png,Tumor/tumor_01502.png,Tumor,train
tumor_01504.png,Tumor/tumor_01504.png,Tumor,train
tumor_01506.png,Tumor/tumor_01506.png,Tumor,train
tumor_01508.png,Tumor/tumor_01508.png,Tumor,train
tumor_01510.png,Tumor/tumor_01510.png,Tumor,train
tumor_01513.png,Tumor/tumor_01513.png,Tumor,train
tumor_01514.png,Tumor/tumor_01514.png,Tumor,train
tumor_01515.png,Tumor/tumor_01515.png,Tumor,train
tumor_01516.png,Tumor/tumor_01516.png,Tumor,train
tumor_01519.png,Tumor/tumor_01519.png,Tumor,train
tumor_01521.png,Tumor/tumor_01521.png,Tumor,train
tumor_01523.png,Tumor/tumor_01523.png,Tumor,train
tumor_01525.png,Tumor/tumor_01525.png,Tumor,train
tumor_01528.png,Tumor/tumor_01528.png,Tumor,train
tumor_01532.png,Tumor/tumor_01532.png,Tumor,train
tumor_01534.png,Tumor/tumor_01534.png,Tumor,train
tumor_01535.png,Tumor/tumor_01535.png,Tumor,train
tumor_01540.png,Tumor/tumor_01540.png,Tumor,train
tumor_01541.png,Tumor/tumor_01541.png,Tumor,train
tumor_01542.png,Tumor/tumor_01542.png,Tumor,train
tumor_01546.png,Tumor/tumor_01546.png,Tumor,train
tumor_01550.png,Tumor/tumor_01550.png,Tumor,train
tumor_01551.png,Tumor/tumor_01551.png,Tumor,train
tumor_01553.png,Tumor/tumor_01553.png,Tumor,train
tumor_01563.png,Tumor/tumor_01563.png,Tumor,train
tumor_01564.png,Tumor/tumor_01564.png,Tumor,train
tumor_01567.png,Tumor/tumor_01567.png,Tumor,train
tumor_01569.png,Tumor/tumor_01569.png,Tumor,train
tumor_01570.png,Tumor/tumor_01570.png,Tumor,train
tumor_01573.png,Tumor/tumor_01573.png,Tumor,train
tumor_01575.png,Tumor/tumor_01575.png,Tumor,train
tumor_01582.png,Tumor/tumor_01582.png,Tumor,train
tumor_01583.png,Tumor/tumor_01583.png,Tumor,train
tumor_01587.png,Tumor/tumor_01587.png,Tumor,train
tumor_01592.png,Tumor/tumor_01592.png,Tumor,train
tumor_01593.png,Tumor/tumor_01593.png,Tumor,train
tumor_01594.png,Tumor/tumor_01594.png,Tumor,train
tumor_01595.png,Tumor/tumor_01595.png,Tumor,train
tumor_01597.png,Tumor/tumor_01597.png,Tumor,train
tumor_01599.png,Tumor/tumor_01599.png,Tumor,train
tumor_01602.png,Tumor/tumor_01602.png,Tumor,train
tumor_01603.png,Tumor/tumor_01603.png,Tumor,train
tumor_01604.png,Tumor/tumor_01604.png,Tumor,train
tumor_01607.png,Tumor/tumor_01607.png,Tumor,train
tumor_01609.png,Tumor/tumor_01609.png,Tumor,train
tumor_01612.png,Tumor/tumor_01612.png,Tumor,train
tumor_01622.png,Tumor/tumor_01622.png,Tumor,train
tumor_01625.png,Tumor/tumor_01625.png,Tumor,train
tumor_01627.png,Tumor/tumor_01627.png,Tumor,train
tumor_01628.png,Tumor/tumor_01628.png,Tumor,train
tumor_01629.png,Tumor/tumor_01629.png,Tumor,train
tumor_01630.png,Tumor/tumor_01630.png,Tumor,train
tumor_01633.png,Tumor/tumor_01633.png,Tumor,train
tumor_01635.png,Tumor/tumor_01635.png,Tumor,train
tumor_01638.png,Tumor/tumor_01638.png,Tumor,train
tumor_01639.png,Tumor/tumor_01639.png,Tumor,train
tumor_01644.png,Tumor/tumor_01644.png,Tumor,train
tumor_01645.png,Tumor/tumor_01645.png,Tumor,train
tumor_01646.png,Tumor/tumor_01646.png,Tumor,train
tumor_01647.png,Tumor/tumor_01647.png,Tumor,train
tumor_01650.png,Tumor/tumor_01650.png,Tumor,train
tumor_01654.png,Tumor/tumor_01654.png,Tumor,train
tumor_01656.png,Tumor/tumor_01656.png,Tumor,train
tumor_01657.png,Tumor/tumor_01657.png,Tumor,train
tumor_01658.png,Tumor/tumor_01658.png,Tumor,train
tumor_01660.png,Tumor/tumor_01660.png,Tumor,train
tumor_01661.png,Tumor/tumor_01661.png,Tumor,train
tumor_01666.png,Tumor/tumor_01666.png,Tumor,train
tumor_01667.png,Tumor/tumor_01667.png,Tumor,train
tumor_01670.png,Tumor/tumor_01670.png,Tumor,train
tumor_01671.png,Tumor/tumor_01671.png,Tumor,train
tumor_01674.png,Tumor/tumor_01674.png,Tumor,train
tumor_01677.png,Tumor/tumor_01677.png,Tumor,train
tumor_01678.png,Tumor/tumor_01678.png,Tumor,train
tumor_01679.png,Tumor/tumor_01679.png,Tumor,train
tumor_01680.png,Tumor/tumor_01680.png,Tumor,train
tumor_01682.png,Tumor/tumor_01682.png,Tumor,train
tumor_01683.png,Tumor/tumor_01683.png,Tumor,train
tumor_01684.png,Tumor/tumor_01684.png,Tumor,train
tumor_01685.png,Tumor/tumor_01685.png,Tumor,train
tumor_01688.png,Tumor/tumor_01688.png,Tumor,train
tumor_01689.png,Tumor/tumor_01689.png,Tumor,train
tumor_01692.png,Tumor/tumor_01692.png,Tumor,train
tumor_01696.png,Tumor/tumor_01696.png,Tumor,train
tumor_01698.png,Tumor/tumor_01698.png,Tumor,train
tumor_01699.png,Tumor/tumor_01699.png,Tumor,train
tumor_01704.png,Tumor/tumor_01704.png,Tumor,train
tumor_01707.png,Tumor/tumor_01707.png,Tumor,train
tumor_01710.png,Tumor/tumor_01710.png,Tumor,train
tumor_01711.png,Tumor/tumor_01711.png,Tumor,train
tumor_01713.png,Tumor/tumor_01713.png,Tumor,train
tumor_01714.png,Tumor/tumor_01714.png,Tumor,train
tumor_01715.png,Tumor/tumor_01715.png,Tumor,train
tumor_01717.png,Tumor/tumor_01717.png,Tumor,train
tumor_01723.png,Tumor/tumor_01723.png,Tumor,train
tumor_01724.png,Tumor/tumor_01724.png,Tumor,train
tumor_01725.png,Tumor/tumor_01725.png,Tumor,train
tumor_01728.png,Tumor/tumor_01728.png,Tumor,train
tumor_01729.png,Tumor/tumor_01729.png,Tumor,train
tumor_01730.png,Tumor/tumor_01730.png,Tumor,train
tumor_01731.png,Tumor/tumor_01731.png,Tumor,train
tumor_01732.png,Tumor/tumor_01732.png,Tumor,train
tumor_01734.png,Tumor/tumor_01734.png,Tumor,train
tumor_01735.png,Tumor/tumor_01735.png,Tumor,train
tumor_01739.png,Tumor/tumor_01739.png,Tumor,train
tumor_01741.png,Tumor/tumor_01741.png,Tumor,train
tumor_01742.png,Tumor/tumor_01742.png,Tumor,train
tumor_01743.png,Tumor/tumor_01743.png,Tumor,train
tumor_01744.png,Tumor/tumor_01744.png,Tumor,train
tumor_01746.png,Tumor/tumor_01746.png,Tumor,train
tumor_01748.png,Tumor/tumor_01748.png,Tumor,train
tumor_01752.png,Tumor/tumor_01752.png,Tumor,train
tumor_01754.png,Tumor/tumor_01754.png,Tumor,train
tumor_01755.png,Tumor/tumor_01755.png,Tumor,train
tumor_01757.png,Tumor/tumor_01757.png,Tumor,train
tumor_01758.png,Tumor/tumor_01758.png,Tumor,train
tumor_01759.png,Tumor/tumor_01759.png,Tumor,train
tumor_01760.png,Tumor/tumor_01760.png,Tumor,train
tumor_01763.png,Tumor/tumor_01763.png,Tumor,train
tumor_01766.png,Tumor/tumor_01766.png,Tumor,train
tumor_01767.png,Tumor/tumor_01767.png,Tumor,train
tumor_01768.png,Tumor/tumor_01768.png,Tumor,train
tumor_01769.png,Tumor/tumor_01769.png,Tumor,train
tumor_01772.png,Tumor/tumor_01772.png,Tumor,train
tumor_01776.png,Tumor/tumor_01776.png,Tumor,train
tumor_01780.png,Tumor/tumor_01780.png,Tumor,train
tumor_01781.png,Tumor/tumor_01781.png,Tumor,train
tumor_01783.png,Tumor/tumor_01783.png,Tumor,train
tumor_01785.png,Tumor/tumor_01785.png,Tumor,train
tumor_01786.png,Tumor/tumor_01786.png,Tumor,train
tumor_01788.png,Tumor/tumor_01788.png,Tumor,train
tumor_01794.png,Tumor/tumor_01794.png,Tumor,train
tumor_01796.png,Tumor/tumor_01796.png,Tumor,train
tumor_01797.png,Tumor/tumor_01797.png,Tumor,train
tumor_01798.png,Tumor/tumor_01798.png,Tumor,train
tumor_01803.png,Tumor/tumor_01803.png,Tumor,train
tumor_01806.png,Tumor/tumor_01806.png,Tumor,train
tumor_01807.png,Tumor/tumor_01807.png,Tumor,train
tumor_01810.png,Tumor/tumor_01810.png,Tumor,train
tumor_01812.png,Tumor/tumor_01812.png,Tumor,train
tumor_01813.png,Tumor/tumor_01813.png,Tumor,train
tumor_01814.png,Tumor/tumor_01814.png,Tumor,train
tumor_01815.png,Tumor/tumor_01815.png,Tumor,train
tumor_01816.png,Tumor/tumor_01816.png,Tumor,train
tumor_01817.png,Tumor/tumor_01817.png,Tumor,train
tumor_01819.png,Tumor/tumor_01819.png,Tumor,train
tumor_01824.png,Tumor/tumor_01824.png,Tumor,train
tumor_01826.png,Tumor/tumor_01826.png,Tumor,train
tumor_01828.png,Tumor/tumor_01828.png,Tumor,train
tumor_01831.png,Tumor/tumor_01831.png,Tumor,train
tumor_01833.png,Tumor/tumor_01833.png,Tumor,train
tumor_01834.png,Tumor/tumor_01834.png,Tumor,train
tumor_01837.png,Tumor/tumor_01837.png,Tumor,train
tumor_01846.png,Tumor/tumor_01846.png,Tumor,train
tumor_01847.png,Tumor/tumor_01847.png,Tumor,train
tumor_01851.png,Tumor/tumor_01851.png,Tumor,train
tumor_01852.png,Tumor/tumor_01852.png,Tumor,train
tumor_01853.png,Tumor/tumor_01853.png,Tumor,train
tumor_01855.png,Tumor/tumor_01855.png,Tumor,train
tumor_01857.png,Tumor/tumor_01857.png,Tumor,train
tumor_01859.png,Tumor/tumor_01859.png,Tumor,train
tumor_01864.png,Tumor/tumor_01864.png,Tumor,train
tumor_01866.png,Tumor/tumor_01866.png,Tumor,train
tumor_01867.png,Tumor/tumor_01867.png,Tumor,train
tumor_01870.png,Tumor/tumor_01870.png,Tumor,train
tumor_01871.png,Tumor/tumor_01871.png,Tumor,train
tumor_01872.png,Tumor/tumor_01872.png,Tumor,train
tumor_01873.png,Tumor/tumor_01873.png,Tumor,train
tumor_01874.png,Tumor/tumor_01874.png,Tumor,train
tumor_01875.png,Tumor/tumor_01875.png,Tumor,train
tumor_01879.png,Tumor/tumor_01879.png,Tumor,train
tumor_01881.png,Tumor/tumor_01881.png,Tumor,train
tumor_01883.png,Tumor/tumor_01883.png,Tumor,train
tumor_01884.png,Tumor/tumor_01884.png,Tumor,train
tumor_01886.png,Tumor/tumor_01886.png,Tumor,train
tumor_01890.png,Tumor/tumor_01890.png,Tumor,train
tumor_01893.png,Tumor/tumor_01893.png,Tumor,train
tumor_01894.png,Tumor/tumor_01894.png,Tumor,train
tumor_01895.png,Tumor/tumor_01895.png,Tumor,train
tumor_01898.png,Tumor/tumor_01898.png,Tumor,train
tumor_01902.png,Tumor/tumor_01902.png,Tumor,train
tumor_01909.png,Tumor/tumor_01909.png,Tumor,train
tumor_01912.png,Tumor/tumor_01912.png,Tumor,train
tumor_01914.png,Tumor/tumor_01914.png,Tumor,train
tumor_01919.png,Tumor/tumor_01919.png,Tumor,train
tumor_01922.png,Tumor/tumor_01922.png,Tumor,train
tumor_01924.png,Tumor/tumor_01924.png,Tumor,train
tumor_01926.png,Tumor/tumor_01926.png,Tumor,train
tumor_01927.png,Tumor/tumor_01927.png,Tumor,train
tumor_01928.png,Tumor/tumor_01928.png,Tumor,train
tumor_01932.png,Tumor/tumor_01932.png,Tumor,train
tumor_01933.png,Tumor/tumor_01933.png,Tumor,train
tumor_01935.png,Tumor/tumor_01935.png,Tumor,train
tumor_01937.png,Tumor/tumor_01937.png,Tumor,train
tumor_01938.png,Tumor/tumor_01938.png,Tumor,train
tumor_01941.png,Tumor/tumor_01941.png,Tumor,train
tumor_01943.png,Tumor/tumor_01943.png,Tumor,train
tumor_01946.png,Tumor/tumor_01946.png,Tumor,train
tumor_01947.png,Tumor/tumor_01947.png,Tumor,train
tumor_01948.png,Tumor/tumor_01948.png,Tumor,train
tumor_01951.png,Tumor/tumor_01951.png,Tumor,train
tumor_01953.png,Tumor/tumor_01953.png,Tumor,train
tumor_01955.png,Tumor/tumor_01955.png,Tumor,train
tumor_01956.png,Tumor/tumor_01956.png,Tumor,train
tumor_01957.png,Tumor/tumor_01957.png,Tumor,train
tumor_01958.png,Tumor/tumor_01958.png,Tumor,train
tumor_01966.png,Tumor/tumor_01966.png,Tumor,train
tumor_01969.png,Tumor/tumor_01969.png,Tumor,train
tumor_01971.png,Tumor/tumor_01971.png,Tumor,train
tumor_01973.png,Tumor/tumor_01973.png,Tumor,train
tumor_01975.png,Tumor/tumor_01975.png,Tumor,train
tumor_01978.png,Tumor/tumor_01978.png,Tumor,train
tumor_01980.png,Tumor/tumor_01980.png,Tumor,train
tumor_01981.png,Tumor/tumor_01981.png,Tumor,train
tumor_01987.png,Tumor/tumor_01987.png,Tumor,train
tumor_01996.png,Tumor/tumor_01996.png,Tumor,train
tumor_02004.png,Tumor/tumor_02004.png,Tumor,train
tumor_02005.png,Tumor/tumor_02005.png,Tumor,train
tumor_02007.png,Tumor/tumor_02007.png,Tumor,train
tumor_02010.png,Tumor/tumor_02010.png,Tumor,train
tumor_02012.png,Tumor/tumor_02012.png,Tumor,train
tumor_02014.png,Tumor/tumor_02014.png,Tumor,train
tumor_02016.png,Tumor/tumor_02016.png,Tumor,train
tumor_02017.png,Tumor/tumor_02017.png,Tumor,train
tumor_02019.png,Tumor/tumor_02019.png,Tumor,train
tumor_02021.png,Tumor/tumor_02021.png,Tumor,train
tumor_02023.png,Tumor/tumor_02023.png,Tumor,train
tumor_02025.png,Tumor/tumor_02025.png,Tumor,train
tumor_02028.png,Tumor/tumor_02028.png,Tumor,train
tumor_02029.png,Tumor/tumor_02029.png,Tumor,train
tumor_02030.png,Tumor/tumor_02030.png,Tumor,train
tumor_02031.png,Tumor/tumor_02031.png,Tumor,train
tumor_02032.png,Tumor/tumor_02032.png,Tumor,train
tumor_02034.png,Tumor/tumor_02034.png,Tumor,train
tumor_02038.png,Tumor/tumor_02038.png,Tumor,train
tumor_02041.png,Tumor/tumor_02041.png,Tumor,train
tumor_02043.png,Tumor/tumor_02043.png,Tumor,train
tumor_02046.png,Tumor/tumor_02046.png,Tumor,train
tumor_02052.png,Tumor/tumor_02052.png,Tumor,train
tumor_02053.png,Tumor/tumor_02053.png,Tumor,train
tumor_02056.png,Tumor/tumor_02056.png,Tumor,train
tumor_02058.png,Tumor/tumor_02058.png,Tumor,train
tumor_02059.png,Tumor/tumor_02059.png,Tumor,train
tumor_02061.png,Tumor/tumor_02061.png,Tumor,train
tumor_02062.png,Tumor/tumor_02062.png,Tumor,train
tumor_02064.png,Tumor/tumor_02064.png,Tumor,train
tumor_02065.png,Tumor/tumor_02065.png,Tumor,train
tumor_02066.png,Tumor/tumor_02066.png,Tumor,train
tumor_02071.png,Tumor/tumor_02071.png,Tumor,train
tumor_02072.png,Tumor/tumor_02072.png,Tumor,train
tumor_02074.png,Tumor/tumor_02074.png,Tumor,train
tumor_02075.png,Tumor/tumor_02075.png,Tumor,train
tumor_02077.png,Tumor/tumor_02077.png,Tumor,train
tumor_02079.png,Tumor/tumor_02079.png,Tumor,train
tumor_02083.png,Tumor/tumor_02083.png,Tumor,train
tumor_02084.png,Tumor/tumor_02084.png,Tumor,train
tumor_02090.png,Tumor/tumor_02090.png,Tumor,train
tumor_02091.png,Tumor/tumor_02091.png,Tumor,train
tumor_02092.png,Tumor/tumor_02092.png,Tumor,train
tumor_02097.png,Tumor/tumor_02097.png,Tumor,train
tumor_02099.png,Tumor/tumor_02099.png,Tumor,train
tumor_02102.png,Tumor/tumor_02102.png,Tumor,train
tumor_02106.png,Tumor/tumor_02106.png,Tumor,train
tumor_02108.png,Tumor/tumor_02108.png,Tumor,train
tumor_02110.png,Tumor/tumor_02110.png,Tumor,train
tumor_02111.png,Tumor/tumor_02111.png,Tumor,train
tumor_02118.png,Tumor/tumor_02118.png,Tumor,train
tumor_02120.png,Tumor/tumor_02120.png,Tumor,train
tumor_02121.png,Tumor/tumor_02121.png,Tumor,train
tumor_02124.png,Tumor/tumor_02124.png,Tumor,train
tumor_02133.png,Tumor/tumor_02133.png,Tumor,train
tumor_02135.png,Tumor/tumor_02135.png,Tumor,train
tumor_02137.png,Tumor/tumor_02137.png,Tumor,train
tumor_02138.png,Tumor/tumor_02138.png,Tumor,train
tumor_02139.png,Tumor/tumor_02139.png,Tumor,train
tumor_02140.png,Tumor/tumor_02140.png,Tumor,train
tumor_02142.png,Tumor/tumor_02142.png,Tumor,train
tumor_02144.png,Tumor/tumor_02144.png,Tumor,train
tumor_02145.png,Tumor/tumor_02145.png,Tumor,train
tumor_02147.png,Tumor/tumor_02147.png,Tumor,train
tumor_02148.png,Tumor/tumor_02148.png,Tumor,train
tumor_02150.png,Tumor/tumor_02150.png,Tumor,train
tumor_02156.png,Tumor/tumor_02156.png,Tumor,train
tumor_02158.png,Tumor/tumor_02158.png,Tumor,train
tumor_02160.png,Tumor/tumor_02160.png,Tumor,train
tumor_02161.png,Tumor/tumor_02161.png,Tumor,train
tumor_02164.png,Tumor/tumor_02164.png,Tumor,train
tumor_02165.png,Tumor/tumor_02165.png,Tumor,train
tumor_02166.png,Tumor/tumor_02166.png,Tumor,train
tumor_02169.png,Tumor/tumor_02169.png,Tumor,train
tumor_02170.png,Tumor/tumor_02170.png,Tumor,train
tumor_02173.png,Tumor/tumor_02173.png,Tumor,train
tumor_02176.png,Tumor/tumor_02176.png,Tumor,train
tumor_02178.png,Tumor/tumor_02178.png,Tumor,train
tumor_02179.png,Tumor/tumor_02179.png,Tumor,train
tumor_02180.png,Tumor/tumor_02180.png,Tumor,train
tumor_02184.png,Tumor/tumor_02184.png,Tumor,train
tumor_02185.png,Tumor/tumor_02185.png,Tumor,train
tumor_02188.png,Tumor/tumor_02188.png,Tumor,train
tumor_02192.png,Tumor/tumor_02192.png,Tumor,train
tumor_02194.png,Tumor/tumor_02194.png,Tumor,train
tumor_02195.png,Tumor/tumor_02195.png,Tumor,train
tumor_02196.png,Tumor/tumor_02196.png,Tumor,train
tumor_02200.png,Tumor/tumor_02200.png,Tumor,train
tumor_02201.png,Tumor/tumor_02201.png,Tumor,train
tumor_02204.png,Tumor/tumor_02204.png,Tumor,train
tumor_02205.png,Tumor/tumor_02205.png,Tumor,train
tumor_02210.png,Tumor/tumor_02210.png,Tumor,train
tumor_02214.png,Tumor/tumor_02214.png,Tumor,train
tumor_02215.png,Tumor/tumor_02215.png,Tumor,train
tumor_02217.png,Tumor/tumor_02217.png,Tumor,train
tumor_02219.png,Tumor/tumor_02219.png,Tumor,train
tumor_02220.png,Tumor/tumor_02220.png,Tumor,train
tumor_02226.png,Tumor/tumor_02226.png,Tumor,train
tumor_02229.png,Tumor/tumor_02229.png,Tumor,train
tumor_02230.png,Tumor/tumor_02230.png,Tumor,train
tumor_02233.png,Tumor/tumor_02233.png,Tumor,train
tumor_02235.png,Tumor/tumor_02235.png,Tumor,train
tumor_02239.png,Tumor/tumor_02239.png,Tumor,train
tumor_02242.png,Tumor/tumor_02242.png,Tumor,train
tumor_02243.png,Tumor/tumor_02243.png,Tumor,train
tumor_02245.png,Tumor/tumor_02245.png,Tumor,train
tumor_02249.png,Tumor/tumor_02249.png,Tumor,train
tumor_02257.png,Tumor/tumor_02257.png,Tumor,train
tumor_02258.png,Tumor/tumor_02258.png,Tumor,train
tumor_02264.png,Tumor/tumor_02264.png,Tumor,train
tumor_02266.png,Tumor/tumor_02266.png,Tumor,train
tumor_02267.png,Tumor/tumor_02267.png,Tumor,train
tumor_02270.png,Tumor/tumor_02270.png,Tumor,train
tumor_02271.png,Tumor/tumor_02271.png,Tumor,train
tumor_02273.png,Tumor/tumor_02273.png,Tumor,train
tumor_02274.png,Tumor/tumor_02274.png,Tumor,train
tumor_02275.png,Tumor/tumor_02275.png,Tumor,train
tumor_02277.png,Tumor/tumor_02277.png,Tumor,train
tumor_02278.png,Tumor/tumor_02278.png,Tumor,train
tumor_02280.png,Tumor/tumor_02280.png,Tumor,train
tumor_02286.png,Tumor/tumor_02286.png,Tumor,train
tumor_02287.png,Tumor/tumor_02287.png,Tumor,train
tumor_02288.png,Tumor/tumor_02288.png,Tumor,train
tumor_02289.png,Tumor/tumor_02289.png,Tumor,train
tumor_02290.png,Tumor/tumor_02290.png,Tumor,train
tumor_02291.png,Tumor/tumor_02291.png,Tumor,train
tumor_02292.png,Tumor/tumor_02292.png,Tumor,train
tumor_02293.png,Tumor/tumor_02293.png,Tumor,train
tumor_02295.png,Tumor/tumor_02295.png,Tumor,train
tumor_02298.png,Tumor/tumor_02298.png,Tumor,train
tumor_02299.png,Tumor/tumor_02299.png,Tumor,train
tumor_02306.png,Tumor/tumor_02306.png,Tumor,train
tumor_02311.png,Tumor/tumor_02311.png,Tumor,train
tumor_02314.png,Tumor/tumor_02314.png,Tumor,train
tumor_02315.png,Tumor/tumor_02315.png,Tumor,train
tumor_02316.png,Tumor/tumor_02316.png,Tumor,train
tumor_02318.png,Tumor/tumor_02318.png,Tumor,train
tumor_02319.png,Tumor/tumor_02319.png,Tumor,train
tumor_02321.png,Tumor/tumor_02321.png,Tumor,train
tumor_02322.png,Tumor/tumor_02322.png,Tumor,train
tumor_02324.png,Tumor/tumor_02324.png,Tumor,train
tumor_02326.png,Tumor/tumor_02326.png,Tumor,train
tumor_02327.png,Tumor/tumor_02327.png,Tumor,train
tumor_02328.png,Tumor/tumor_02328.png,Tumor,train
tumor_02330.png,Tumor/tumor_02330.png,Tumor,train
tumor_02331.png,Tumor/tumor_02331.png,Tumor,train
tumor_02332.png,Tumor/tumor_02332.png,Tumor,train
tumor_02334.png,Tumor/tumor_02334.png,Tumor,train
tumor_02338.png,Tumor/tumor_02338.png,Tumor,train
tumor_02339.png,Tumor/tumor_02339.png,Tumor,train
tumor_02340.png,Tumor/tumor_02340.png,Tumor,train
tumor_02341.png,Tumor/tumor_02341.png,Tumor,train
tumor_02343.png,Tumor/tumor_02343.png,Tumor,train
tumor_02344.png,Tumor/tumor_02344.png,Tumor,train
tumor_02346.png,Tumor/tumor_02346.png,Tumor,train
tumor_02349.png,Tumor/tumor_02349.png,Tumor,train
tumor_02350.png,Tumor/tumor_02350.png,Tumor,train
tumor_02358.png,Tumor/tumor_02358.png,Tumor,train
tumor_02359.png,Tumor/tumor_02359.png,Tumor,train
tumor_02360.png,Tumor/tumor_02360.png,Tumor,train
tumor_02361.png,Tumor/tumor_02361.png,Tumor,train
tumor_02363.png,Tumor/tumor_02363.png,Tumor,train
tumor_02365.png,Tumor/tumor_02365.png,Tumor,train
tumor_02366.png,Tumor/tumor_02366.png,Tumor,train
tumor_02367.png,Tumor/tumor_02367.png,Tumor,train
tumor_02368.png,Tumor/tumor_02368.png,Tumor,train
tumor_02370.png,Tumor/tumor_02370.png,Tumor,train
tumor_02371.png,Tumor/tumor_02371.png,Tumor,train
tumor_02374.png,Tumor/tumor_02374.png,Tumor,train
tumor_02377.png,Tumor/tumor_02377.png,Tumor,train
tumor_02378.png,Tumor/tumor_02378.png,Tumor,train
tumor_02379.png,Tumor/tumor_02379.png,Tumor,train
tumor_02380.png,Tumor/tumor_02380.png,Tumor,train
tumor_02381.png,Tumor/tumor_02381.png,Tumor,train
tumor_02383.png,Tumor/tumor_02383.png,Tumor,train
tumor_02386.png,Tumor/tumor_02386.png,Tumor,train
tumor_02387.png,Tumor/tumor_02387.png,Tumor,train
tumor_02388.png,Tumor/tumor_02388.png,Tumor,train
tumor_02389.png,Tumor/tumor_02389.png,Tumor,train
tumor_02393.png,Tumor/tumor_02393.png,Tumor,train
tumor_02394.png,Tumor/tumor_02394.png,Tumor,train
tumor_02395.png,Tumor/tumor_02395.png,Tumor,train
tumor_02397.png,Tumor/tumor_02397.png,Tumor,train
tumor_02399.png,Tumor/tumor_02399.png,Tumor,train
tumor_02400.png,Tumor/tumor_02400.png,Tumor,train
tumor_02401.png,Tumor/tumor_02401.png,Tumor,train
tumor_02404.png,Tumor/tumor_02404.png,Tumor,train
tumor_02407.png,Tumor/tumor_02407.png,Tumor,train
tumor_02408.png,Tumor/tumor_02408.png,Tumor,train
tumor_02410.png,Tumor/tumor_02410.png,Tumor,train
tumor_02411.png,Tumor/tumor_02411.png,Tumor,train
tumor_02414.png,Tumor/tumor_02414.png,Tumor,train
tumor_02418.png,Tumor/tumor_02418.png,Tumor,train
tumor_02419.png,Tumor/tumor_02419.png,Tumor,train
tumor_02421.png,Tumor/tumor_02421.png,Tumor,train
tumor_02423.png,Tumor/tumor_02423.png,Tumor,train
tumor_02425.png,Tumor/tumor_02425.png,Tumor,train
tumor_02426.png,Tumor/tumor_02426.png,Tumor,train
tumor_02428.png,Tumor/tumor_02428.png,Tumor,train
tumor_02434.png,Tumor/tumor_02434.png,Tumor,train
tumor_02435.png,Tumor/tumor_02435.png,Tumor,train
tumor_02439.png,Tumor/tumor_02439.png,Tumor,train
tumor_02446.png,Tumor/tumor_02446.png,Tumor,train
tumor_02447.png,Tumor/tumor_02447.png,Tumor,train
tumor_02448.png,Tumor/tumor_02448.png,Tumor,train
tumor_02450.png,Tumor/tumor_02450.png,Tumor,train
tumor_02454.png,Tumor/tumor_02454.png,Tumor,train
tumor_02455.png,Tumor/tumor_02455.png,Tumor,train
tumor_02456.png,Tumor/tumor_02456.png,Tumor,train
tumor_02458.png,Tumor/tumor_02458.png,Tumor,train
tumor_02461.png,Tumor/tumor_02461.png,Tumor,train
tumor_02463.png,Tumor/tumor_02463.png,Tumor,train
tumor_02465.png,Tumor/tumor_02465.png,Tumor,train
tumor_02466.png,Tumor/tumor_02466.png,Tumor,train
tumor_02468.png,Tumor/tumor_02468.png,Tumor,train
tumor_02470.png,Tumor/tumor_02470.png,Tumor,train
tumor_02472.png,Tumor/tumor_02472.png,Tumor,train
tumor_02474.png,Tumor/tumor_02474.png,Tumor,train
tumor_02475.png,Tumor/tumor_02475.png,Tumor,train
tumor_02477.png,Tumor/tumor_02477.png,Tumor,train
tumor_02478.png,Tumor/tumor_02478.png,Tumor,train
tumor_02480.png,Tumor/tumor_02480.png,Tumor,train
tumor_02483.png,Tumor/tumor_02483.png,Tumor,train
tumor_02485.png,Tumor/tumor_02485.png,Tumor,train
tumor_02491.png,Tumor/tumor_02491.png,Tumor,train
tumor_02492.png,Tumor/tumor_02492.png,Tumor,train
tumor_02496.png,Tumor/tumor_02496.png,Tumor,train
tumor_02499.png,Tumor/tumor_02499.png,Tumor,train
tumor_02501.png,Tumor/tumor_02501.png,Tumor,train
tumor_02505.png,Tumor/tumor_02505.png,Tumor,train
tumor_02506.png,Tumor/tumor_02506.png,Tumor,train
tumor_02507.png,Tumor/tumor_02507.png,Tumor,train
tumor_02508.png,Tumor/tumor_02508.png,Tumor,train
tumor_02512.png,Tumor/tumor_02512.png,Tumor,train
tumor_02513.png,Tumor/tumor_02513.png,Tumor,train
tumor_02515.png,Tumor/tumor_02515.png,Tumor,train
tumor_02516.png,Tumor/tumor_02516.png,Tumor,train
tumor_02517.png,Tumor/tumor_02517.png,Tumor,train
tumor_02519.png,Tumor/tumor_02519.png,Tumor,train
tumor_02520.png,Tumor/tumor_02520.png,Tumor,train
tumor_02522.png,Tumor/tumor_02522.png,Tumor,train
tumor_02523.png,Tumor/tumor_02523.png,Tumor,train
tumor_02524.png,Tumor/tumor_02524.png,Tumor,train
tumor_02525.png,Tumor/tumor_02525.png,Tumor,train
tumor_02527.png,Tumor/tumor_02527.png,Tumor,train
tumor_02529.png,Tumor/tumor_02529.png,Tumor,train
tumor_02531.png,Tumor/tumor_02531.png,Tumor,train
tumor_02533.png,Tumor/tumor_02533.png,Tumor,train
tumor_02534.png,Tumor/tumor_02534.png,Tumor,train
tumor_02535.png,Tumor/tumor_02535.png,Tumor,train
tumor_02539.png,Tumor/tumor_02539.png,Tumor,train
tumor_02543.png,Tumor/tumor_02543.png,Tumor,train
tumor_02545.png,Tumor/tumor_02545.png,Tumor,train
tumor_02546.png,Tumor/tumor_02546.png,Tumor,train
tumor_02547.png,Tumor/tumor_02547.png,Tumor,train
tumor_02548.png,Tumor/tumor_02548.png,Tumor,train
tumor_02549.png,Tumor/tumor_02549.png,Tumor,train
tumor_02550.png,Tumor/tumor_02550.png,Tumor,train
tumor_02552.png,Tumor/tumor_02552.png,Tumor,train
tumor_02553.png,Tumor/tumor_02553.png,Tumor,train
tumor_02557.png,Tumor/tumor_02557.png,Tumor,train
tumor_02559.png,Tumor/tumor_02559.png,Tumor,train
tumor_02560.png,Tumor/tumor_02560.png,Tumor,train
tumor_02565.png,Tumor/tumor_02565.png,Tumor,train
tumor_02568.png,Tumor/tumor_02568.png,Tumor,train
tumor_02571.png,Tumor/tumor_02571.png,Tumor,train
tumor_02573.png,Tumor/tumor_02573.png,Tumor,train
tumor_02574.png,Tumor/tumor_02574.png,Tumor,train
tumor_02575.png,Tumor/tumor_02575.png,Tumor,train
tumor_02576.png,Tumor/tumor_02576.png,Tumor,train
tumor_02577.png,Tumor/tumor_02577.png,Tumor,train
tumor_02578.png,Tumor/tumor_02578.png,Tumor,train
tumor_02579.png,Tumor/tumor_02579.png,Tumor,train
tumor_02580.png,Tumor/tumor_02580.png,Tumor,train
tumor_02581.png,Tumor/tumor_02581.png,Tumor,train
tumor_02582.png,Tumor/tumor_02582.png,Tumor,train
tumor_02588.png,Tumor/tumor_02588.png,Tumor,train
tumor_02593.png,Tumor/tumor_02593.png,Tumor,train
tumor_02594.png,Tumor/tumor_02594.png,Tumor,train
tumor_02595.png,Tumor/tumor_02595.png,Tumor,train
tumor_02597.png,Tumor/tumor_02597.png,Tumor,train
tumor_02598.png,Tumor/tumor_02598.png,Tumor,train
tumor_02599.png,Tumor/tumor_02599.png,Tumor,train
tumor_02600.png,Tumor/tumor_02600.png,Tumor,train
tumor_02608.png,Tumor/tumor_02608.png,Tumor,train
tumor_02610.png,Tumor/tumor_02610.png,Tumor,train
tumor_02614.png,Tumor/tumor_02614.png,Tumor,train
tumor_02615.png,Tumor/tumor_02615.png,Tumor,train
tumor_02619.png,Tumor/tumor_02619.png,Tumor,train
tumor_02621.png,Tumor/tumor_02621.png,Tumor,train
tumor_02622.png,Tumor/tumor_02622.png,Tumor,train
tumor_02627.png,Tumor/tumor_02627.png,Tumor,train
tumor_02629.png,Tumor/tumor_02629.png,Tumor,train
tumor_02630.png,Tumor/tumor_02630.png,Tumor,train
tumor_02634.png,Tumor/tumor_02634.png,Tumor,train
tumor_02636.png,Tumor/tumor_02636.png,Tumor,train
tumor_02637.png,Tumor/tumor_02637.png,Tumor,train
tumor_02639.png,Tumor/tumor_02639.png,Tumor,train
tumor_02640.png,Tumor/tumor_02640.png,Tumor,train
tumor_02642.png,Tumor/tumor_02642.png,Tumor,train
tumor_02643.png,Tumor/tumor_02643.png,Tumor,train
tumor_02645.png,Tumor/tumor_02645.png,Tumor,train
tumor_02647.png,Tumor/tumor_02647.png,Tumor,train
tumor_02653.png,Tumor/tumor_02653.png,Tumor,train
tumor_02655.png,Tumor/tumor_02655.png,Tumor,train
tumor_02656.png,Tumor/tumor_02656.png,Tumor,train
tumor_02661.png,Tumor/tumor_02661.png,Tumor,train
tumor_02662.png,Tumor/tumor_02662.png,Tumor,train
tumor_02665.png,Tumor/tumor_02665.png,Tumor,train
tumor_02667.png,Tumor/tumor_02667.png,Tumor,train
tumor_02670.png,Tumor/tumor_02670.png,Tumor,train
tumor_02674.png,Tumor/tumor_02674.png,Tumor,train
tumor_02676.png,Tumor/tumor_02676.png,Tumor,train
tumor_02677.png,Tumor/tumor_02677.png,Tumor,train
tumor_02678.png,Tumor/tumor_02678.png,Tumor,train
tumor_02679.png,Tumor/tumor_02679.png,Tumor,train
tumor_02681.png,Tumor/tumor_02681.png,Tumor,train
tumor_02682.png,Tumor/tumor_02682.png,Tumor,train
tumor_02685.png,Tumor/tumor_02685.png,Tumor,train
tumor_02686.png,Tumor/tumor_02686.png,Tumor,train
tumor_02690.png,Tumor/tumor_02690.png,Tumor,train
tumor_02693.png,Tumor/tumor_02693.png,Tumor,train
tumor_02695.png,Tumor/tumor_02695.png,Tumor,train
tumor_02697.png,Tumor/tumor_02697.png,Tumor,train
tumor_02698.png,Tumor/tumor_02698.png,Tumor,train
tumor_02699.png,Tumor/tumor_02699.png,Tumor,train
tumor_02700.png,Tumor/tumor_02700.png,Tumor,train
tumor_02703.png,Tumor/tumor_02703.png,Tumor,train
tumor_02704.png,Tumor/tumor_02704.png,Tumor,train
tumor_02707.png,Tumor/tumor_02707.png,Tumor,train
tumor_02708.png,Tumor/tumor_02708.png,Tumor,train
tumor_02711.png,Tumor/tumor_02711.png,Tumor,train
tumor_02712.png,Tumor/tumor_02712.png,Tumor,train
tumor_02716.png,Tumor/tumor_02716.png,Tumor,train
tumor_02717.png,Tumor/tumor_02717.png,Tumor,train
tumor_02718.png,Tumor/tumor_02718.png,Tumor,train
tumor_02719.png,Tumor/tumor_02719.png,Tumor,train
tumor_02722.png,Tumor/tumor_02722.png,Tumor,train
tumor_02726.png,Tumor/tumor_02726.png,Tumor,train
tumor_02729.png,Tumor/tumor_02729.png,Tumor,train
tumor_02730.png,Tumor/tumor_02730.png,Tumor,train
tumor_02733.png,Tumor/tumor_02733.png,Tumor,train
tumor_02734.png,Tumor/tumor_02734.png,Tumor,train
tumor_02737.png,Tumor/tumor_02737.png,Tumor,train
tumor_02740.png,Tumor/tumor_02740.png,Tumor,train
tumor_02745.png,Tumor/tumor_02745.png,Tumor,train
tumor_02748.png,Tumor/tumor_02748.png,Tumor,train
tumor_02750.png,Tumor/tumor_02750.png,Tumor,train
tumor_02752.png,Tumor/tumor_02752.png,Tumor,train
tumor_02753.png,Tumor/tumor_02753.png,Tumor,train
tumor_02755.png,Tumor/tumor_02755.png,Tumor,train
tumor_02756.png,Tumor/tumor_02756.png,Tumor,train
tumor_02759.png,Tumor/tumor_02759.png,Tumor,train
tumor_02760.png,Tumor/tumor_02760.png,Tumor,train
tumor_02761.png,Tumor/tumor_02761.png,Tumor,train
tumor_02762.png,Tumor/tumor_02762.png,Tumor,train
tumor_02763.png,Tumor/tumor_02763.png,Tumor,train
tumor_02764.png,Tumor/tumor_02764.png,Tumor,train
tumor_02766.png,Tumor/tumor_02766.png,Tumor,train
tumor_02769.png,Tumor/tumor_02769.png,Tumor,train
tumor_02770.png,Tumor/tumor_02770.png,Tumor,train
tumor_02771.png,Tumor/tumor_02771.png,Tumor,train
tumor_02777.png,Tumor/tumor_02777.png,Tumor,train
tumor_02780.png,Tumor/tumor_02780.png,Tumor,train
tumor_02781.png,Tumor/tumor_02781.png,Tumor,train
tumor_02784.png,Tumor/tumor_02784.png,Tumor,train
tumor_02787.png,Tumor/tumor_02787.png,Tumor,train
tumor_02788.png,Tumor/tumor_02788.png,Tumor,train
tumor_02789.png,Tumor/tumor_02789.png,Tumor,train
tumor_02791.png,Tumor/tumor_02791.png,Tumor,train
tumor_02798.png,Tumor/tumor_02798.png,Tumor,train
tumor_02800.png,Tumor/tumor_02800.png,Tumor,train
tumor_02801.png,Tumor/tumor_02801.png,Tumor,train
tumor_02806.png,Tumor/tumor_02806.png,Tumor,train
tumor_02809.png,Tumor/tumor_02809.png,Tumor,train
tumor_02810.png,Tumor/tumor_02810.png,Tumor,train
tumor_02813.png,Tumor/tumor_02813.png,Tumor,train
tumor_02814.png,Tumor/tumor_02814.png,Tumor,train
tumor_02816.png,Tumor/tumor_02816.png,Tumor,train
tumor_02817.png,Tumor/tumor_02817.png,Tumor,train
tumor_02818.png,Tumor/tumor_02818.png,Tumor,train
tumor_02819.png,Tumor/tumor_02819.png,Tumor,train
tumor_02821.png,Tumor/tumor_02821.png,Tumor,train
tumor_02824.png,Tumor/tumor_02824.png,Tumor,train
tumor_02825.png,Tumor/tumor_02825.png,Tumor,train
tumor_02826.png,Tumor/tumor_02826.png,Tumor,train
tumor_02827.png,Tumor/tumor_02827.png,Tumor,train
tumor_02828.png,Tumor/tumor_02828.png,Tumor,train
tumor_02831.png,Tumor/tumor_02831.png,Tumor,train
tumor_02832.png,Tumor/tumor_02832.png,Tumor,train
tumor_02835.png,Tumor/tumor_02835.png,Tumor,train
tumor_02837.png,Tumor/tumor_02837.png,Tumor,train
tumor_02840.png,Tumor/tumor_02840.png,Tumor,train
tumor_02841.png,Tumor/tumor_02841.png,Tumor,train
tumor_02843.png,Tumor/tumor_02843.png,Tumor,train
tumor_02846.png,Tumor/tumor_02846.png,Tumor,train
tumor_02847.png,Tumor/tumor_02847.png,Tumor,train
tumor_02849.png,Tumor/tumor_02849.png,Tumor,train
tumor_02851.png,Tumor/tumor_02851.png,Tumor,train
tumor_02854.png,Tumor/tumor_02854.png,Tumor,train
tumor_02859.png,Tumor/tumor_02859.png,Tumor,train
tumor_02863.png,Tumor/tumor_02863.png,Tumor,train
tumor_02864.png,Tumor/tumor_02864.png,Tumor,train
tumor_02869.png,Tumor/tumor_02869.png,Tumor,train
tumor_02870.png,Tumor/tumor_02870.png,Tumor,train
tumor_02872.png,Tumor/tumor_02872.png,Tumor,train
tumor_02879.png,Tumor/tumor_02879.png,Tumor,train
tumor_02880.png,Tumor/tumor_02880.png,Tumor,train
tumor_02881.png,Tumor/tumor_02881.png,Tumor,train
tumor_02883.png,Tumor/tumor_02883.png,Tumor,train
tumor_02884.png,Tumor/tumor_02884.png,Tumor,train
tumor_02885.png,Tumor/tumor_02885.png,Tumor,train
tumor_02887.png,Tumor/tumor_02887.png,Tumor,train
tumor_02889.png,Tumor/tumor_02889.png,Tumor,train
tumor_02895.png,Tumor/tumor_02895.png,Tumor,train
tumor_02896.png,Tumor/tumor_02896.png,Tumor,train
tumor_02897.png,Tumor/tumor_02897.png,Tumor,train
tumor_02899.png,Tumor/tumor_02899.png,Tumor,train
tumor_02900.png,Tumor/tumor_02900.png,Tumor,train
tumor_02902.png,Tumor/tumor_02902.png,Tumor,train
tumor_02906.png,Tumor/tumor_02906.png,Tumor,train
tumor_02907.png,Tumor/tumor_02907.png,Tumor,train
tumor_02908.png,Tumor/tumor_02908.png,Tumor,train
tumor_02910.png,Tumor/tumor_02910.png,Tumor,train
tumor_02911.png,Tumor/tumor_02911.png,Tumor,train
tumor_02912.png,Tumor/tumor_02912.png,Tumor,train
tumor_02915.png,Tumor/tumor_02915.png,Tumor,train
tumor_02918.png,Tumor/tumor_02918.png,Tumor,train
tumor_02920.png,Tumor/tumor_02920.png,Tumor,train
tumor_02922.png,Tumor/tumor_02922.png,Tumor,train
tumor_02923.png,Tumor/tumor_02923.png,Tumor,train
tumor_02924.png,Tumor/tumor_02924.png,Tumor,train
tumor_02930.png,Tumor/tumor_02930.png,Tumor,train
tumor_02931.png,Tumor/tumor_02931.png,Tumor,train
tumor_02932.png,Tumor/tumor_02932.png,Tumor,train
tumor_02934.png,Tumor/tumor_02934.png,Tumor,train
tumor_02935.png,Tumor/tumor_02935.png,Tumor,train
tumor_02936.png,Tumor/tumor_02936.png,Tumor,train
tumor_02937.png,Tumor/tumor_02937.png,Tumor,train
tumor_02938.png,Tumor/tumor_02938.png,Tumor,train
tumor_02939.png,Tumor/tumor_02939.png,Tumor,train
tumor_02940.png,Tumor/tumor_02940.png,Tumor,train
tumor_02941.png,Tumor/tumor_02941.png,Tumor,train
tumor_02942.png,Tumor/tumor_02942.png,Tumor,train
tumor_02944.png,Tumor/tumor_02944.png,Tumor,train
tumor_02955.png,Tumor/tumor_02955.png,Tumor,train
tumor_02956.png,Tumor/tumor_02956.png,Tumor,train
tumor_02958.png,Tumor/tumor_02958.png,Tumor,train
tumor_02959.png,Tumor/tumor_02959.png,Tumor,train
tumor_02962.png,Tumor/tumor_02962.png,Tumor,train
tumor_02964.png,Tumor/tumor_02964.png,Tumor,train
tumor_02966.png,Tumor/tumor_02966.png,Tumor,train
tumor_02968.png,Tumor/tumor_02968.png,Tumor,train
tumor_02969.png,Tumor/tumor_02969.png,Tumor,train
tumor_02970.png,Tumor/tumor_02970.png,Tumor,train
tumor_02971.png,Tumor/tumor_02971.png,Tumor,train
tumor_02972.png,Tumor/tumor_02972.png,Tumor,train
tumor_02974.png,Tumor/tumor_02974.png,Tumor,train
tumor_02978.png,Tumor/tumor_02978.png,Tumor,train
tumor_02980.png,Tumor/tumor_02980.png,Tumor,train
tumor_02981.png,Tumor/tumor_02981.png,Tumor,train
tumor_02982.png,Tumor/tumor_02982.png,Tumor,train
tumor_02984.png,Tumor/tumor_02984.png,Tumor,train
tumor_02985.png,Tumor/tumor_02985.png,Tumor,train
tumor_02986.png,Tumor/tumor_02986.png,Tumor,train
tumor_02988.png,Tumor/tumor_02988.png,Tumor,train
tumor_02990.png,Tumor/tumor_02990.png,Tumor,train
tumor_02992.png,Tumor/tumor_02992.png,Tumor,train
tumor_02997.png,Tumor/tumor_02997.png,Tumor,train
tumor_02998.png,Tumor/tumor_02998.png,Tumor,train
tumor_03000.png,Tumor/tumor_03000.png,Tumor,train
tumor_03001.png,Tumor/tumor_03001.png,Tumor,train
tumor_03004.png,Tumor/tumor_03004.png,Tumor,train
tumor_03006.png,Tumor/tumor_03006.png,Tumor,train
tumor_03010.png,Tumor/tumor_03010.png,Tumor,train
tumor_03013.png,Tumor/tumor_03013.png,Tumor,train
tumor_03014.png,Tumor/tumor_03014.png,Tumor,train
tumor_03016.png,Tumor/tumor_03016.png,Tumor,train
tumor_03017.png,Tumor/tumor_03017.png,Tumor,train
tumor_03018.png,Tumor/tumor_03018.png,Tumor,train
tumor_03020.png,Tumor/tumor_03020.png,Tumor,train
tumor_03021.png,Tumor/tumor_03021.png,Tumor,train
tumor_03023.png,Tumor/tumor_03023.png,Tumor,train
tumor_03026.png,Tumor/tumor_03026.png,Tumor,train
tumor_03030.png,Tumor/tumor_03030.png,Tumor,train
tumor_03033.png,Tumor/tumor_03033.png,Tumor,train
tumor_03034.png,Tumor/tumor_03034.png,Tumor,train
tumor_03035.png,Tumor/tumor_03035.png,Tumor,train
tumor_03043.png,Tumor/tumor_03043.png,Tumor,train
tumor_03045.png,Tumor/tumor_03045.png,Tumor,train
tumor_03049.png,Tumor/tumor_03049.png,Tumor,train
tumor_03051.png,Tumor/tumor_03051.png,Tumor,train
tumor_03052.png,Tumor/tumor_03052.png,Tumor,train
tumor_03053.png,Tumor/tumor_03053.png,Tumor,train
tumor_03058.png,Tumor/tumor_03058.png,Tumor,train
tumor_03061.png,Tumor/tumor_03061.png,Tumor,train
tumor_03062.png,Tumor/tumor_03062.png,Tumor,train
